customer_id,recency,frequency,monetary,ml_cluster,rfm_segment,r_score,f_score,m_score
CUST_00001,52,5,577.02,2,Potential Loyalists,5,2,2
CUST_00002,915,1,76.42,5,Hibernating,1,1,1
CUST_00003,493,1,202.39,1,Hibernating,2,1,1
CUST_00004,312,2,37.12,4,Need Attention,3,1,1
CUST_00005,10,36,11341.89,3,Champions,5,5,5
CUST_00006,135,5,403.84,4,Potential Loyalists,4,2,2
CUST_00007,655,2,325.35,5,Hibernating,1,1,2
CUST_00008,228,9,1504.88,4,Need Attention,3,3,3
CUST_00009,472,1,11.33,1,Hibernating,2,1,1
CUST_00010,70,7,677.52,2,Potential Loyalists,4,2,2
CUST_00011,673,9,1612.08,1,At Risk,1,3,3
CUST_00012,805,2,244.65,5,Hibernating,1,1,1
CUST_00013,24,13,1747.08,2,Champions,5,4,4
CUST_00014,485,7,751.75,1,Hibernating,2,2,2
CUST_00015,322,7,880.02,4,Need Attention,3,2,3
CUST_00016,199,2,289.4,4,New Customers,4,1,2
CUST_00017,93,2,110.91,4,New Customers,4,1,1
CUST_00018,394,9,1478.55,1,At Risk,2,3,3
CUST_00019,545,1,69.2,1,Hibernating,1,1,1
CUST_00020,286,8,925.24,4,Need Attention,3,3,3
CUST_00021,289,8,888.1899999999999,4,Need Attention,3,3,3
CUST_00022,51,9,1035.84,2,Potential Loyalists,5,3,3
CUST_00023,673,2,138.95999999999998,5,Hibernating,1,1,1
CUST_00024,2,18,6751.1,7,Champions,5,4,5
CUST_00025,510,2,300.3,1,Hibernating,2,1,2
CUST_00026,2,14,1562.55,2,Loyal Customers,5,4,3
CUST_00027,4,16,2304.1800000000003,2,Champions,5,4,4
CUST_00028,236,1,94.21,4,Need Attention,3,1,1
CUST_00029,43,11,1980.22,2,Champions,5,4,4
CUST_00030,543,6,1287.53,1,Hibernating,1,2,3
CUST_00031,351,6,442.25,4,Need Attention,3,2,2
CUST_00032,467,11,1407.58,1,Loyal Customers,2,4,3
CUST_00033,452,5,539.88,1,Hibernating,2,2,2
CUST_00034,556,5,987.37,1,Hibernating,1,2,3
CUST_00035,416,7,755.52,1,Hibernating,2,2,2
CUST_00036,209,2,152.05,4,New Customers,4,1,1
CUST_00037,416,5,441.26,1,Hibernating,2,2,2
CUST_00038,147,15,2520.02,6,Champions,4,4,4
CUST_00039,52,5,748.37,2,Potential Loyalists,5,2,2
CUST_00040,65,39,10557.28,3,Champions,4,5,5
CUST_00041,760,1,166.36,5,Hibernating,1,1,1
CUST_00042,14,12,2434.56,2,Champions,5,4,4
CUST_00043,4,35,10468.66,3,Champions,5,5,5
CUST_00044,462,2,118.85,1,Hibernating,2,1,1
CUST_00045,623,27,5854.0,0,Cannot Lose Them,1,5,5
CUST_00046,483,2,42.61,1,Hibernating,2,1,1
CUST_00047,121,7,853.51,2,Potential Loyalists,4,2,3
CUST_00048,73,8,1264.31,2,Potential Loyalists,4,3,3
CUST_00049,430,27,6829.53,0,Cannot Lose Them,2,5,5
CUST_00050,390,9,1751.55,1,Cannot Lose Them,2,3,4
CUST_00051,529,5,468.24,1,Hibernating,2,2,2
CUST_00052,478,32,7411.91,0,Cannot Lose Them,2,5,5
CUST_00053,179,1,7.6,4,New Customers,4,1,1
CUST_00054,339,1,14.88,4,Need Attention,3,1,1
CUST_00055,43,9,1207.08,2,Potential Loyalists,5,3,3
CUST_00056,238,24,8404.11,7,Loyal Customers,3,5,5
CUST_00057,609,2,384.71000000000004,1,Hibernating,1,1,2
CUST_00058,9,11,1676.2,2,Champions,5,4,4
CUST_00059,882,1,47.65,5,Hibernating,1,1,1
CUST_00060,227,17,2848.35,6,Loyal Customers,3,4,4
CUST_00061,6,6,663.31,2,Potential Loyalists,5,2,2
CUST_00062,282,7,754.37,4,Need Attention,3,2,2
CUST_00063,232,41,10135.85,3,Loyal Customers,3,5,5
CUST_00064,29,16,2273.45,2,Champions,5,4,4
CUST_00065,256,6,929.6700000000001,4,Need Attention,3,2,3
CUST_00066,106,20,7763.81,7,Champions,4,5,5
CUST_00067,34,8,1685.13,2,Potential Loyalists,5,3,4
CUST_00068,1,24,5749.09,7,Champions,5,5,5
CUST_00069,711,2,163.29,5,Hibernating,1,1,1
CUST_00070,507,2,125.14,1,Hibernating,2,1,1
CUST_00071,614,2,92.5,5,Hibernating,1,1,1
CUST_00072,118,31,9474.07,3,Champions,4,5,5
CUST_00073,2,35,12889.300000000001,3,Champions,5,5,5
CUST_00074,271,2,265.93,4,Need Attention,3,1,1
CUST_00075,23,40,14180.94,3,Champions,5,5,5
CUST_00076,540,3,421.11,1,Hibernating,1,2,2
CUST_00077,541,10,1267.9,1,At Risk,1,3,3
CUST_00078,17,25,6469.62,7,Champions,5,5,5
CUST_00079,217,12,1917.99,6,Loyal Customers,3,4,4
CUST_00080,183,6,936.72,4,Potential Loyalists,4,2,3
CUST_00081,334,2,65.74,4,Need Attention,3,1,1
CUST_00082,213,27,5452.78,7,Champions,4,5,5
CUST_00083,166,18,1780.24,6,Champions,4,4,4
CUST_00084,387,1,82.04,4,Hibernating,2,1,1
CUST_00085,480,2,146.89,1,Hibernating,2,1,1
CUST_00086,288,1,58.72,4,Need Attention,3,1,1
CUST_00087,844,1,18.91,5,Hibernating,1,1,1
CUST_00088,376,8,365.95,4,At Risk,2,3,2
CUST_00089,490,15,2703.36,6,Cannot Lose Them,2,4,4
CUST_00090,450,5,653.8299999999999,1,Hibernating,2,2,2
CUST_00091,111,6,947.34,2,Potential Loyalists,4,2,3
CUST_00092,688,2,74.63,5,Hibernating,1,1,1
CUST_00093,276,36,11520.15,3,Loyal Customers,3,5,5
CUST_00094,185,13,2498.08,6,Champions,4,4,4
CUST_00095,670,10,1934.65,1,Cannot Lose Them,1,3,4
CUST_00096,811,4,339.31,5,Hibernating,1,2,2
CUST_00097,78,5,631.25,2,Potential Loyalists,4,2,2
CUST_00098,264,36,9726.13,3,Loyal Customers,3,5,5
CUST_00099,332,1,46.44,4,Need Attention,3,1,1
CUST_00100,25,19,4532.57,7,Champions,5,5,5
CUST_00101,425,5,189.41,1,Hibernating,2,2,1
CUST_00102,122,2,60.56,4,New Customers,4,1,1
CUST_00103,291,10,1935.3200000000002,6,Need Attention,3,3,4
CUST_00104,114,6,388.99,2,Potential Loyalists,4,2,2
CUST_00105,522,4,609.22,1,Hibernating,2,2,2
CUST_00106,537,8,957.6999999999999,1,At Risk,1,3,3
CUST_00107,289,21,6900.63,0,Loyal Customers,3,5,5
CUST_00108,181,6,688.94,4,Potential Loyalists,4,2,2
CUST_00109,490,2,26.33,1,Hibernating,2,1,1
CUST_00110,455,18,3113.4300000000003,6,Cannot Lose Them,2,4,4
CUST_00111,671,2,173.63,5,Hibernating,1,1,1
CUST_00112,847,1,31.67,5,Hibernating,1,1,1
CUST_00113,783,2,146.66,5,Hibernating,1,1,1
CUST_00114,102,2,459.54,4,New Customers,4,1,2
CUST_00115,287,3,284.45,4,Need Attention,3,2,2
CUST_00116,140,2,249.69,4,New Customers,4,1,1
CUST_00117,375,8,1130.29,1,At Risk,2,3,3
CUST_00118,44,35,10583.52,3,Champions,5,5,5
CUST_00119,381,34,11385.54,3,Cannot Lose Them,2,5,5
CUST_00120,25,5,891.27,2,Potential Loyalists,5,2,3
CUST_00121,271,7,547.0799999999999,4,Need Attention,3,2,2
CUST_00122,44,7,742.63,2,Potential Loyalists,5,2,2
CUST_00123,12,10,2623.31,2,Potential Loyalists,5,3,4
CUST_00124,270,8,654.02,4,Need Attention,3,3,2
CUST_00125,415,34,11398.79,3,Cannot Lose Them,2,5,5
CUST_00126,9,8,625.71,2,Potential Loyalists,5,3,2
CUST_00127,14,11,1187.41,2,Loyal Customers,5,4,3
CUST_00128,399,37,9616.07,3,Cannot Lose Them,2,5,5
CUST_00129,236,8,992.92,4,Need Attention,3,3,3
CUST_00130,546,2,185.78,1,Hibernating,1,1,1
CUST_00131,538,23,5054.07,0,Cannot Lose Them,1,5,5
CUST_00132,195,11,1888.33,6,Champions,4,4,4
CUST_00133,360,18,5592.3,0,Loyal Customers,3,4,5
CUST_00134,772,1,34.32,5,Hibernating,1,1,1
CUST_00135,355,2,267.9,4,Need Attention,3,1,1
CUST_00136,451,8,916.24,1,At Risk,2,3,3
CUST_00137,31,9,1814.52,2,Potential Loyalists,5,3,4
CUST_00138,750,1,100.81,5,Hibernating,1,1,1
CUST_00139,239,37,8962.54,3,Loyal Customers,3,5,5
CUST_00140,664,11,1798.0,1,Cannot Lose Them,1,4,4
CUST_00141,700,10,2375.4300000000003,5,Cannot Lose Them,1,3,4
CUST_00142,33,8,1324.56,2,Potential Loyalists,5,3,3
CUST_00143,437,17,2739.28,6,Cannot Lose Them,2,4,4
CUST_00144,257,29,8719.91,3,Loyal Customers,3,5,5
CUST_00145,24,15,2813.7200000000003,2,Champions,5,4,4
CUST_00146,247,19,5716.3,7,Loyal Customers,3,5,5
CUST_00147,59,29,8612.72,7,Champions,4,5,5
CUST_00148,646,4,462.85999999999996,5,Hibernating,1,2,2
CUST_00149,742,1,14.04,5,Hibernating,1,1,1
CUST_00150,358,7,1257.4199999999998,4,Need Attention,3,2,3
CUST_00151,267,2,180.96,4,Need Attention,3,1,1
CUST_00152,604,1,24.15,5,Hibernating,1,1,1
CUST_00153,87,5,461.84,2,Potential Loyalists,4,2,2
CUST_00154,534,23,4894.83,0,Cannot Lose Them,1,5,5
CUST_00155,441,8,1605.8300000000002,1,At Risk,2,3,3
CUST_00156,661,23,7542.14,0,Cannot Lose Them,1,5,5
CUST_00157,448,9,911.84,1,At Risk,2,3,3
CUST_00158,281,14,2127.56,6,Loyal Customers,3,4,4
CUST_00159,193,10,1656.84,2,Potential Loyalists,4,3,4
CUST_00160,402,2,83.91,1,Hibernating,2,1,1
CUST_00161,563,1,24.69,1,Hibernating,1,1,1
CUST_00162,793,2,144.93,5,Hibernating,1,1,1
CUST_00163,162,8,833.39,2,Potential Loyalists,4,3,3
CUST_00164,512,4,497.43999999999994,1,Hibernating,2,2,2
CUST_00165,246,9,1881.2,6,Need Attention,3,3,4
CUST_00166,101,8,791.4,2,Potential Loyalists,4,3,2
CUST_00167,379,6,765.16,4,Hibernating,2,2,2
CUST_00168,3,17,4418.39,7,Champions,5,4,5
CUST_00169,701,3,384.84000000000003,5,Hibernating,1,2,2
CUST_00170,366,35,11928.73,3,Cannot Lose Them,2,5,5
CUST_00171,433,5,259.13,1,Hibernating,2,2,1
CUST_00172,7,10,1528.83,2,Potential Loyalists,5,3,3
CUST_00173,262,18,3740.0299999999997,6,Loyal Customers,3,4,4
CUST_00174,130,6,552.9,2,Potential Loyalists,4,2,2
CUST_00175,118,15,2034.91,2,Champions,4,4,4
CUST_00176,1,19,5793.2,7,Champions,5,5,5
CUST_00177,37,7,1331.43,2,Potential Loyalists,5,2,3
CUST_00178,57,32,11542.41,3,Champions,5,5,5
CUST_00179,679,1,22.05,5,Hibernating,1,1,1
CUST_00180,512,31,7561.53,0,Cannot Lose Them,2,5,5
CUST_00181,227,17,2055.01,6,Loyal Customers,3,4,4
CUST_00182,359,2,204.52,4,Need Attention,3,1,1
CUST_00183,709,4,641.51,5,Hibernating,1,2,2
CUST_00184,619,21,6276.87,0,Cannot Lose Them,1,5,5
CUST_00185,74,2,246.28,2,New Customers,4,1,1
CUST_00186,288,8,640.81,4,Need Attention,3,3,2
CUST_00187,25,11,1094.82,2,Loyal Customers,5,4,3
CUST_00188,138,31,7305.2,7,Champions,4,5,5
CUST_00189,785,2,148.59,5,Hibernating,1,1,1
CUST_00190,98,10,909.26,2,Potential Loyalists,4,3,3
CUST_00191,342,3,304.65999999999997,4,Need Attention,3,2,2
CUST_00192,274,38,14464.789999999999,3,Loyal Customers,3,5,5
CUST_00193,94,27,4909.98,7,Champions,4,5,5
CUST_00194,201,5,749.27,4,Potential Loyalists,4,2,2
CUST_00195,1,30,10817.23,3,Champions,5,5,5
CUST_00196,7,9,1821.8999999999999,2,Potential Loyalists,5,3,4
CUST_00197,22,9,1397.13,2,Potential Loyalists,5,3,3
CUST_00198,1,25,8504.63,7,Champions,5,5,5
CUST_00199,595,1,121.5,1,Hibernating,1,1,1
CUST_00200,127,21,5094.46,7,Champions,4,5,5
CUST_00201,111,8,1550.88,2,Potential Loyalists,4,3,3
CUST_00202,147,8,1590.47,2,Potential Loyalists,4,3,3
CUST_00203,381,12,1677.79,6,Cannot Lose Them,2,4,4
CUST_00204,416,2,118.93,1,Hibernating,2,1,1
CUST_00205,146,3,293.28,4,Potential Loyalists,4,2,2
CUST_00206,286,36,14018.869999999999,3,Loyal Customers,3,5,5
CUST_00207,43,9,2510.73,2,Potential Loyalists,5,3,4
CUST_00208,657,10,1065.7,1,At Risk,1,3,3
CUST_00209,19,22,3369.46,7,Champions,5,5,4
CUST_00210,16,37,9841.74,3,Champions,5,5,5
CUST_00211,355,13,1913.1100000000001,6,Loyal Customers,3,4,4
CUST_00212,615,5,1408.28,1,Hibernating,1,2,3
CUST_00213,524,25,5964.68,0,Cannot Lose Them,2,5,5
CUST_00214,533,19,6876.34,0,Cannot Lose Them,1,5,5
CUST_00215,36,10,1512.9299999999998,2,Potential Loyalists,5,3,3
CUST_00216,696,5,1122.44,5,Hibernating,1,2,3
CUST_00217,7,28,9000.63,7,Champions,5,5,5
CUST_00218,405,14,2504.9700000000003,6,Cannot Lose Them,2,4,4
CUST_00219,114,9,902.96,2,Potential Loyalists,4,3,3
CUST_00220,272,1,153.94,4,Need Attention,3,1,1
CUST_00221,305,7,1065.75,4,Need Attention,3,2,3
CUST_00222,7,5,406.07000000000005,2,Potential Loyalists,5,2,2
CUST_00223,543,6,746.15,1,Hibernating,1,2,2
CUST_00224,292,7,479.51,4,Need Attention,3,2,2
CUST_00225,361,4,726.63,4,Need Attention,3,2,2
CUST_00226,295,2,89.50999999999999,4,Need Attention,3,1,1
CUST_00227,50,5,625.3,2,Potential Loyalists,5,2,2
CUST_00228,43,11,2258.32,2,Champions,5,4,4
CUST_00229,301,3,369.75,4,Need Attention,3,2,2
CUST_00230,1,34,9331.79,3,Champions,5,5,5
CUST_00231,254,17,2567.18,6,Loyal Customers,3,4,4
CUST_00232,360,27,6923.15,0,Loyal Customers,3,5,5
CUST_00233,606,11,1796.75,1,Cannot Lose Them,1,4,4
CUST_00234,491,7,1217.33,1,Hibernating,2,2,3
CUST_00235,8,23,6799.46,7,Champions,5,5,5
CUST_00236,108,6,1106.81,2,Potential Loyalists,4,2,3
CUST_00237,531,10,1217.58,1,At Risk,1,3,3
CUST_00238,19,11,1349.68,2,Loyal Customers,5,4,3
CUST_00239,16,2,47.7,2,New Customers,5,1,1
CUST_00240,155,2,165.8,4,New Customers,4,1,1
CUST_00241,383,30,12587.44,3,Cannot Lose Them,2,5,5
CUST_00242,22,29,8176.110000000001,7,Champions,5,5,5
CUST_00243,128,2,138.82,4,New Customers,4,1,1
CUST_00244,37,8,1968.94,2,Potential Loyalists,5,3,4
CUST_00245,390,1,43.62,4,Hibernating,2,1,1
CUST_00246,132,18,5735.83,7,Champions,4,4,5
CUST_00247,229,1,15.52,4,Need Attention,3,1,1
CUST_00248,811,2,308.04,5,Hibernating,1,1,2
CUST_00249,74,6,337.92,2,Potential Loyalists,4,2,2
CUST_00250,33,14,2678.84,2,Champions,5,4,4
CUST_00251,348,4,104.99000000000001,4,Need Attention,3,2,1
CUST_00252,545,2,388.90999999999997,1,Hibernating,1,1,2
CUST_00253,6,23,8302.43,7,Champions,5,5,5
CUST_00254,38,10,1309.43,2,Potential Loyalists,5,3,3
CUST_00255,234,4,338.01,4,Need Attention,3,2,2
CUST_00256,44,31,9091.65,3,Champions,5,5,5
CUST_00257,441,4,493.41999999999996,1,Hibernating,2,2,2
CUST_00258,886,1,37.02,5,Hibernating,1,1,1
CUST_00259,346,34,7701.89,0,Loyal Customers,3,5,5
CUST_00260,444,2,258.67,1,Hibernating,2,1,1
CUST_00261,133,8,1277.57,2,Potential Loyalists,4,3,3
CUST_00262,56,11,1840.95,2,Champions,5,4,4
CUST_00263,565,32,7750.11,0,Cannot Lose Them,1,5,5
CUST_00264,88,27,7184.23,7,Champions,4,5,5
CUST_00265,374,5,876.97,4,Hibernating,2,2,3
CUST_00266,3,29,10246.08,3,Champions,5,5,5
CUST_00267,350,1,46.67,4,Need Attention,3,1,1
CUST_00268,549,1,17.35,1,Hibernating,1,1,1
CUST_00269,130,14,2486.09,2,Champions,4,4,4
CUST_00270,348,9,1074.83,4,Need Attention,3,3,3
CUST_00271,639,1,26.43,5,Hibernating,1,1,1
CUST_00272,577,20,3990.04,0,Cannot Lose Them,1,5,5
CUST_00273,247,34,10903.78,3,Loyal Customers,3,5,5
CUST_00274,311,28,7864.93,0,Loyal Customers,3,5,5
CUST_00275,271,14,2336.79,6,Loyal Customers,3,4,4
CUST_00276,228,6,883.66,4,Need Attention,3,2,3
CUST_00277,781,4,218.72,5,Hibernating,1,2,1
CUST_00278,30,8,1026.58,2,Potential Loyalists,5,3,3
CUST_00279,113,4,333.15,4,Potential Loyalists,4,2,2
CUST_00280,668,1,61.86,5,Hibernating,1,1,1
CUST_00281,775,2,456.96000000000004,5,Hibernating,1,1,2
CUST_00282,1,9,1114.71,2,Potential Loyalists,5,3,3
CUST_00283,585,6,666.01,1,Hibernating,1,2,2
CUST_00284,397,16,2381.65,6,Cannot Lose Them,2,4,4
CUST_00285,407,30,8497.35,0,Cannot Lose Them,2,5,5
CUST_00286,685,8,1062.98,5,At Risk,1,3,3
CUST_00287,481,8,790.5400000000001,1,At Risk,2,3,2
CUST_00288,22,9,1306.35,2,Potential Loyalists,5,3,3
CUST_00289,472,4,501.80999999999995,1,Hibernating,2,2,2
CUST_00290,423,1,40.83,1,Hibernating,2,1,1
CUST_00291,102,18,3878.02,6,Champions,4,4,5
CUST_00292,564,1,13.05,1,Hibernating,1,1,1
CUST_00293,326,7,719.47,4,Need Attention,3,2,2
CUST_00294,601,10,1646.9,1,At Risk,1,3,3
CUST_00295,467,1,103.81,1,Hibernating,2,1,1
CUST_00296,91,24,7013.49,7,Champions,4,5,5
CUST_00297,24,10,2076.83,2,Potential Loyalists,5,3,4
CUST_00298,883,1,65.28,5,Hibernating,1,1,1
CUST_00299,127,36,10233.04,3,Champions,4,5,5
CUST_00300,616,29,8423.34,0,Cannot Lose Them,1,5,5
CUST_00301,70,13,2065.73,2,Champions,4,4,4
CUST_00302,566,2,104.81,1,Hibernating,1,1,1
CUST_00303,249,15,3657.04,6,Loyal Customers,3,4,4
CUST_00304,235,11,1324.46,6,Loyal Customers,3,4,3
CUST_00305,121,7,1109.45,2,Potential Loyalists,4,2,3
CUST_00306,289,7,347.19,4,Need Attention,3,2,2
CUST_00307,596,6,573.89,1,Hibernating,1,2,2
CUST_00308,326,8,931.8100000000001,4,Need Attention,3,3,3
CUST_00309,579,12,971.66,1,Loyal Customers,1,4,3
CUST_00310,210,15,1627.98,6,Loyal Customers,4,4,3
CUST_00311,492,3,425.81,1,Hibernating,2,2,2
CUST_00312,276,15,2376.74,6,Loyal Customers,3,4,4
CUST_00313,188,36,8145.67,3,Champions,4,5,5
CUST_00314,371,2,74.2,4,Hibernating,2,1,1
CUST_00315,391,7,658.45,1,Hibernating,2,2,2
CUST_00316,632,8,777.99,1,At Risk,1,3,2
CUST_00317,261,9,1206.77,4,Need Attention,3,3,3
CUST_00318,26,12,2033.93,2,Champions,5,4,4
CUST_00319,858,1,37.68,5,Hibernating,1,1,1
CUST_00320,111,26,6159.37,7,Champions,4,5,5
CUST_00321,588,10,1269.67,1,At Risk,1,3,3
CUST_00322,74,41,10752.62,3,Champions,4,5,5
CUST_00323,264,15,1917.5,6,Loyal Customers,3,4,4
CUST_00324,98,38,12306.27,3,Champions,4,5,5
CUST_00325,473,9,1277.96,1,At Risk,2,3,3
CUST_00326,267,8,930.54,4,Need Attention,3,3,3
CUST_00327,637,2,43.59,5,Hibernating,1,1,1
CUST_00328,23,7,904.44,2,Potential Loyalists,5,2,3
CUST_00329,318,23,5988.41,0,Loyal Customers,3,5,5
CUST_00330,519,10,1737.5700000000002,1,Cannot Lose Them,2,3,4
CUST_00331,4,11,2771.5699999999997,2,Champions,5,4,4
CUST_00332,206,4,487.33,4,Potential Loyalists,4,2,2
CUST_00333,210,15,3148.64,6,Champions,4,4,4
CUST_00334,276,4,529.69,4,Need Attention,3,2,2
CUST_00335,406,2,107.1,1,Hibernating,2,1,1
CUST_00336,672,2,117.27,5,Hibernating,1,1,1
CUST_00337,614,3,354.56,1,Hibernating,1,2,2
CUST_00338,304,2,173.99,4,Need Attention,3,1,1
CUST_00339,228,8,1615.9499999999998,4,Need Attention,3,3,3
CUST_00340,120,7,547.97,2,Potential Loyalists,4,2,2
CUST_00341,467,14,1571.75,6,Loyal Customers,2,4,3
CUST_00342,407,1,134.46,1,Hibernating,2,1,1
CUST_00343,7,11,2709.77,2,Champions,5,4,4
CUST_00344,102,11,1780.44,2,Champions,4,4,4
CUST_00345,525,30,8914.65,0,Cannot Lose Them,2,5,5
CUST_00346,640,4,342.54,5,Hibernating,1,2,2
CUST_00347,526,7,411.07,1,Hibernating,2,2,2
CUST_00348,176,9,1148.3899999999999,2,Potential Loyalists,4,3,3
CUST_00349,229,12,1773.43,6,Loyal Customers,3,4,4
CUST_00350,820,2,27.75,5,Hibernating,1,1,1
CUST_00351,69,21,6794.3,7,Champions,4,5,5
CUST_00352,561,1,196.63,1,Hibernating,1,1,1
CUST_00353,51,40,11907.68,3,Champions,5,5,5
CUST_00354,398,28,6686.44,0,Cannot Lose Them,2,5,5
CUST_00355,174,27,10935.84,3,Champions,4,5,5
CUST_00356,144,2,94.92,4,New Customers,4,1,1
CUST_00357,15,33,6852.849999999999,7,Champions,5,5,5
CUST_00358,728,18,3755.96,0,Cannot Lose Them,1,4,4
CUST_00359,357,1,122.92,4,Need Attention,3,1,1
CUST_00360,563,13,2207.83,1,Cannot Lose Them,1,4,4
CUST_00361,365,18,3226.18,6,Loyal Customers,3,4,4
CUST_00362,17,9,871.39,2,Potential Loyalists,5,3,3
CUST_00363,24,13,1628.37,2,Loyal Customers,5,4,3
CUST_00364,1,8,1176.33,2,Potential Loyalists,5,3,3
CUST_00365,183,10,1682.43,2,Potential Loyalists,4,3,4
CUST_00366,352,2,455.51,4,Need Attention,3,1,2
CUST_00367,462,1,50.74,1,Hibernating,2,1,1
CUST_00368,502,2,466.93999999999994,1,Hibernating,2,1,2
CUST_00369,419,4,384.26,1,Hibernating,2,2,2
CUST_00370,581,4,200.32,1,Hibernating,1,2,1
CUST_00371,585,12,2176.98,1,Cannot Lose Them,1,4,4
CUST_00372,13,30,7426.03,7,Champions,5,5,5
CUST_00373,229,18,5965.24,7,Loyal Customers,3,4,5
CUST_00374,317,3,328.51,4,Need Attention,3,2,2
CUST_00375,348,11,1346.01,6,Loyal Customers,3,4,3
CUST_00376,327,42,11330.0,3,Loyal Customers,3,5,5
CUST_00377,117,2,73.28999999999999,4,New Customers,4,1,1
CUST_00378,529,1,8.56,1,Hibernating,2,1,1
CUST_00379,424,14,1901.55,6,Cannot Lose Them,2,4,4
CUST_00380,418,9,2282.19,1,Cannot Lose Them,2,3,4
CUST_00381,351,1,26.36,4,Need Attention,3,1,1
CUST_00382,10,31,10141.19,3,Champions,5,5,5
CUST_00383,311,3,784.23,4,Need Attention,3,2,2
CUST_00384,624,4,338.13,1,Hibernating,1,2,2
CUST_00385,39,5,614.3000000000001,2,Potential Loyalists,5,2,2
CUST_00386,17,37,12726.48,3,Champions,5,5,5
CUST_00387,152,15,2021.83,6,Champions,4,4,4
CUST_00388,504,5,662.5699999999999,1,Hibernating,2,2,2
CUST_00389,102,12,2077.5,2,Champions,4,4,4
CUST_00390,199,9,826.06,4,Potential Loyalists,4,3,2
CUST_00391,4,33,7407.12,7,Champions,5,5,5
CUST_00392,5,8,1584.4,2,Potential Loyalists,5,3,3
CUST_00393,17,8,1345.1,2,Potential Loyalists,5,3,3
CUST_00394,27,14,2481.65,2,Champions,5,4,4
CUST_00395,402,6,648.79,1,Hibernating,2,2,2
CUST_00396,748,1,152.67,5,Hibernating,1,1,1
CUST_00397,326,11,2381.58,6,Loyal Customers,3,4,4
CUST_00398,38,12,1432.59,2,Loyal Customers,5,4,3
CUST_00399,41,9,1233.1799999999998,2,Potential Loyalists,5,3,3
CUST_00400,206,6,567.81,4,Potential Loyalists,4,2,2
CUST_00401,278,2,122.75,4,Need Attention,3,1,1
CUST_00402,435,22,6110.610000000001,0,Cannot Lose Them,2,5,5
CUST_00403,400,1,73.03,4,Hibernating,2,1,1
CUST_00404,561,1,5.57,1,Hibernating,1,1,1
CUST_00405,72,6,538.4599999999999,2,Potential Loyalists,4,2,2
CUST_00406,28,31,8879.01,3,Champions,5,5,5
CUST_00407,413,24,8563.67,0,Cannot Lose Them,2,5,5
CUST_00408,70,15,2260.88,2,Champions,4,4,4
CUST_00409,175,5,522.28,4,Potential Loyalists,4,2,2
CUST_00410,58,2,63.18,2,New Customers,4,1,1
CUST_00411,572,12,1696.0,1,Cannot Lose Them,1,4,4
CUST_00412,257,39,10110.75,3,Loyal Customers,3,5,5
CUST_00413,388,10,1120.49,1,At Risk,2,3,3
CUST_00414,251,1,28.86,4,Need Attention,3,1,1
CUST_00415,238,24,5976.78,7,Loyal Customers,3,5,5
CUST_00416,45,5,909.62,2,Potential Loyalists,5,2,3
CUST_00417,746,3,747.4100000000001,5,Hibernating,1,2,2
CUST_00418,789,1,49.49,5,Hibernating,1,1,1
CUST_00419,195,5,1017.45,4,Potential Loyalists,4,2,3
CUST_00420,500,1,91.76,1,Hibernating,2,1,1
CUST_00421,338,1,193.91,4,Need Attention,3,1,1
CUST_00422,351,10,2240.86,6,Need Attention,3,3,4
CUST_00423,237,13,2268.2400000000002,6,Loyal Customers,3,4,4
CUST_00424,16,20,6737.59,7,Champions,5,5,5
CUST_00425,279,11,1907.8200000000002,6,Loyal Customers,3,4,4
CUST_00426,510,35,8528.61,0,Cannot Lose Them,2,5,5
CUST_00427,329,9,612.46,4,Need Attention,3,3,2
CUST_00428,677,4,400.43999999999994,5,Hibernating,1,2,2
CUST_00429,50,6,800.78,2,Potential Loyalists,5,2,2
CUST_00430,985,1,165.13,5,Hibernating,1,1,1
CUST_00431,15,9,1668.3,2,Potential Loyalists,5,3,4
CUST_00432,10,18,1928.46,2,Champions,5,4,4
CUST_00433,253,4,766.98,4,Need Attention,3,2,2
CUST_00434,172,22,7699.2699999999995,7,Champions,4,5,5
CUST_00435,63,6,609.13,2,Potential Loyalists,4,2,2
CUST_00436,24,16,2813.89,2,Champions,5,4,4
CUST_00437,21,11,1130.93,2,Loyal Customers,5,4,3
CUST_00438,39,5,486.7,2,Potential Loyalists,5,2,2
CUST_00439,590,13,2541.77,1,Cannot Lose Them,1,4,4
CUST_00440,330,12,2242.95,6,Loyal Customers,3,4,4
CUST_00441,299,33,8170.6900000000005,3,Loyal Customers,3,5,5
CUST_00442,895,1,89.11,5,Hibernating,1,1,1
CUST_00443,463,36,11543.71,3,Cannot Lose Them,2,5,5
CUST_00444,633,7,591.12,1,Hibernating,1,2,2
CUST_00445,443,2,91.77,1,Hibernating,2,1,1
CUST_00446,415,2,444.93,1,Hibernating,2,1,2
CUST_00447,222,3,360.2,4,Need Attention,3,2,2
CUST_00448,20,10,1705.44,2,Potential Loyalists,5,3,4
CUST_00449,13,5,747.31,2,Potential Loyalists,5,2,2
CUST_00450,84,2,137.55,4,New Customers,4,1,1
CUST_00451,311,12,1811.12,6,Loyal Customers,3,4,4
CUST_00452,40,11,1535.99,2,Loyal Customers,5,4,3
CUST_00453,387,21,6513.16,0,Cannot Lose Them,2,5,5
CUST_00454,61,4,151.74,2,Potential Loyalists,4,2,1
CUST_00455,617,25,6342.51,0,Cannot Lose Them,1,5,5
CUST_00456,538,2,59.34,1,Hibernating,1,1,1
CUST_00457,240,28,7400.8,7,Loyal Customers,3,5,5
CUST_00458,400,3,280.21000000000004,1,Hibernating,2,2,2
CUST_00459,616,6,661.21,1,Hibernating,1,2,2
CUST_00460,397,8,997.67,1,At Risk,2,3,3
CUST_00461,143,14,3431.83,6,Champions,4,4,4
CUST_00462,421,8,1246.18,1,At Risk,2,3,3
CUST_00463,257,8,1597.72,4,Need Attention,3,3,3
CUST_00464,351,14,2231.29,6,Loyal Customers,3,4,4
CUST_00465,245,7,452.15999999999997,4,Need Attention,3,2,2
CUST_00466,491,7,962.0,1,Hibernating,2,2,3
CUST_00467,718,25,6422.88,0,Cannot Lose Them,1,5,5
CUST_00468,374,4,795.84,4,Hibernating,2,2,2
CUST_00469,357,7,828.4300000000001,4,Need Attention,3,2,2
CUST_00470,362,7,476.87,4,Need Attention,3,2,2
CUST_00471,359,27,7162.06,0,Loyal Customers,3,5,5
CUST_00472,466,2,254.71,1,Hibernating,2,1,1
CUST_00473,469,5,449.4,1,Hibernating,2,2,2
CUST_00474,429,1,50.11,1,Hibernating,2,1,1
CUST_00475,319,6,1051.65,4,Need Attention,3,2,3
CUST_00476,133,37,11884.28,3,Champions,4,5,5
CUST_00477,176,2,137.19,4,New Customers,4,1,1
CUST_00478,575,2,207.86,1,Hibernating,1,1,1
CUST_00479,244,12,1891.11,6,Loyal Customers,3,4,4
CUST_00480,921,1,107.89,5,Hibernating,1,1,1
CUST_00481,336,3,99.07,4,Need Attention,3,2,1
CUST_00482,415,27,8263.12,0,Cannot Lose Them,2,5,5
CUST_00483,394,29,9199.89,0,Cannot Lose Them,2,5,5
CUST_00484,422,19,4144.48,6,Cannot Lose Them,2,5,5
CUST_00485,128,9,1415.27,2,Potential Loyalists,4,3,3
CUST_00486,225,7,726.8100000000001,4,Need Attention,3,2,2
CUST_00487,841,1,22.51,5,Hibernating,1,1,1
CUST_00488,460,1,17.67,1,Hibernating,2,1,1
CUST_00489,47,41,10405.16,3,Champions,5,5,5
CUST_00490,526,9,1602.22,1,At Risk,2,3,3
CUST_00491,15,25,6576.7,7,Champions,5,5,5
CUST_00492,83,14,3107.3399999999997,2,Champions,4,4,4
CUST_00493,199,6,803.52,4,Potential Loyalists,4,2,2
CUST_00494,649,2,152.5,5,Hibernating,1,1,1
CUST_00495,24,7,1074.94,2,Potential Loyalists,5,2,3
CUST_00496,298,2,331.4,4,Need Attention,3,1,2
CUST_00497,550,1,106.71,1,Hibernating,1,1,1
CUST_00498,459,4,349.37,1,Hibernating,2,2,2
CUST_00499,101,6,668.74,2,Potential Loyalists,4,2,2
CUST_00500,180,38,11747.369999999999,3,Champions,4,5,5
CUST_00501,237,8,1206.48,4,Need Attention,3,3,3
CUST_00502,574,3,349.26,1,Hibernating,1,2,2
CUST_00503,475,4,667.0,1,Hibernating,2,2,2
CUST_00504,3,40,10694.84,3,Champions,5,5,5
CUST_00505,410,8,1913.07,1,Cannot Lose Them,2,3,4
CUST_00506,547,9,1721.27,1,Cannot Lose Them,1,3,4
CUST_00507,28,9,1208.8999999999999,2,Potential Loyalists,5,3,3
CUST_00508,66,9,1690.53,2,Potential Loyalists,4,3,4
CUST_00509,536,8,2108.85,1,Cannot Lose Them,1,3,4
CUST_00510,89,8,588.59,2,Potential Loyalists,4,3,2
CUST_00511,416,9,2111.79,1,Cannot Lose Them,2,3,4
CUST_00512,11,8,1063.34,2,Potential Loyalists,5,3,3
CUST_00513,25,13,2498.09,2,Champions,5,4,4
CUST_00514,216,20,5151.9,7,Champions,4,5,5
CUST_00515,14,9,1662.57,2,Potential Loyalists,5,3,4
CUST_00516,561,11,2784.41,1,Cannot Lose Them,1,4,4
CUST_00517,19,22,5513.29,7,Champions,5,5,5
CUST_00518,571,1,39.97,1,Hibernating,1,1,1
CUST_00519,88,4,653.24,2,Potential Loyalists,4,2,2
CUST_00520,185,1,248.86,4,New Customers,4,1,1
CUST_00521,30,9,1308.77,2,Potential Loyalists,5,3,3
CUST_00522,395,14,2613.89,6,Cannot Lose Them,2,4,4
CUST_00523,117,34,9599.81,3,Champions,4,5,5
CUST_00524,124,41,11451.84,3,Champions,4,5,5
CUST_00525,112,5,713.23,2,Potential Loyalists,4,2,2
CUST_00526,408,9,1222.2,1,At Risk,2,3,3
CUST_00527,136,2,444.96000000000004,4,New Customers,4,1,2
CUST_00528,73,26,6967.39,7,Champions,4,5,5
CUST_00529,78,26,7384.09,7,Champions,4,5,5
CUST_00530,152,19,5405.51,7,Champions,4,5,5
CUST_00531,162,4,163.07999999999998,4,Potential Loyalists,4,2,1
CUST_00532,484,5,420.57000000000005,1,Hibernating,2,2,2
CUST_00533,217,4,306.08,4,Need Attention,3,2,2
CUST_00534,115,2,70.16,4,New Customers,4,1,1
CUST_00535,710,2,43.43,5,Hibernating,1,1,1
CUST_00536,302,1,86.04,4,Need Attention,3,1,1
CUST_00537,371,4,351.23,4,Hibernating,2,2,2
CUST_00538,116,2,96.9,4,New Customers,4,1,1
CUST_00539,718,9,1103.3899999999999,5,At Risk,1,3,3
CUST_00540,327,8,1291.58,4,Need Attention,3,3,3
CUST_00541,205,10,1764.3100000000002,6,Potential Loyalists,4,3,4
CUST_00542,17,15,3079.07,2,Champions,5,4,4
CUST_00543,412,15,2654.68,6,Cannot Lose Them,2,4,4
CUST_00544,240,12,2629.3199999999997,6,Loyal Customers,3,4,4
CUST_00545,2,12,1629.73,2,Loyal Customers,5,4,3
CUST_00546,671,10,1622.1,1,At Risk,1,3,3
CUST_00547,563,8,1159.72,1,At Risk,1,3,3
CUST_00548,296,1,16.37,4,Need Attention,3,1,1
CUST_00549,6,10,1622.22,2,Potential Loyalists,5,3,3
CUST_00550,489,7,1091.5,1,Hibernating,2,2,3
CUST_00551,9,31,8091.43,7,Champions,5,5,5
CUST_00552,259,6,916.7,4,Need Attention,3,2,3
CUST_00553,47,17,3942.65,7,Champions,5,4,5
CUST_00554,487,1,99.42,1,Hibernating,2,1,1
CUST_00555,702,2,220.4,5,Hibernating,1,1,1
CUST_00556,653,2,82.14,5,Hibernating,1,1,1
CUST_00557,64,9,1304.94,2,Potential Loyalists,4,3,3
CUST_00558,11,24,8621.41,7,Champions,5,5,5
CUST_00559,42,14,2816.2200000000003,2,Champions,5,4,4
CUST_00560,270,14,1754.48,6,Loyal Customers,3,4,4
CUST_00561,39,5,827.1899999999999,2,Potential Loyalists,5,2,2
CUST_00562,80,5,661.62,2,Potential Loyalists,4,2,2
CUST_00563,6,9,1490.02,2,Potential Loyalists,5,3,3
CUST_00564,553,1,18.4,1,Hibernating,1,1,1
CUST_00565,195,12,1746.54,6,Champions,4,4,4
CUST_00566,577,8,1251.6599999999999,1,At Risk,1,3,3
CUST_00567,755,2,182.92000000000002,5,Hibernating,1,1,1
CUST_00568,265,12,1724.5900000000001,6,Loyal Customers,3,4,4
CUST_00569,60,5,856.72,2,Potential Loyalists,4,2,3
CUST_00570,178,1,71.78,4,New Customers,4,1,1
CUST_00571,393,6,938.1400000000001,1,Hibernating,2,2,3
CUST_00572,154,20,8317.73,7,Champions,4,5,5
CUST_00573,187,18,3163.68,6,Champions,4,4,4
CUST_00574,433,3,402.63,1,Hibernating,2,2,2
CUST_00575,517,23,5627.76,0,Cannot Lose Them,2,5,5
CUST_00576,292,8,1265.04,4,Need Attention,3,3,3
CUST_00577,596,12,2282.86,1,Cannot Lose Them,1,4,4
CUST_00578,22,12,1989.1,2,Champions,5,4,4
CUST_00579,84,8,1209.69,2,Potential Loyalists,4,3,3
CUST_00580,118,2,118.51,4,New Customers,4,1,1
CUST_00581,7,29,8050.26,7,Champions,5,5,5
CUST_00582,276,16,3276.4300000000003,6,Loyal Customers,3,4,4
CUST_00583,862,1,38.73,5,Hibernating,1,1,1
CUST_00584,935,1,73.6,5,Hibernating,1,1,1
CUST_00585,340,26,8963.12,0,Loyal Customers,3,5,5
CUST_00586,57,30,7133.09,7,Champions,5,5,5
CUST_00587,774,1,35.55,5,Hibernating,1,1,1
CUST_00588,596,2,130.97,1,Hibernating,1,1,1
CUST_00589,543,10,2122.18,1,Cannot Lose Them,1,3,4
CUST_00590,507,33,10730.66,3,Cannot Lose Them,2,5,5
CUST_00591,50,6,666.12,2,Potential Loyalists,5,2,2
CUST_00592,357,8,1476.98,4,Need Attention,3,3,3
CUST_00593,24,6,711.55,2,Potential Loyalists,5,2,2
CUST_00594,2,25,8775.45,7,Champions,5,5,5
CUST_00595,67,8,773.38,2,Potential Loyalists,4,3,2
CUST_00596,24,6,852.88,2,Potential Loyalists,5,2,3
CUST_00597,18,9,705.79,2,Potential Loyalists,5,3,2
CUST_00598,499,13,2354.35,6,Cannot Lose Them,2,4,4
CUST_00599,217,1,106.0,4,Need Attention,3,1,1
CUST_00600,2,33,10812.13,3,Champions,5,5,5
CUST_00601,216,9,777.55,4,Potential Loyalists,4,3,2
CUST_00602,462,6,685.8,1,Hibernating,2,2,2
CUST_00603,113,12,1176.03,2,Loyal Customers,4,4,3
CUST_00604,226,30,7505.01,7,Loyal Customers,3,5,5
CUST_00605,283,2,23.19,4,Need Attention,3,1,1
CUST_00606,577,2,195.45,1,Hibernating,1,1,1
CUST_00607,344,32,9908.43,3,Loyal Customers,3,5,5
CUST_00608,477,24,7750.13,0,Cannot Lose Them,2,5,5
CUST_00609,49,5,1464.2,2,Potential Loyalists,5,2,3
CUST_00610,472,30,9529.81,0,Cannot Lose Them,2,5,5
CUST_00611,625,1,269.73,5,Hibernating,1,1,2
CUST_00612,656,4,364.12,5,Hibernating,1,2,2
CUST_00613,27,40,13093.05,3,Champions,5,5,5
CUST_00614,96,10,1676.18,2,Potential Loyalists,4,3,4
CUST_00615,33,4,696.99,2,Potential Loyalists,5,2,2
CUST_00616,389,7,526.67,1,Hibernating,2,2,2
CUST_00617,579,12,2069.57,1,Cannot Lose Them,1,4,4
CUST_00618,20,8,976.93,2,Potential Loyalists,5,3,3
CUST_00619,526,2,126.55,1,Hibernating,2,1,1
CUST_00620,381,1,62.41,4,Hibernating,2,1,1
CUST_00621,7,25,8907.33,7,Champions,5,5,5
CUST_00622,89,9,1608.51,2,Potential Loyalists,4,3,3
CUST_00623,12,30,8759.69,7,Champions,5,5,5
CUST_00624,15,10,2130.34,2,Potential Loyalists,5,3,4
CUST_00625,467,3,386.45000000000005,1,Hibernating,2,2,2
CUST_00626,368,11,2157.29,6,Cannot Lose Them,2,4,4
CUST_00627,421,5,570.55,1,Hibernating,2,2,2
CUST_00628,281,3,546.56,4,Need Attention,3,2,2
CUST_00629,249,1,354.66,4,Need Attention,3,1,2
CUST_00630,199,25,7568.01,7,Champions,4,5,5
CUST_00631,125,20,5676.22,7,Champions,4,5,5
CUST_00632,39,22,6215.17,7,Champions,5,5,5
CUST_00633,274,31,10956.21,3,Loyal Customers,3,5,5
CUST_00634,47,8,1927.8500000000001,2,Potential Loyalists,5,3,4
CUST_00635,466,7,1037.62,1,Hibernating,2,2,3
CUST_00636,766,2,149.39,5,Hibernating,1,1,1
CUST_00637,460,26,7513.1900000000005,0,Cannot Lose Them,2,5,5
CUST_00638,299,13,2521.38,6,Loyal Customers,3,4,4
CUST_00639,697,2,141.98000000000002,5,Hibernating,1,1,1
CUST_00640,564,7,937.46,1,Hibernating,1,2,3
CUST_00641,223,17,3432.11,6,Loyal Customers,3,4,4
CUST_00642,694,6,762.87,5,Hibernating,1,2,2
CUST_00643,418,2,207.69,1,Hibernating,2,1,1
CUST_00644,297,1,27.93,4,Need Attention,3,1,1
CUST_00645,4,37,13182.96,3,Champions,5,5,5
CUST_00646,676,2,289.54999999999995,5,Hibernating,1,1,2
CUST_00647,177,6,1121.1,4,Potential Loyalists,4,2,3
CUST_00648,152,2,177.24,4,New Customers,4,1,1
CUST_00649,202,9,1188.6599999999999,2,Potential Loyalists,4,3,3
CUST_00650,313,4,279.06,4,Need Attention,3,2,2
CUST_00651,534,5,648.25,1,Hibernating,1,2,2
CUST_00652,471,12,2062.52,6,Cannot Lose Them,2,4,4
CUST_00653,22,13,1809.12,2,Champions,5,4,4
CUST_00654,600,2,304.92,1,Hibernating,1,1,2
CUST_00655,39,17,2444.53,2,Champions,5,4,4
CUST_00656,20,11,1877.82,2,Champions,5,4,4
CUST_00657,415,8,648.48,1,At Risk,2,3,2
CUST_00658,1,7,500.14,2,Potential Loyalists,5,2,2
CUST_00659,653,21,8872.75,0,Cannot Lose Them,1,5,5
CUST_00660,286,27,8251.25,0,Loyal Customers,3,5,5
CUST_00661,5,11,1472.67,2,Loyal Customers,5,4,3
CUST_00662,125,13,1598.99,2,Loyal Customers,4,4,3
CUST_00663,482,26,5647.47,0,Cannot Lose Them,2,5,5
CUST_00664,307,1,18.76,4,Need Attention,3,1,1
CUST_00665,2,8,1235.68,2,Potential Loyalists,5,3,3
CUST_00666,72,28,7594.65,7,Champions,4,5,5
CUST_00667,103,18,2415.19,6,Champions,4,4,4
CUST_00668,314,6,677.45,4,Need Attention,3,2,2
CUST_00669,667,3,369.31,5,Hibernating,1,2,2
CUST_00670,72,32,8832.46,3,Champions,4,5,5
CUST_00671,83,16,1579.1,2,Loyal Customers,4,4,3
CUST_00672,88,11,2219.66,2,Champions,4,4,4
CUST_00673,26,9,1719.55,2,Potential Loyalists,5,3,4
CUST_00674,432,2,56.09,1,Hibernating,2,1,1
CUST_00675,523,1,15.52,1,Hibernating,2,1,1
CUST_00676,121,35,6416.71,7,Champions,4,5,5
CUST_00677,7,21,6188.88,7,Champions,5,5,5
CUST_00678,363,3,220.35,4,Need Attention,3,2,1
CUST_00679,245,8,1300.16,4,Need Attention,3,3,3
CUST_00680,23,14,2626.88,2,Champions,5,4,4
CUST_00681,217,21,4168.91,6,Loyal Customers,3,5,5
CUST_00682,262,9,917.48,4,Need Attention,3,3,3
CUST_00683,374,8,736.6600000000001,4,At Risk,2,3,2
CUST_00684,46,5,281.53,2,Potential Loyalists,5,2,2
CUST_00685,506,1,124.69,1,Hibernating,2,1,1
CUST_00686,442,8,1401.4299999999998,1,At Risk,2,3,3
CUST_00687,12,12,2354.45,2,Champions,5,4,4
CUST_00688,101,35,10249.49,3,Champions,4,5,5
CUST_00689,37,4,338.48,2,Potential Loyalists,5,2,2
CUST_00690,350,1,26.36,4,Need Attention,3,1,1
CUST_00691,436,2,160.41,1,Hibernating,2,1,1
CUST_00692,869,1,58.73,5,Hibernating,1,1,1
CUST_00693,474,3,423.15000000000003,1,Hibernating,2,2,2
CUST_00694,566,2,40.87,1,Hibernating,1,1,1
CUST_00695,660,1,10.07,5,Hibernating,1,1,1
CUST_00696,34,8,611.95,2,Potential Loyalists,5,3,2
CUST_00697,12,20,6479.62,7,Champions,5,5,5
CUST_00698,417,18,5059.13,0,Cannot Lose Them,2,4,5
CUST_00699,20,7,1072.73,2,Potential Loyalists,5,2,3
CUST_00700,526,1,87.31,1,Hibernating,2,1,1
CUST_00701,245,1,17.71,4,Need Attention,3,1,1
CUST_00702,149,2,117.11,4,New Customers,4,1,1
CUST_00703,579,6,389.52,1,Hibernating,1,2,2
CUST_00704,521,11,2150.84,1,Cannot Lose Them,2,4,4
CUST_00705,479,1,72.86,1,Hibernating,2,1,1
CUST_00706,356,36,12195.960000000001,3,Loyal Customers,3,5,5
CUST_00707,554,8,1403.19,1,At Risk,1,3,3
CUST_00708,216,14,2084.19,6,Champions,4,4,4
CUST_00709,27,13,1920.66,2,Champions,5,4,4
CUST_00710,661,10,1700.94,1,Cannot Lose Them,1,3,4
CUST_00711,354,18,2918.1,6,Loyal Customers,3,4,4
CUST_00712,150,9,1467.6799999999998,2,Potential Loyalists,4,3,3
CUST_00713,210,3,137.39,4,Potential Loyalists,4,2,1
CUST_00714,411,4,297.71000000000004,1,Hibernating,2,2,2
CUST_00715,76,27,7895.3,7,Champions,4,5,5
CUST_00716,743,1,66.19,5,Hibernating,1,1,1
CUST_00717,162,1,80.35,4,New Customers,4,1,1
CUST_00718,84,11,1258.8799999999999,2,Loyal Customers,4,4,3
CUST_00719,133,2,107.06,4,New Customers,4,1,1
CUST_00720,536,11,1667.69,1,Cannot Lose Them,1,4,4
CUST_00721,424,8,1093.89,1,At Risk,2,3,3
CUST_00722,11,12,1669.42,2,Champions,5,4,4
CUST_00723,600,4,604.7399999999999,1,Hibernating,1,2,2
CUST_00724,486,8,931.22,1,At Risk,2,3,3
CUST_00725,369,36,9531.63,3,Cannot Lose Them,2,5,5
CUST_00726,187,15,1934.74,6,Champions,4,4,4
CUST_00727,515,6,701.82,1,Hibernating,2,2,2
CUST_00728,100,40,10256.3,3,Champions,4,5,5
CUST_00729,113,23,7084.47,7,Champions,4,5,5
CUST_00730,27,17,6482.099999999999,7,Champions,5,4,5
CUST_00731,49,9,648.98,2,Potential Loyalists,5,3,2
CUST_00732,547,33,10018.32,0,Cannot Lose Them,1,5,5
CUST_00733,3,6,946.84,2,Potential Loyalists,5,2,3
CUST_00734,162,12,2012.32,2,Champions,4,4,4
CUST_00735,559,2,148.31,1,Hibernating,1,1,1
CUST_00736,85,16,2089.17,2,Champions,4,4,4
CUST_00737,65,31,8033.47,7,Champions,4,5,5
CUST_00738,185,2,292.0,4,New Customers,4,1,2
CUST_00739,220,5,232.45,4,Need Attention,3,2,1
CUST_00740,346,10,1496.22,6,Need Attention,3,3,3
CUST_00741,355,4,449.37,4,Need Attention,3,2,2
CUST_00742,368,9,1659.55,6,Cannot Lose Them,2,3,4
CUST_00743,100,18,2156.63,6,Champions,4,4,4
CUST_00744,147,18,3398.17,6,Champions,4,4,4
CUST_00745,293,16,2722.08,6,Loyal Customers,3,4,4
CUST_00746,449,1,71.5,1,Hibernating,2,1,1
CUST_00747,6,20,5202.88,7,Champions,5,5,5
CUST_00748,35,15,2689.13,2,Champions,5,4,4
CUST_00749,58,23,5219.2,7,Champions,4,5,5
CUST_00750,434,2,58.37,1,Hibernating,2,1,1
CUST_00751,320,8,1147.94,4,Need Attention,3,3,3
CUST_00752,188,8,1332.1,2,Potential Loyalists,4,3,3
CUST_00753,97,4,412.73,2,Potential Loyalists,4,2,2
CUST_00754,166,6,580.9300000000001,4,Potential Loyalists,4,2,2
CUST_00755,401,9,898.33,1,At Risk,2,3,3
CUST_00756,538,10,1992.68,1,Cannot Lose Them,1,3,4
CUST_00757,30,7,906.42,2,Potential Loyalists,5,2,3
CUST_00758,426,9,906.0,1,At Risk,2,3,3
CUST_00759,306,1,101.95,4,Need Attention,3,1,1
CUST_00760,626,1,159.23,5,Hibernating,1,1,1
CUST_00761,299,1,31.92,4,Need Attention,3,1,1
CUST_00762,119,12,1660.21,2,Champions,4,4,4
CUST_00763,12,13,2094.9,2,Champions,5,4,4
CUST_00764,523,19,6399.58,0,Cannot Lose Them,2,5,5
CUST_00765,38,10,1152.1,2,Potential Loyalists,5,3,3
CUST_00766,243,7,715.1,4,Need Attention,3,2,2
CUST_00767,427,37,10390.96,3,Cannot Lose Them,2,5,5
CUST_00768,61,5,504.73,2,Potential Loyalists,4,2,2
CUST_00769,417,9,1711.1399999999999,1,Cannot Lose Them,2,3,4
CUST_00770,404,2,150.78,1,Hibernating,2,1,1
CUST_00771,267,35,8928.24,3,Loyal Customers,3,5,5
CUST_00772,640,3,372.26,5,Hibernating,1,2,2
CUST_00773,558,1,130.03,1,Hibernating,1,1,1
CUST_00774,571,26,7127.95,0,Cannot Lose Them,1,5,5
CUST_00775,67,9,1260.11,2,Potential Loyalists,4,3,3
CUST_00776,290,2,29.880000000000003,4,Need Attention,3,1,1
CUST_00777,223,1,144.82,4,Need Attention,3,1,1
CUST_00778,77,38,13297.14,3,Champions,4,5,5
CUST_00779,234,1,56.5,4,Need Attention,3,1,1
CUST_00780,457,8,606.42,1,At Risk,2,3,2
CUST_00781,693,1,12.2,5,Hibernating,1,1,1
CUST_00782,413,28,8284.01,0,Cannot Lose Them,2,5,5
CUST_00783,257,11,2427.71,6,Loyal Customers,3,4,4
CUST_00784,617,11,1978.22,1,Cannot Lose Them,1,4,4
CUST_00785,742,1,15.14,5,Hibernating,1,1,1
CUST_00786,171,7,1041.09,4,Potential Loyalists,4,2,3
CUST_00787,22,9,1061.88,2,Potential Loyalists,5,3,3
CUST_00788,260,2,85.12,4,Need Attention,3,1,1
CUST_00789,26,13,3488.6,2,Champions,5,4,4
CUST_00790,242,13,2221.91,6,Loyal Customers,3,4,4
CUST_00791,34,14,2566.6,2,Champions,5,4,4
CUST_00792,31,8,1027.3,2,Potential Loyalists,5,3,3
CUST_00793,18,33,6932.73,7,Champions,5,5,5
CUST_00794,333,17,2662.89,6,Loyal Customers,3,4,4
CUST_00795,48,2,51.620000000000005,2,New Customers,5,1,1
CUST_00796,289,9,1309.49,4,Need Attention,3,3,3
CUST_00797,678,6,919.17,5,Hibernating,1,2,3
CUST_00798,526,1,249.78,1,Hibernating,2,1,1
CUST_00799,15,8,872.3199999999999,2,Potential Loyalists,5,3,3
CUST_00800,908,3,433.67,5,Hibernating,1,2,2
CUST_00801,422,26,9476.81,0,Cannot Lose Them,2,5,5
CUST_00802,460,13,1868.13,6,Cannot Lose Them,2,4,4
CUST_00803,60,7,1077.9,2,Potential Loyalists,4,2,3
CUST_00804,593,22,7172.38,0,Cannot Lose Them,1,5,5
CUST_00805,462,3,344.84,1,Hibernating,2,2,2
CUST_00806,402,7,998.07,1,Hibernating,2,2,3
CUST_00807,212,39,10900.76,3,Champions,4,5,5
CUST_00808,222,9,1086.05,4,Need Attention,3,3,3
CUST_00809,353,3,292.72,4,Need Attention,3,2,2
CUST_00810,500,1,7.59,1,Hibernating,2,1,1
CUST_00811,295,16,2171.15,6,Loyal Customers,3,4,4
CUST_00812,342,3,133.52,4,Need Attention,3,2,1
CUST_00813,33,12,2088.7,2,Champions,5,4,4
CUST_00814,354,2,193.22,4,Need Attention,3,1,1
CUST_00815,447,1,61.65,1,Hibernating,2,1,1
CUST_00816,38,12,2511.56,2,Champions,5,4,4
CUST_00817,672,5,523.29,5,Hibernating,1,2,2
CUST_00818,119,2,148.32,4,New Customers,4,1,1
CUST_00819,647,9,1793.52,1,Cannot Lose Them,1,3,4
CUST_00820,437,2,36.37,1,Hibernating,2,1,1
CUST_00821,208,16,4281.58,6,Champions,4,4,5
CUST_00822,520,12,1424.6599999999999,1,Loyal Customers,2,4,3
CUST_00823,46,2,237.66000000000003,2,New Customers,5,1,1
CUST_00824,33,9,997.2,2,Potential Loyalists,5,3,3
CUST_00825,392,10,1454.76,6,At Risk,2,3,3
CUST_00826,148,5,742.58,4,Potential Loyalists,4,2,2
CUST_00827,35,14,2006.76,2,Champions,5,4,4
CUST_00828,461,1,112.01,1,Hibernating,2,1,1
CUST_00829,768,3,171.38,5,Hibernating,1,2,1
CUST_00830,13,24,6349.53,7,Champions,5,5,5
CUST_00831,2,30,9078.62,3,Champions,5,5,5
CUST_00832,424,15,1701.63,6,Cannot Lose Them,2,4,4
CUST_00833,4,13,2365.24,2,Champions,5,4,4
CUST_00834,16,26,8990.4,7,Champions,5,5,5
CUST_00835,33,8,801.8,2,Potential Loyalists,5,3,2
CUST_00836,746,1,46.14,5,Hibernating,1,1,1
CUST_00837,127,7,641.02,2,Potential Loyalists,4,2,2
CUST_00838,57,5,598.3,2,Potential Loyalists,5,2,2
CUST_00839,744,2,329.17,5,Hibernating,1,1,2
CUST_00840,529,14,1951.57,1,Cannot Lose Them,2,4,4
CUST_00841,547,2,147.29,1,Hibernating,1,1,1
CUST_00842,234,28,7977.46,7,Loyal Customers,3,5,5
CUST_00843,681,1,30.12,5,Hibernating,1,1,1
CUST_00844,192,19,5150.44,7,Champions,4,5,5
CUST_00845,536,23,4820.86,0,Cannot Lose Them,1,5,5
CUST_00846,203,35,8570.26,3,Champions,4,5,5
CUST_00847,473,3,394.89,1,Hibernating,2,2,2
CUST_00848,20,19,5374.4,7,Champions,5,5,5
CUST_00849,518,28,10072.08,0,Cannot Lose Them,2,5,5
CUST_00850,120,7,1241.5,2,Potential Loyalists,4,2,3
CUST_00851,831,2,231.51,5,Hibernating,1,1,1
CUST_00852,724,9,2119.49,5,Cannot Lose Them,1,3,4
CUST_00853,317,7,1062.58,4,Need Attention,3,2,3
CUST_00854,717,2,49.69,5,Hibernating,1,1,1
CUST_00855,664,2,213.43,5,Hibernating,1,1,1
CUST_00856,324,1,65.59,4,Need Attention,3,1,1
CUST_00857,275,27,5245.95,7,Loyal Customers,3,5,5
CUST_00858,779,1,63.62,5,Hibernating,1,1,1
CUST_00859,481,2,334.93999999999994,1,Hibernating,2,1,2
CUST_00860,446,5,1124.53,1,Hibernating,2,2,3
CUST_00861,444,8,1566.06,1,At Risk,2,3,3
CUST_00862,84,9,1109.47,2,Potential Loyalists,4,3,3
CUST_00863,26,14,2479.91,2,Champions,5,4,4
CUST_00864,561,1,48.45,1,Hibernating,1,1,1
CUST_00865,203,5,562.3299999999999,4,Potential Loyalists,4,2,2
CUST_00866,897,1,130.9,5,Hibernating,1,1,1
CUST_00867,12,23,5663.33,7,Champions,5,5,5
CUST_00868,218,31,7255.15,7,Loyal Customers,3,5,5
CUST_00869,498,2,169.23000000000002,1,Hibernating,2,1,1
CUST_00870,486,4,1019.37,1,Hibernating,2,2,3
CUST_00871,64,4,245.07999999999998,2,Potential Loyalists,4,2,1
CUST_00872,35,6,734.8199999999999,2,Potential Loyalists,5,2,2
CUST_00873,204,40,10795.48,3,Champions,4,5,5
CUST_00874,414,22,6043.71,0,Cannot Lose Them,2,5,5
CUST_00875,8,6,722.97,2,Potential Loyalists,5,2,2
CUST_00876,7,16,3428.94,2,Champions,5,4,4
CUST_00877,244,3,486.61,4,Need Attention,3,2,2
CUST_00878,701,5,723.3,5,Hibernating,1,2,2
CUST_00879,200,26,7597.44,7,Champions,4,5,5
CUST_00880,199,5,1297.58,4,Potential Loyalists,4,2,3
CUST_00881,581,1,122.98,1,Hibernating,1,1,1
CUST_00882,571,11,2104.54,1,Cannot Lose Them,1,4,4
CUST_00883,14,10,2368.8,2,Potential Loyalists,5,3,4
CUST_00884,299,10,1190.07,6,Need Attention,3,3,3
CUST_00885,303,2,47.120000000000005,4,Need Attention,3,1,1
CUST_00886,410,12,1074.1200000000001,6,Loyal Customers,2,4,3
CUST_00887,575,26,9214.41,0,Cannot Lose Them,1,5,5
CUST_00888,251,10,1598.33,6,Need Attention,3,3,3
CUST_00889,3,16,2664.69,2,Champions,5,4,4
CUST_00890,52,4,463.82,2,Potential Loyalists,5,2,2
CUST_00891,40,8,1048.24,2,Potential Loyalists,5,3,3
CUST_00892,439,8,787.44,1,At Risk,2,3,2
CUST_00893,152,8,999.27,2,Potential Loyalists,4,3,3
CUST_00894,365,2,27.520000000000003,4,Need Attention,3,1,1
CUST_00895,370,14,2680.29,6,Cannot Lose Them,2,4,4
CUST_00896,17,9,1553.2,2,Potential Loyalists,5,3,3
CUST_00897,628,2,108.92,5,Hibernating,1,1,1
CUST_00898,646,5,376.02,5,Hibernating,1,2,2
CUST_00899,11,10,2260.86,2,Potential Loyalists,5,3,4
CUST_00900,1,10,1594.24,2,Potential Loyalists,5,3,3
CUST_00901,72,16,3618.0,2,Champions,4,4,4
CUST_00902,406,30,9440.6,0,Cannot Lose Them,2,5,5
CUST_00903,69,8,960.42,2,Potential Loyalists,4,3,3
CUST_00904,116,9,1237.65,2,Potential Loyalists,4,3,3
CUST_00905,36,5,442.82,2,Potential Loyalists,5,2,2
CUST_00906,246,26,6247.5,7,Loyal Customers,3,5,5
CUST_00907,373,6,552.76,4,Hibernating,2,2,2
CUST_00908,338,10,1249.91,6,Need Attention,3,3,3
CUST_00909,197,2,451.1,4,New Customers,4,1,2
CUST_00910,120,2,160.0,4,New Customers,4,1,1
CUST_00911,87,8,1070.24,2,Potential Loyalists,4,3,3
CUST_00912,392,12,1789.1299999999999,6,Cannot Lose Them,2,4,4
CUST_00913,262,15,2292.56,6,Loyal Customers,3,4,4
CUST_00914,441,30,7992.9400000000005,0,Cannot Lose Them,2,5,5
CUST_00915,132,9,1035.08,2,Potential Loyalists,4,3,3
CUST_00916,523,6,608.4,1,Hibernating,2,2,2
CUST_00917,96,9,889.6700000000001,2,Potential Loyalists,4,3,3
CUST_00918,685,2,58.32,5,Hibernating,1,1,1
CUST_00919,533,14,2095.1,1,Cannot Lose Them,1,4,4
CUST_00920,155,30,6100.58,7,Champions,4,5,5
CUST_00921,93,4,569.36,2,Potential Loyalists,4,2,2
CUST_00922,113,6,1337.34,2,Potential Loyalists,4,2,3
CUST_00923,13,26,5728.05,7,Champions,5,5,5
CUST_00924,63,6,975.25,2,Potential Loyalists,4,2,3
CUST_00925,80,12,2288.39,2,Champions,4,4,4
CUST_00926,304,4,716.92,4,Need Attention,3,2,2
CUST_00927,303,6,503.14,4,Need Attention,3,2,2
CUST_00928,262,5,855.5400000000001,4,Need Attention,3,2,3
CUST_00929,180,41,8530.72,3,Champions,4,5,5
CUST_00930,583,5,605.79,1,Hibernating,1,2,2
CUST_00931,421,9,1690.2600000000002,1,Cannot Lose Them,2,3,4
CUST_00932,54,14,2247.9,2,Champions,5,4,4
CUST_00933,70,30,10649.56,3,Champions,4,5,5
CUST_00934,12,6,691.7,2,Potential Loyalists,5,2,2
CUST_00935,186,7,780.8000000000001,4,Potential Loyalists,4,2,2
CUST_00936,762,4,615.9,5,Hibernating,1,2,2
CUST_00937,149,2,368.02,4,New Customers,4,1,2
CUST_00938,474,14,1659.1,6,Cannot Lose Them,2,4,4
CUST_00939,207,6,385.23,4,Potential Loyalists,4,2,2
CUST_00940,269,24,5386.29,7,Loyal Customers,3,5,5
CUST_00941,421,14,1798.22,6,Cannot Lose Them,2,4,4
CUST_00942,504,6,425.56,1,Hibernating,2,2,2
CUST_00943,15,29,8399.47,7,Champions,5,5,5
CUST_00944,557,3,267.65,1,Hibernating,1,2,1
CUST_00945,19,11,3008.07,2,Champions,5,4,4
CUST_00946,299,24,9458.59,0,Loyal Customers,3,5,5
CUST_00947,494,10,1970.35,1,Cannot Lose Them,2,3,4
CUST_00948,531,1,53.87,1,Hibernating,1,1,1
CUST_00949,12,27,7449.26,7,Champions,5,5,5
CUST_00950,241,25,6174.92,7,Loyal Customers,3,5,5
CUST_00951,192,41,12397.81,3,Champions,4,5,5
CUST_00952,16,22,6339.65,7,Champions,5,5,5
CUST_00953,707,4,618.95,5,Hibernating,1,2,2
CUST_00954,510,12,2128.07,1,Cannot Lose Them,2,4,4
CUST_00955,396,39,10836.32,3,Cannot Lose Them,2,5,5
CUST_00956,546,29,10047.72,0,Cannot Lose Them,1,5,5
CUST_00957,638,20,4198.83,0,Cannot Lose Them,1,5,5
CUST_00958,14,20,6847.53,7,Champions,5,5,5
CUST_00959,30,12,2569.89,2,Champions,5,4,4
CUST_00960,827,2,104.1,5,Hibernating,1,1,1
CUST_00961,5,35,9342.03,3,Champions,5,5,5
CUST_00962,387,37,10854.51,3,Cannot Lose Them,2,5,5
CUST_00963,95,5,377.4,2,Potential Loyalists,4,2,2
CUST_00964,565,12,2324.82,1,Cannot Lose Them,1,4,4
CUST_00965,244,4,465.46999999999997,4,Need Attention,3,2,2
CUST_00966,63,17,2294.57,2,Champions,4,4,4
CUST_00967,350,4,647.7,4,Need Attention,3,2,2
CUST_00968,657,4,865.46,5,Hibernating,1,2,3
CUST_00969,614,22,7652.61,0,Cannot Lose Them,1,5,5
CUST_00970,50,9,1261.38,2,Potential Loyalists,5,3,3
CUST_00971,2,11,1813.09,2,Champions,5,4,4
CUST_00972,5,34,9005.54,3,Champions,5,5,5
CUST_00973,376,1,14.93,4,Hibernating,2,1,1
CUST_00974,293,2,186.94,4,Need Attention,3,1,1
CUST_00975,69,4,260.92,2,Potential Loyalists,4,2,1
CUST_00976,77,6,807.79,2,Potential Loyalists,4,2,2
CUST_00977,144,4,559.46,4,Potential Loyalists,4,2,2
CUST_00978,10,17,1407.37,2,Loyal Customers,5,4,3
CUST_00979,141,2,70.89,4,New Customers,4,1,1
CUST_00980,562,1,65.12,1,Hibernating,1,1,1
CUST_00981,574,7,1300.75,1,Hibernating,1,2,3
CUST_00982,373,16,2759.28,6,Cannot Lose Them,2,4,4
CUST_00983,424,23,6222.45,0,Cannot Lose Them,2,5,5
CUST_00984,272,9,706.85,4,Need Attention,3,3,2
CUST_00985,401,10,1997.0700000000002,6,Cannot Lose Them,2,3,4
CUST_00986,406,9,1106.78,1,At Risk,2,3,3
CUST_00987,505,11,2021.32,1,Cannot Lose Them,2,4,4
CUST_00988,242,4,599.23,4,Need Attention,3,2,2
CUST_00989,480,6,395.20000000000005,1,Hibernating,2,2,2
CUST_00990,549,3,191.20999999999998,1,Hibernating,1,2,1
CUST_00991,312,18,2603.44,6,Loyal Customers,3,4,4
CUST_00992,532,2,99.54,1,Hibernating,1,1,1
CUST_00993,12,8,2100.2000000000003,2,Potential Loyalists,5,3,4
CUST_00994,20,9,1146.99,2,Potential Loyalists,5,3,3
CUST_00995,521,20,6964.78,0,Cannot Lose Them,2,5,5
CUST_00996,115,39,9080.380000000001,3,Champions,4,5,5
CUST_00997,750,2,136.96,5,Hibernating,1,1,1
CUST_00998,564,2,166.86999999999998,1,Hibernating,1,1,1
CUST_00999,17,21,6320.78,7,Champions,5,5,5
CUST_01000,1,6,662.48,2,Potential Loyalists,5,2,2
CUST_01001,278,41,13917.15,3,Loyal Customers,3,5,5
CUST_01002,312,19,4924.66,6,Loyal Customers,3,5,5
CUST_01003,14,32,6939.16,7,Champions,5,5,5
CUST_01004,197,8,568.24,4,Potential Loyalists,4,3,2
CUST_01005,11,7,367.01,2,Potential Loyalists,5,2,2
CUST_01006,45,10,1543.31,2,Potential Loyalists,5,3,3
CUST_01007,640,1,86.24,5,Hibernating,1,1,1
CUST_01008,1,35,11429.59,3,Champions,5,5,5
CUST_01009,134,23,7636.36,7,Champions,4,5,5
CUST_01010,22,32,11321.97,3,Champions,5,5,5
CUST_01011,288,7,658.79,4,Need Attention,3,2,2
CUST_01012,299,1,29.85,4,Need Attention,3,1,1
CUST_01013,266,3,620.0,4,Need Attention,3,2,2
CUST_01014,5,29,8832.72,7,Champions,5,5,5
CUST_01015,121,6,906.03,2,Potential Loyalists,4,2,3
CUST_01016,610,1,40.42,5,Hibernating,1,1,1
CUST_01017,654,11,1529.01,1,Loyal Customers,1,4,3
CUST_01018,602,1,27.77,5,Hibernating,1,1,1
CUST_01019,114,5,933.34,2,Potential Loyalists,4,2,3
CUST_01020,874,1,29.18,5,Hibernating,1,1,1
CUST_01021,280,6,756.61,4,Need Attention,3,2,2
CUST_01022,450,2,60.16,1,Hibernating,2,1,1
CUST_01023,377,1,18.16,4,Hibernating,2,1,1
CUST_01024,538,9,814.6500000000001,1,At Risk,1,3,2
CUST_01025,144,24,7014.22,7,Champions,4,5,5
CUST_01026,29,7,678.6,2,Potential Loyalists,5,2,2
CUST_01027,220,3,263.62,4,Need Attention,3,2,1
CUST_01028,3,12,1224.44,2,Loyal Customers,5,4,3
CUST_01029,2,8,1614.67,2,Potential Loyalists,5,3,3
CUST_01030,571,1,11.58,1,Hibernating,1,1,1
CUST_01031,625,4,747.2800000000001,1,Hibernating,1,2,2
CUST_01032,452,1,17.8,1,Hibernating,2,1,1
CUST_01033,19,12,2088.13,2,Champions,5,4,4
CUST_01034,31,10,784.0,2,Potential Loyalists,5,3,2
CUST_01035,566,4,165.24,1,Hibernating,1,2,1
CUST_01036,260,18,2866.28,6,Loyal Customers,3,4,4
CUST_01037,220,14,2077.06,6,Loyal Customers,3,4,4
CUST_01038,132,15,2230.0,2,Champions,4,4,4
CUST_01039,167,8,1680.33,2,Potential Loyalists,4,3,4
CUST_01040,240,4,654.01,4,Need Attention,3,2,2
CUST_01041,467,22,7374.71,0,Cannot Lose Them,2,5,5
CUST_01042,483,32,9530.07,0,Cannot Lose Them,2,5,5
CUST_01043,409,19,6352.47,0,Cannot Lose Them,2,5,5
CUST_01044,112,12,1998.58,2,Champions,4,4,4
CUST_01045,213,2,313.58000000000004,4,New Customers,4,1,2
CUST_01046,509,3,169.96,1,Hibernating,2,2,1
CUST_01047,261,6,1634.87,4,Need Attention,3,2,3
CUST_01048,559,1,31.83,1,Hibernating,1,1,1
CUST_01049,365,9,523.54,4,Need Attention,3,3,2
CUST_01050,521,18,4736.37,0,Cannot Lose Them,2,4,5
CUST_01051,49,6,1198.69,2,Potential Loyalists,5,2,3
CUST_01052,6,14,2142.4700000000003,2,Champions,5,4,4
CUST_01053,23,7,1079.24,2,Potential Loyalists,5,2,3
CUST_01054,423,2,109.69,1,Hibernating,2,1,1
CUST_01055,809,1,139.48,5,Hibernating,1,1,1
CUST_01056,41,8,626.02,2,Potential Loyalists,5,3,2
CUST_01057,95,8,805.05,2,Potential Loyalists,4,3,2
CUST_01058,239,8,1202.31,4,Need Attention,3,3,3
CUST_01059,135,6,663.0,2,Potential Loyalists,4,2,2
CUST_01060,481,31,8590.72,0,Cannot Lose Them,2,5,5
CUST_01061,451,1,90.26,1,Hibernating,2,1,1
CUST_01062,502,6,740.68,1,Hibernating,2,2,2
CUST_01063,216,18,5505.09,7,Champions,4,4,5
CUST_01064,355,2,26.0,4,Need Attention,3,1,1
CUST_01065,491,11,1138.08,1,Loyal Customers,2,4,3
CUST_01066,289,19,5294.81,6,Loyal Customers,3,5,5
CUST_01067,82,4,573.02,2,Potential Loyalists,4,2,2
CUST_01068,783,5,1199.23,5,Hibernating,1,2,3
CUST_01069,585,30,8205.28,0,Cannot Lose Them,1,5,5
CUST_01070,302,9,1037.75,4,Need Attention,3,3,3
CUST_01071,176,1,7.84,4,New Customers,4,1,1
CUST_01072,34,8,1061.47,2,Potential Loyalists,5,3,3
CUST_01073,17,7,1156.3,2,Potential Loyalists,5,2,3
CUST_01074,9,18,4492.42,7,Champions,5,4,5
CUST_01075,19,8,1018.82,2,Potential Loyalists,5,3,3
CUST_01076,355,3,402.86999999999995,4,Need Attention,3,2,2
CUST_01077,855,1,60.64,5,Hibernating,1,1,1
CUST_01078,759,1,73.75,5,Hibernating,1,1,1
CUST_01079,48,12,2068.74,2,Champions,5,4,4
CUST_01080,68,6,494.0,2,Potential Loyalists,4,2,2
CUST_01081,66,27,8180.28,7,Champions,4,5,5
CUST_01082,405,30,6682.38,0,Cannot Lose Them,2,5,5
CUST_01083,304,3,620.16,4,Need Attention,3,2,2
CUST_01084,50,26,7973.41,7,Champions,5,5,5
CUST_01085,401,1,118.98,4,Hibernating,2,1,1
CUST_01086,353,2,41.760000000000005,4,Need Attention,3,1,1
CUST_01087,44,30,6514.96,7,Champions,5,5,5
CUST_01088,349,1,23.01,4,Need Attention,3,1,1
CUST_01089,169,8,1109.85,2,Potential Loyalists,4,3,3
CUST_01090,671,2,318.11,5,Hibernating,1,1,2
CUST_01091,2,30,10789.97,3,Champions,5,5,5
CUST_01092,563,3,203.96,1,Hibernating,1,2,1
CUST_01093,282,3,163.11,4,Need Attention,3,2,1
CUST_01094,353,4,828.3299999999999,4,Need Attention,3,2,2
CUST_01095,426,11,969.9,1,Loyal Customers,2,4,3
CUST_01096,516,11,2082.0,1,Cannot Lose Them,2,4,4
CUST_01097,47,4,631.3700000000001,2,Potential Loyalists,5,2,2
CUST_01098,66,5,490.38,2,Potential Loyalists,4,2,2
CUST_01099,18,34,12197.5,3,Champions,5,5,5
CUST_01100,778,1,83.12,5,Hibernating,1,1,1
CUST_01101,37,8,1429.92,2,Potential Loyalists,5,3,3
CUST_01102,226,5,655.3399999999999,4,Need Attention,3,2,2
CUST_01103,456,34,9239.05,0,Cannot Lose Them,2,5,5
CUST_01104,513,4,355.37,1,Hibernating,2,2,2
CUST_01105,317,7,1124.63,4,Need Attention,3,2,3
CUST_01106,296,12,2078.5,6,Loyal Customers,3,4,4
CUST_01107,401,8,821.6600000000001,1,At Risk,2,3,2
CUST_01108,34,5,504.52,2,Potential Loyalists,5,2,2
CUST_01109,430,14,3626.67,6,Cannot Lose Them,2,4,4
CUST_01110,363,8,1547.28,4,Need Attention,3,3,3
CUST_01111,46,39,10646.57,3,Champions,5,5,5
CUST_01112,568,23,6721.84,0,Cannot Lose Them,1,5,5
CUST_01113,389,6,960.88,1,Hibernating,2,2,3
CUST_01114,224,17,2673.13,6,Loyal Customers,3,4,4
CUST_01115,131,5,683.62,2,Potential Loyalists,4,2,2
CUST_01116,335,9,956.1800000000001,4,Need Attention,3,3,3
CUST_01117,328,4,293.21000000000004,4,Need Attention,3,2,2
CUST_01118,314,1,55.39,4,Need Attention,3,1,1
CUST_01119,290,4,964.87,4,Need Attention,3,2,3
CUST_01120,43,2,164.68,2,New Customers,5,1,1
CUST_01121,572,6,1084.86,1,Hibernating,1,2,3
CUST_01122,200,15,2711.69,6,Champions,4,4,4
CUST_01123,227,10,1467.3,6,Need Attention,3,3,3
CUST_01124,12,12,2646.92,2,Champions,5,4,4
CUST_01125,570,7,1116.96,1,At Risk,1,3,3
CUST_01126,51,38,10290.64,3,Champions,5,5,5
CUST_01127,379,2,99.38999999999999,4,Hibernating,2,1,1
CUST_01128,495,9,1373.84,1,At Risk,2,3,3
CUST_01129,10,9,1792.5900000000001,2,Potential Loyalists,5,3,4
CUST_01130,222,16,2173.15,6,Loyal Customers,3,4,4
CUST_01131,157,17,2240.0099999999998,6,Champions,4,4,4
CUST_01132,182,38,9469.28,3,Champions,4,5,5
CUST_01133,259,16,2486.43,6,Loyal Customers,3,4,4
CUST_01134,407,7,1280.8600000000001,1,At Risk,2,3,3
CUST_01135,577,13,2181.0299999999997,1,Cannot Lose Them,1,4,4
CUST_01136,32,5,278.94,2,Potential Loyalists,5,2,2
CUST_01137,362,5,215.27999999999997,4,Need Attention,3,2,1
CUST_01138,766,4,625.64,5,Hibernating,1,2,2
CUST_01139,160,8,1090.12,2,Potential Loyalists,4,3,3
CUST_01140,366,1,23.76,4,Hibernating,2,1,1
CUST_01141,696,5,739.2,5,Hibernating,1,2,2
CUST_01142,448,27,6955.6,0,Cannot Lose Them,2,5,5
CUST_01143,25,10,2165.75,2,Potential Loyalists,5,3,4
CUST_01144,293,17,3065.87,6,Loyal Customers,3,4,4
CUST_01145,53,7,530.56,2,Potential Loyalists,5,3,2
CUST_01146,806,1,211.04,5,Hibernating,1,1,1
CUST_01147,134,12,2545.17,2,Champions,4,4,4
CUST_01148,535,3,448.16,1,Hibernating,1,2,2
CUST_01149,462,26,5893.64,0,Cannot Lose Them,2,5,5
CUST_01150,51,2,145.95999999999998,2,New Customers,5,1,1
CUST_01151,605,12,1751.19,1,Cannot Lose Them,1,4,4
CUST_01152,311,4,173.76,4,Need Attention,3,2,1
CUST_01153,286,3,242.85000000000002,4,Need Attention,3,2,1
CUST_01154,31,5,806.1800000000001,2,Potential Loyalists,5,2,2
CUST_01155,438,37,10069.51,3,Cannot Lose Them,2,5,5
CUST_01156,180,20,4107.88,6,Champions,4,5,5
CUST_01157,412,33,9555.03,3,Cannot Lose Them,2,5,5
CUST_01158,122,10,1420.94,2,Potential Loyalists,4,3,3
CUST_01159,241,4,712.96,4,Need Attention,3,2,2
CUST_01160,498,31,6739.5,0,Cannot Lose Them,2,5,5
CUST_01161,69,20,4901.24,7,Champions,4,5,5
CUST_01162,159,1,69.86,4,New Customers,4,1,1
CUST_01163,786,1,108.45,5,Hibernating,1,1,1
CUST_01164,356,27,8187.0,0,Loyal Customers,3,5,5
CUST_01165,467,1,38.03,1,Hibernating,2,1,1
CUST_01166,197,7,755.28,4,Potential Loyalists,4,3,2
CUST_01167,363,16,2550.86,6,Loyal Customers,3,4,4
CUST_01168,11,12,3208.17,2,Champions,5,4,4
CUST_01169,442,7,819.69,1,At Risk,2,3,2
CUST_01170,45,8,968.26,2,Potential Loyalists,5,3,3
CUST_01171,9,7,1241.8799999999999,2,Potential Loyalists,5,3,3
CUST_01172,690,22,5521.86,0,Cannot Lose Them,1,5,5
CUST_01173,265,15,1968.7,6,Loyal Customers,3,4,4
CUST_01174,442,5,800.0699999999999,1,Hibernating,2,2,2
CUST_01175,155,7,895.94,2,Potential Loyalists,4,3,3
CUST_01176,134,8,979.88,2,Potential Loyalists,4,3,3
CUST_01177,25,9,1397.42,2,Potential Loyalists,5,3,3
CUST_01178,913,1,39.85,5,Hibernating,1,1,1
CUST_01179,914,1,96.57,5,Hibernating,1,1,1
CUST_01180,16,10,1028.71,2,Potential Loyalists,5,3,3
CUST_01181,239,1,13.12,4,Need Attention,3,1,1
CUST_01182,530,9,1885.07,1,Cannot Lose Them,2,3,4
CUST_01183,41,9,1042.77,2,Potential Loyalists,5,3,3
CUST_01184,585,8,1003.01,1,At Risk,1,3,3
CUST_01185,637,10,734.32,1,At Risk,1,3,2
CUST_01186,45,7,823.98,2,Potential Loyalists,5,3,2
CUST_01187,311,15,2806.84,6,Loyal Customers,3,4,4
CUST_01188,10,22,5631.04,7,Champions,5,5,5
CUST_01189,48,7,837.11,2,Potential Loyalists,5,3,3
CUST_01190,8,22,4630.14,7,Champions,5,5,5
CUST_01191,467,8,829.26,1,At Risk,2,3,2
CUST_01192,6,24,7470.72,7,Champions,5,5,5
CUST_01193,9,15,2190.77,2,Champions,5,4,4
CUST_01194,683,2,266.90000000000003,5,Hibernating,1,1,1
CUST_01195,349,8,2019.44,6,Need Attention,3,3,4
CUST_01196,8,18,2906.3,2,Champions,5,4,4
CUST_01197,409,30,7988.58,0,Cannot Lose Them,2,5,5
CUST_01198,11,23,5890.5,7,Champions,5,5,5
CUST_01199,298,1,145.44,4,Need Attention,3,1,1
CUST_01200,93,17,3075.54,6,Champions,4,4,4
CUST_01201,274,2,197.53,4,Need Attention,3,1,1
CUST_01202,94,2,101.83,4,New Customers,4,1,1
CUST_01203,60,6,620.64,2,Potential Loyalists,4,2,2
CUST_01204,485,7,782.97,1,At Risk,2,3,2
CUST_01205,187,9,2419.3900000000003,2,Potential Loyalists,4,3,4
CUST_01206,215,19,5887.860000000001,7,Champions,4,5,5
CUST_01207,319,33,8996.7,3,Loyal Customers,3,5,5
CUST_01208,55,8,1435.05,2,Potential Loyalists,5,3,3
CUST_01209,607,4,425.24,1,Hibernating,1,2,2
CUST_01210,612,3,224.82,1,Hibernating,1,2,1
CUST_01211,11,8,1590.57,2,Potential Loyalists,5,3,3
CUST_01212,296,10,1703.47,6,Need Attention,3,3,4
CUST_01213,405,22,6855.7699999999995,0,Cannot Lose Them,2,5,5
CUST_01214,402,10,1218.3,1,At Risk,2,3,3
CUST_01215,126,2,27.94,4,New Customers,4,1,1
CUST_01216,609,4,164.0,1,Hibernating,1,2,1
CUST_01217,897,1,306.78,5,Hibernating,1,1,2
CUST_01218,21,10,1749.97,2,Potential Loyalists,5,3,4
CUST_01219,209,11,2491.89,6,Champions,4,4,4
CUST_01220,325,8,1501.85,4,Need Attention,3,3,3
CUST_01221,30,15,2603.42,2,Champions,5,4,4
CUST_01222,83,17,2723.5099999999998,2,Champions,4,4,4
CUST_01223,528,1,162.53,1,Hibernating,2,1,1
CUST_01224,2,36,10860.26,3,Champions,5,5,5
CUST_01225,163,9,1655.06,2,Potential Loyalists,4,3,4
CUST_01226,323,20,6412.42,0,Loyal Customers,3,5,5
CUST_01227,585,8,696.88,1,At Risk,1,3,2
CUST_01228,458,2,70.62,1,Hibernating,2,1,1
CUST_01229,382,1,301.42,4,Hibernating,2,1,2
CUST_01230,741,3,327.22,5,Hibernating,1,2,2
CUST_01231,90,13,2643.16,2,Champions,4,4,4
CUST_01232,317,9,1308.96,4,Need Attention,3,3,3
CUST_01233,276,1,9.82,4,Need Attention,3,1,1
CUST_01234,84,36,9001.19,3,Champions,4,5,5
CUST_01235,167,28,7645.54,7,Champions,4,5,5
CUST_01236,212,1,101.57,4,New Customers,4,1,1
CUST_01237,364,22,7037.3,0,Loyal Customers,3,5,5
CUST_01238,960,1,22.84,5,Hibernating,1,1,1
CUST_01239,746,21,5724.84,0,Cannot Lose Them,1,5,5
CUST_01240,614,21,5270.37,0,Cannot Lose Them,1,5,5
CUST_01241,200,9,989.53,4,Potential Loyalists,4,3,3
CUST_01242,272,14,1968.0700000000002,6,Loyal Customers,3,4,4
CUST_01243,382,16,2217.38,6,Cannot Lose Them,2,4,4
CUST_01244,530,1,49.08,1,Hibernating,2,1,1
CUST_01245,33,8,905.27,2,Potential Loyalists,5,3,3
CUST_01246,503,3,467.48,1,Hibernating,2,2,2
CUST_01247,585,11,2044.15,1,Cannot Lose Them,1,4,4
CUST_01248,25,21,4876.62,7,Champions,5,5,5
CUST_01249,468,14,2113.83,6,Cannot Lose Them,2,4,4
CUST_01250,9,16,2028.83,2,Champions,5,4,4
CUST_01251,545,20,5492.41,0,Cannot Lose Them,1,5,5
CUST_01252,233,13,1988.45,6,Loyal Customers,3,4,4
CUST_01253,419,6,554.31,1,Hibernating,2,2,2
CUST_01254,447,3,452.53,1,Hibernating,2,2,2
CUST_01255,436,7,717.5500000000001,1,At Risk,2,3,2
CUST_01256,261,28,7312.98,7,Loyal Customers,3,5,5
CUST_01257,214,8,1354.0,4,Potential Loyalists,4,3,3
CUST_01258,360,2,365.29,4,Need Attention,3,1,2
CUST_01259,252,4,620.87,4,Need Attention,3,2,2
CUST_01260,179,42,11647.25,3,Champions,4,5,5
CUST_01261,332,15,2831.18,6,Loyal Customers,3,4,4
CUST_01262,651,1,34.86,5,Hibernating,1,1,1
CUST_01263,250,1,107.97,4,Need Attention,3,1,1
CUST_01264,438,3,268.03,1,Hibernating,2,2,1
CUST_01265,89,9,1822.66,2,Potential Loyalists,4,3,4
CUST_01266,506,2,196.16,1,Hibernating,2,1,1
CUST_01267,9,8,799.75,2,Potential Loyalists,5,3,2
CUST_01268,290,8,1333.9499999999998,4,Need Attention,3,3,3
CUST_01269,366,9,2286.98,6,Cannot Lose Them,2,3,4
CUST_01270,623,10,1627.76,1,At Risk,1,3,3
CUST_01271,1,22,6219.91,7,Champions,5,5,5
CUST_01272,15,29,6897.82,7,Champions,5,5,5
CUST_01273,511,14,2784.85,6,Cannot Lose Them,2,4,4
CUST_01274,481,9,1477.41,1,At Risk,2,3,3
CUST_01275,26,8,1303.8600000000001,2,Potential Loyalists,5,3,3
CUST_01276,365,15,2618.34,6,Loyal Customers,3,4,4
CUST_01277,38,12,1645.45,2,Loyal Customers,5,4,3
CUST_01278,182,1,19.28,4,New Customers,4,1,1
CUST_01279,4,28,7505.02,7,Champions,5,5,5
CUST_01280,761,18,5008.65,0,Cannot Lose Them,1,4,5
CUST_01281,611,3,435.44,1,Hibernating,1,2,2
CUST_01282,306,9,1146.96,4,Need Attention,3,3,3
CUST_01283,444,9,1502.83,1,At Risk,2,3,3
CUST_01284,290,22,5523.67,0,Loyal Customers,3,5,5
CUST_01285,13,9,1373.48,2,Potential Loyalists,5,3,3
CUST_01286,454,5,928.9300000000001,1,Hibernating,2,2,3
CUST_01287,32,7,1085.21,2,Potential Loyalists,5,3,3
CUST_01288,193,9,776.96,4,Potential Loyalists,4,3,2
CUST_01289,507,10,2101.99,1,Cannot Lose Them,2,3,4
CUST_01290,443,30,8364.09,0,Cannot Lose Them,2,5,5
CUST_01291,353,8,985.46,4,Need Attention,3,3,3
CUST_01292,297,10,1665.17,6,Need Attention,3,3,4
CUST_01293,26,17,3648.6400000000003,2,Champions,5,4,4
CUST_01294,6,23,6493.44,7,Champions,5,5,5
CUST_01295,544,2,187.23,1,Hibernating,1,1,1
CUST_01296,187,3,153.06,4,Potential Loyalists,4,2,1
CUST_01297,132,8,482.75,2,Potential Loyalists,4,3,2
CUST_01298,112,41,9837.63,3,Champions,4,5,5
CUST_01299,355,5,754.73,4,Need Attention,3,2,2
CUST_01300,687,4,485.25,5,Hibernating,1,2,2
CUST_01301,448,6,779.9200000000001,1,Hibernating,2,2,2
CUST_01302,305,34,8720.78,3,Loyal Customers,3,5,5
CUST_01303,573,2,174.68,1,Hibernating,1,1,1
CUST_01304,726,10,1725.71,5,Cannot Lose Them,1,3,4
CUST_01305,218,7,1360.02,4,Need Attention,3,3,3
CUST_01306,434,2,230.06,1,Hibernating,2,1,1
CUST_01307,538,4,615.45,1,Hibernating,1,2,2
CUST_01308,642,1,70.04,5,Hibernating,1,1,1
CUST_01309,744,2,170.35,5,Hibernating,1,1,1
CUST_01310,236,8,1533.4099999999999,4,Need Attention,3,3,3
CUST_01311,832,4,216.15,5,Hibernating,1,2,1
CUST_01312,824,1,89.08,5,Hibernating,1,1,1
CUST_01313,384,4,410.09000000000003,4,Hibernating,2,2,2
CUST_01314,145,21,5609.46,7,Champions,4,5,5
CUST_01315,267,8,571.68,4,Need Attention,3,3,2
CUST_01316,211,2,108.66999999999999,4,New Customers,4,1,1
CUST_01317,750,9,2056.67,5,Cannot Lose Them,1,3,4
CUST_01318,103,21,6175.02,7,Champions,4,5,5
CUST_01319,323,9,630.03,4,Need Attention,3,3,2
CUST_01320,348,31,10025.51,3,Loyal Customers,3,5,5
CUST_01321,40,7,762.04,2,Potential Loyalists,5,3,2
CUST_01322,806,2,234.37,5,Hibernating,1,1,1
CUST_01323,173,8,636.25,2,Potential Loyalists,4,3,2
CUST_01324,378,2,75.23,4,Hibernating,2,1,1
CUST_01325,332,16,2965.16,6,Loyal Customers,3,4,4
CUST_01326,251,2,587.0699999999999,4,Need Attention,3,1,2
CUST_01327,6,29,8549.039999999999,7,Champions,5,5,5
CUST_01328,13,9,1191.32,2,Potential Loyalists,5,3,3
CUST_01329,375,11,1190.34,6,Loyal Customers,2,4,3
CUST_01330,245,5,455.02,4,Need Attention,3,2,2
CUST_01331,510,6,851.89,1,Hibernating,2,2,3
CUST_01332,592,9,1673.96,1,Cannot Lose Them,1,3,4
CUST_01333,776,1,94.88,5,Hibernating,1,1,1
CUST_01334,272,2,127.72999999999999,4,Need Attention,3,1,1
CUST_01335,118,13,2408.96,2,Champions,4,4,4
CUST_01336,17,29,5572.05,7,Champions,5,5,5
CUST_01337,498,5,356.71000000000004,1,Hibernating,2,2,2
CUST_01338,334,15,1409.47,6,Loyal Customers,3,4,3
CUST_01339,40,7,617.89,2,Potential Loyalists,5,3,2
CUST_01340,12,6,494.74,2,Potential Loyalists,5,2,2
CUST_01341,572,1,177.57,1,Hibernating,1,1,1
CUST_01342,446,11,1904.98,1,Cannot Lose Them,2,4,4
CUST_01343,74,27,9823.26,3,Champions,4,5,5
CUST_01344,23,10,2627.24,2,Potential Loyalists,5,3,4
CUST_01345,21,9,1478.26,2,Potential Loyalists,5,3,3
CUST_01346,297,34,7979.33,3,Loyal Customers,3,5,5
CUST_01347,205,9,1411.01,2,Potential Loyalists,4,3,3
CUST_01348,874,1,77.69,5,Hibernating,1,1,1
CUST_01349,591,11,1638.44,1,Loyal Customers,1,4,3
CUST_01350,557,2,180.14,1,Hibernating,1,1,1
CUST_01351,646,2,242.87,5,Hibernating,1,1,1
CUST_01352,122,32,9847.34,3,Champions,4,5,5
CUST_01353,85,8,943.12,2,Potential Loyalists,4,3,3
CUST_01354,398,15,2943.0099999999998,6,Cannot Lose Them,2,4,4
CUST_01355,293,8,1505.42,4,Need Attention,3,3,3
CUST_01356,547,11,2485.65,1,Cannot Lose Them,1,4,4
CUST_01357,703,23,7897.1,0,Cannot Lose Them,1,5,5
CUST_01358,106,15,3596.96,6,Champions,4,4,4
CUST_01359,784,2,131.48000000000002,5,Hibernating,1,1,1
CUST_01360,296,1,61.94,4,Need Attention,3,1,1
CUST_01361,17,9,989.4200000000001,2,Potential Loyalists,5,3,3
CUST_01362,39,5,413.4,2,Potential Loyalists,5,2,2
CUST_01363,577,18,4442.349999999999,0,Cannot Lose Them,1,4,5
CUST_01364,409,7,1113.48,1,At Risk,2,3,3
CUST_01365,129,39,8495.7,3,Champions,4,5,5
CUST_01366,207,3,748.25,4,Potential Loyalists,4,2,2
CUST_01367,578,6,163.43,1,Hibernating,1,2,1
CUST_01368,672,4,709.07,5,Hibernating,1,2,2
CUST_01369,197,6,1165.29,4,Potential Loyalists,4,2,3
CUST_01370,190,11,1206.37,2,Loyal Customers,4,4,3
CUST_01371,328,1,28.32,4,Need Attention,3,1,1
CUST_01372,18,5,814.45,2,Potential Loyalists,5,2,2
CUST_01373,563,4,327.0,1,Hibernating,1,2,2
CUST_01374,612,11,1755.35,1,Cannot Lose Them,1,4,4
CUST_01375,344,2,37.17,4,Need Attention,3,1,1
CUST_01376,134,5,891.75,2,Potential Loyalists,4,2,3
CUST_01377,120,37,12308.61,3,Champions,4,5,5
CUST_01378,546,2,295.85,1,Hibernating,1,1,2
CUST_01379,450,4,693.5500000000001,1,Hibernating,2,2,2
CUST_01380,390,2,77.86999999999999,4,Hibernating,2,1,1
CUST_01381,378,13,2404.14,6,Cannot Lose Them,2,4,4
CUST_01382,21,9,761.9300000000001,2,Potential Loyalists,5,3,2
CUST_01383,335,5,747.04,4,Need Attention,3,2,2
CUST_01384,82,8,1040.2,2,Potential Loyalists,4,3,3
CUST_01385,48,35,9466.6,3,Champions,5,5,5
CUST_01386,604,2,111.53,1,Hibernating,1,1,1
CUST_01387,246,32,9966.07,3,Loyal Customers,3,5,5
CUST_01388,454,5,324.25,1,Hibernating,2,2,2
CUST_01389,762,1,88.8,5,Hibernating,1,1,1
CUST_01390,17,33,9037.57,3,Champions,5,5,5
CUST_01391,1,13,1890.5900000000001,2,Champions,5,4,4
CUST_01392,559,2,201.04,1,Hibernating,1,1,1
CUST_01393,25,4,403.73,2,Potential Loyalists,5,2,2
CUST_01394,398,6,691.4399999999999,1,Hibernating,2,2,2
CUST_01395,19,8,722.82,2,Potential Loyalists,5,3,2
CUST_01396,17,5,907.1,2,Potential Loyalists,5,2,3
CUST_01397,297,3,480.77000000000004,4,Need Attention,3,2,2
CUST_01398,266,14,2395.66,6,Loyal Customers,3,4,4
CUST_01399,449,17,3179.19,6,Cannot Lose Them,2,4,4
CUST_01400,744,1,20.11,5,Hibernating,1,1,1
CUST_01401,419,13,2678.76,6,Cannot Lose Them,2,4,4
CUST_01402,498,2,35.83,1,Hibernating,2,1,1
CUST_01403,400,7,773.5699999999999,1,At Risk,2,3,2
CUST_01404,680,1,24.62,5,Hibernating,1,1,1
CUST_01405,37,15,1850.96,2,Champions,5,4,4
CUST_01406,331,9,613.95,4,Need Attention,3,3,2
CUST_01407,7,28,9184.24,7,Champions,5,5,5
CUST_01408,420,10,2404.12,6,Cannot Lose Them,2,3,4
CUST_01409,536,12,1792.52,1,Cannot Lose Them,1,4,4
CUST_01410,27,15,2807.14,2,Champions,5,4,4
CUST_01411,13,7,1439.3999999999999,2,Potential Loyalists,5,3,3
CUST_01412,620,6,612.48,1,Hibernating,1,2,2
CUST_01413,395,5,300.35,1,Hibernating,2,2,2
CUST_01414,336,7,857.2,4,Need Attention,3,3,3
CUST_01415,892,1,5.88,5,Hibernating,1,1,1
CUST_01416,10,6,711.0,2,Potential Loyalists,5,2,2
CUST_01417,389,15,2891.8599999999997,6,Cannot Lose Them,2,4,4
CUST_01418,559,1,13.74,1,Hibernating,1,1,1
CUST_01419,797,8,1256.9299999999998,5,At Risk,1,3,3
CUST_01420,549,2,245.29,1,Hibernating,1,1,1
CUST_01421,551,5,955.05,1,Hibernating,1,2,3
CUST_01422,4,30,9158.38,3,Champions,5,5,5
CUST_01423,217,1,90.32,4,Need Attention,3,1,1
CUST_01424,595,4,660.91,1,Hibernating,1,2,2
CUST_01425,811,2,76.18,5,Hibernating,1,1,1
CUST_01426,529,27,7853.74,0,Cannot Lose Them,2,5,5
CUST_01427,83,11,1092.82,2,Loyal Customers,4,4,3
CUST_01428,462,26,8348.73,0,Cannot Lose Them,2,5,5
CUST_01429,321,8,1096.26,4,Need Attention,3,3,3
CUST_01430,56,10,1866.78,2,Potential Loyalists,5,3,4
CUST_01431,107,41,8481.550000000001,3,Champions,4,5,5
CUST_01432,42,7,1581.6599999999999,2,Potential Loyalists,5,3,3
CUST_01433,615,5,582.65,1,Hibernating,1,2,2
CUST_01434,246,16,3223.33,6,Loyal Customers,3,4,4
CUST_01435,657,1,66.9,5,Hibernating,1,1,1
CUST_01436,377,4,244.78,4,Hibernating,2,2,1
CUST_01437,50,9,1513.37,2,Potential Loyalists,5,3,3
CUST_01438,588,6,978.99,1,Hibernating,1,2,3
CUST_01439,722,1,122.64,5,Hibernating,1,1,1
CUST_01440,19,11,2060.5099999999998,2,Champions,5,4,4
CUST_01441,4,30,9833.27,3,Champions,5,5,5
CUST_01442,50,6,1018.0799999999999,2,Potential Loyalists,5,2,3
CUST_01443,232,3,429.79,4,Need Attention,3,2,2
CUST_01444,544,5,755.09,1,Hibernating,1,2,2
CUST_01445,74,7,992.43,2,Potential Loyalists,4,3,3
CUST_01446,598,15,2875.98,1,Cannot Lose Them,1,4,4
CUST_01447,10,10,774.88,2,Potential Loyalists,5,3,2
CUST_01448,622,1,44.19,5,Hibernating,1,1,1
CUST_01449,365,10,1159.3,6,Need Attention,3,3,3
CUST_01450,12,24,7095.61,7,Champions,5,5,5
CUST_01451,463,6,739.6800000000001,1,Hibernating,2,2,2
CUST_01452,486,1,7.28,1,Hibernating,2,1,1
CUST_01453,503,24,5479.7,0,Cannot Lose Them,2,5,5
CUST_01454,134,9,815.05,2,Potential Loyalists,4,3,2
CUST_01455,61,8,1325.43,2,Potential Loyalists,4,3,3
CUST_01456,186,8,914.8100000000001,4,Potential Loyalists,4,3,3
CUST_01457,655,2,63.209999999999994,5,Hibernating,1,1,1
CUST_01458,298,2,230.21,4,Need Attention,3,1,1
CUST_01459,378,4,470.0,4,Hibernating,2,2,2
CUST_01460,54,36,12100.81,3,Champions,5,5,5
CUST_01461,30,41,11075.86,3,Champions,5,5,5
CUST_01462,55,8,1001.0699999999999,2,Potential Loyalists,5,3,3
CUST_01463,497,3,268.07,1,Hibernating,2,2,1
CUST_01464,482,8,2269.81,1,Cannot Lose Them,2,3,4
CUST_01465,449,1,85.6,1,Hibernating,2,1,1
CUST_01466,97,6,707.61,2,Potential Loyalists,4,2,2
CUST_01467,475,9,1670.4099999999999,1,Cannot Lose Them,2,3,4
CUST_01468,14,10,1652.57,2,Potential Loyalists,5,3,3
CUST_01469,212,14,2210.04,6,Champions,4,4,4
CUST_01470,764,6,1004.46,5,Hibernating,1,2,3
CUST_01471,25,5,1092.54,2,Potential Loyalists,5,2,3
CUST_01472,487,25,7079.5199999999995,0,Cannot Lose Them,2,5,5
CUST_01473,56,8,986.0899999999999,2,Potential Loyalists,5,3,3
CUST_01474,504,2,171.39,1,Hibernating,2,1,1
CUST_01475,699,1,148.52,5,Hibernating,1,1,1
CUST_01476,2,31,6900.8,7,Champions,5,5,5
CUST_01477,58,13,2284.85,2,Champions,4,4,4
CUST_01478,27,21,3937.6,7,Champions,5,5,5
CUST_01479,56,9,771.79,2,Potential Loyalists,5,3,2
CUST_01480,342,20,6588.48,0,Loyal Customers,3,5,5
CUST_01481,85,15,1711.72,2,Champions,4,4,4
CUST_01482,197,6,873.78,4,Potential Loyalists,4,2,3
CUST_01483,14,26,6840.62,7,Champions,5,5,5
CUST_01484,425,27,6610.4,0,Cannot Lose Them,2,5,5
CUST_01485,421,2,97.73,1,Hibernating,2,1,1
CUST_01486,293,7,985.3100000000001,4,Need Attention,3,3,3
CUST_01487,16,8,1134.25,2,Potential Loyalists,5,3,3
CUST_01488,427,2,581.48,1,Hibernating,2,1,2
CUST_01489,546,2,207.26,1,Hibernating,1,1,1
CUST_01490,369,21,6127.3,0,Cannot Lose Them,2,5,5
CUST_01491,61,7,804.29,2,Potential Loyalists,4,3,2
CUST_01492,25,27,5749.61,7,Champions,5,5,5
CUST_01493,79,17,2248.7200000000003,2,Champions,4,4,4
CUST_01494,31,6,719.15,2,Potential Loyalists,5,2,2
CUST_01495,200,4,362.69,4,Potential Loyalists,4,2,2
CUST_01496,188,8,967.9100000000001,4,Potential Loyalists,4,3,3
CUST_01497,668,8,1175.79,5,At Risk,1,3,3
CUST_01498,519,7,769.6700000000001,1,At Risk,2,3,2
CUST_01499,380,9,1826.22,6,Cannot Lose Them,2,3,4
CUST_01500,547,7,708.5699999999999,1,At Risk,1,3,2
CUST_01501,471,25,7173.75,0,Cannot Lose Them,2,5,5
CUST_01502,636,2,164.67000000000002,5,Hibernating,1,1,1
CUST_01503,402,6,1004.4499999999999,1,Hibernating,2,2,3
CUST_01504,331,6,1087.72,4,Need Attention,3,2,3
CUST_01505,547,2,126.07,1,Hibernating,1,1,1
CUST_01506,734,4,636.27,5,Hibernating,1,2,2
CUST_01507,594,2,223.54,1,Hibernating,1,1,1
CUST_01508,554,8,1102.08,1,At Risk,1,3,3
CUST_01509,533,12,2080.86,1,Cannot Lose Them,1,4,4
CUST_01510,153,34,10340.87,3,Champions,4,5,5
CUST_01511,14,25,6005.860000000001,7,Champions,5,5,5
CUST_01512,548,1,9.01,1,Hibernating,1,1,1
CUST_01513,23,11,1302.97,2,Loyal Customers,5,4,3
CUST_01514,388,7,683.32,1,At Risk,2,3,2
CUST_01515,86,18,2983.23,6,Champions,4,4,4
CUST_01516,9,14,2416.9700000000003,2,Champions,5,4,4
CUST_01517,368,14,2029.65,6,Cannot Lose Them,2,4,4
CUST_01518,144,8,1176.0,2,Potential Loyalists,4,3,3
CUST_01519,421,32,8278.47,0,Cannot Lose Them,2,5,5
CUST_01520,552,7,447.96000000000004,1,At Risk,1,3,2
CUST_01521,162,29,7491.89,7,Champions,4,5,5
CUST_01522,355,3,410.09000000000003,4,Need Attention,3,2,2
CUST_01523,314,3,837.9,4,Need Attention,3,2,3
CUST_01524,400,3,638.52,1,Hibernating,2,2,2
CUST_01525,202,20,4455.56,6,Champions,4,5,5
CUST_01526,50,4,1128.1100000000001,2,Potential Loyalists,5,2,3
CUST_01527,279,9,1253.01,4,Need Attention,3,3,3
CUST_01528,18,7,601.8,2,Potential Loyalists,5,3,2
CUST_01529,11,7,881.35,2,Potential Loyalists,5,3,3
CUST_01530,87,10,2145.01,2,Potential Loyalists,4,3,4
CUST_01531,18,11,1983.85,2,Champions,5,4,4
CUST_01532,293,18,2272.75,6,Loyal Customers,3,4,4
CUST_01533,209,8,1263.29,4,Potential Loyalists,4,3,3
CUST_01534,179,34,8902.62,3,Champions,4,5,5
CUST_01535,52,24,5963.64,7,Champions,5,5,5
CUST_01536,63,6,940.92,2,Potential Loyalists,4,2,3
CUST_01537,574,31,9504.65,0,Cannot Lose Them,1,5,5
CUST_01538,75,8,1384.1100000000001,2,Potential Loyalists,4,3,3
CUST_01539,504,8,1054.55,1,At Risk,2,3,3
CUST_01540,7,5,274.59,2,Potential Loyalists,5,2,2
CUST_01541,730,4,625.06,5,Hibernating,1,2,2
CUST_01542,529,10,1378.43,1,At Risk,2,3,3
CUST_01543,3,35,12613.24,3,Champions,5,5,5
CUST_01544,14,20,3067.29,2,Champions,5,5,4
CUST_01545,6,8,1123.52,2,Potential Loyalists,5,3,3
CUST_01546,836,1,74.23,5,Hibernating,1,1,1
CUST_01547,868,3,475.68,5,Hibernating,1,2,2
CUST_01548,7,35,10890.49,3,Champions,5,5,5
CUST_01549,21,22,6052.7300000000005,7,Champions,5,5,5
CUST_01550,5,12,2245.29,2,Champions,5,4,4
CUST_01551,656,20,5910.51,0,Cannot Lose Them,1,5,5
CUST_01552,282,6,576.04,4,Need Attention,3,2,2
CUST_01553,132,2,170.92000000000002,4,New Customers,4,1,1
CUST_01554,416,35,9242.15,3,Cannot Lose Them,2,5,5
CUST_01555,271,12,2343.92,6,Loyal Customers,3,4,4
CUST_01556,9,13,2421.22,2,Champions,5,4,4
CUST_01557,649,8,1698.62,1,Cannot Lose Them,1,3,4
CUST_01558,530,10,2319.6800000000003,1,Cannot Lose Them,2,3,4
CUST_01559,832,1,11.48,5,Hibernating,1,1,1
CUST_01560,419,1,21.44,1,Hibernating,2,1,1
CUST_01561,308,12,1358.5900000000001,6,Loyal Customers,3,4,3
CUST_01562,368,32,9107.8,3,Cannot Lose Them,2,5,5
CUST_01563,347,18,3274.95,6,Loyal Customers,3,4,4
CUST_01564,235,15,1974.27,6,Loyal Customers,3,4,4
CUST_01565,260,11,2135.95,6,Loyal Customers,3,4,4
CUST_01566,893,1,10.41,5,Hibernating,1,1,1
CUST_01567,173,14,3064.86,6,Champions,4,4,4
CUST_01568,401,8,1979.65,1,Cannot Lose Them,2,3,4
CUST_01569,383,20,7070.02,0,Cannot Lose Them,2,5,5
CUST_01570,693,1,81.66,5,Hibernating,1,1,1
CUST_01571,748,1,22.92,5,Hibernating,1,1,1
CUST_01572,44,6,972.5799999999999,2,Potential Loyalists,5,2,3
CUST_01573,33,11,1910.1599999999999,2,Champions,5,4,4
CUST_01574,361,6,896.05,4,Need Attention,3,2,3
CUST_01575,591,6,401.66,1,Hibernating,1,2,2
CUST_01576,1,11,2474.61,2,Champions,5,4,4
CUST_01577,2,7,608.3000000000001,2,Potential Loyalists,5,3,2
CUST_01578,193,10,1888.5,2,Potential Loyalists,4,3,4
CUST_01579,81,4,918.55,2,Potential Loyalists,4,2,3
CUST_01580,24,7,1081.82,2,Potential Loyalists,5,3,3
CUST_01581,642,1,41.33,5,Hibernating,1,1,1
CUST_01582,182,42,12569.59,3,Champions,4,5,5
CUST_01583,467,11,1559.2,1,Loyal Customers,2,4,3
CUST_01584,215,10,1636.41,6,Potential Loyalists,4,3,3
CUST_01585,317,28,8151.65,0,Loyal Customers,3,5,5
CUST_01586,228,29,7807.21,7,Loyal Customers,3,5,5
CUST_01587,51,11,1912.19,2,Champions,5,4,4
CUST_01588,664,2,97.82,5,Hibernating,1,1,1
CUST_01589,14,9,1476.06,2,Potential Loyalists,5,3,3
CUST_01590,458,27,8478.33,0,Cannot Lose Them,2,5,5
CUST_01591,40,9,2341.92,2,Potential Loyalists,5,3,4
CUST_01592,587,8,591.12,1,At Risk,1,3,2
CUST_01593,164,13,1357.87,2,Loyal Customers,4,4,3
CUST_01594,146,12,2308.83,2,Champions,4,4,4
CUST_01595,70,6,511.09,2,Potential Loyalists,4,2,2
CUST_01596,557,7,1570.5,1,At Risk,1,3,3
CUST_01597,602,1,11.49,5,Hibernating,1,1,1
CUST_01598,542,10,1057.99,1,At Risk,1,3,3
CUST_01599,476,6,735.86,1,Hibernating,2,2,2
CUST_01600,171,16,2501.91,6,Champions,4,4,4
CUST_01601,195,20,4909.45,7,Champions,4,5,5
CUST_01602,404,7,1126.48,1,At Risk,2,3,3
CUST_01603,82,17,3122.3,2,Champions,4,4,4
CUST_01604,149,9,1638.3,2,Potential Loyalists,4,3,3
CUST_01605,20,5,978.4,2,Potential Loyalists,5,2,3
CUST_01606,543,1,85.31,1,Hibernating,1,1,1
CUST_01607,387,7,388.78000000000003,1,At Risk,2,3,2
CUST_01608,141,29,7194.09,7,Champions,4,5,5
CUST_01609,243,11,2282.29,6,Loyal Customers,3,4,4
CUST_01610,216,2,50.56,4,New Customers,4,1,1
CUST_01611,265,8,1952.58,4,Need Attention,3,3,4
CUST_01612,364,1,14.8,4,Need Attention,3,1,1
CUST_01613,515,2,132.31,1,Hibernating,2,1,1
CUST_01614,784,1,137.97,5,Hibernating,1,1,1
CUST_01615,21,12,1724.04,2,Champions,5,4,4
CUST_01616,610,1,113.8,5,Hibernating,1,1,1
CUST_01617,11,11,1706.19,2,Champions,5,4,4
CUST_01618,213,29,5027.08,7,Champions,4,5,5
CUST_01619,608,6,861.45,1,Hibernating,1,2,3
CUST_01620,440,7,949.15,1,At Risk,2,3,3
CUST_01621,703,2,170.86,5,Hibernating,1,1,1
CUST_01622,322,1,183.44,4,Need Attention,3,1,1
CUST_01623,1,33,9494.09,3,Champions,5,5,5
CUST_01624,156,8,1390.47,2,Potential Loyalists,4,3,3
CUST_01625,412,27,6996.3,0,Cannot Lose Them,2,5,5
CUST_01626,800,1,50.87,5,Hibernating,1,1,1
CUST_01627,107,9,696.71,2,Potential Loyalists,4,3,2
CUST_01628,345,37,10117.630000000001,3,Loyal Customers,3,5,5
CUST_01629,174,5,444.5,4,Potential Loyalists,4,2,2
CUST_01630,477,12,1916.05,1,Cannot Lose Them,2,4,4
CUST_01631,47,6,896.6400000000001,2,Potential Loyalists,5,2,3
CUST_01632,98,20,5862.1,7,Champions,4,5,5
CUST_01633,192,5,529.2099999999999,4,Potential Loyalists,4,2,2
CUST_01634,272,5,590.5,4,Need Attention,3,2,2
CUST_01635,134,33,9358.22,3,Champions,4,5,5
CUST_01636,3,25,6172.34,7,Champions,5,5,5
CUST_01637,59,4,242.15,2,Potential Loyalists,4,2,1
CUST_01638,545,27,6313.63,0,Cannot Lose Them,1,5,5
CUST_01639,357,4,260.44,4,Need Attention,3,2,1
CUST_01640,668,5,891.46,5,Hibernating,1,2,3
CUST_01641,507,26,7654.16,0,Cannot Lose Them,2,5,5
CUST_01642,696,9,1558.04,5,At Risk,1,3,3
CUST_01643,575,1,95.46,1,Hibernating,1,1,1
CUST_01644,462,2,32.64,1,Hibernating,2,1,1
CUST_01645,402,5,326.26,1,Hibernating,2,2,2
CUST_01646,602,12,2287.0699999999997,1,Cannot Lose Them,1,4,4
CUST_01647,252,7,1179.02,4,Need Attention,3,3,3
CUST_01648,234,2,43.129999999999995,4,Need Attention,3,1,1
CUST_01649,490,15,2701.38,6,Cannot Lose Them,2,4,4
CUST_01650,328,11,1737.94,6,Loyal Customers,3,4,4
CUST_01651,185,9,1191.68,2,Potential Loyalists,4,3,3
CUST_01652,299,17,3603.15,6,Loyal Customers,3,4,4
CUST_01653,53,10,1548.98,2,Potential Loyalists,5,3,3
CUST_01654,212,12,2784.82,6,Champions,4,4,4
CUST_01655,540,6,500.57,1,Hibernating,1,2,2
CUST_01656,25,11,2169.04,2,Champions,5,4,4
CUST_01657,36,5,539.42,2,Potential Loyalists,5,2,2
CUST_01658,37,6,892.2199999999999,2,Potential Loyalists,5,2,3
CUST_01659,305,1,262.69,4,Need Attention,3,1,1
CUST_01660,559,1,10.32,1,Hibernating,1,1,1
CUST_01661,27,11,2193.71,2,Champions,5,4,4
CUST_01662,458,5,268.45,1,Hibernating,2,2,1
CUST_01663,194,2,209.18,4,New Customers,4,1,1
CUST_01664,6,11,2201.98,2,Champions,5,4,4
CUST_01665,31,10,1299.69,2,Potential Loyalists,5,3,3
CUST_01666,345,9,1575.94,6,Need Attention,3,3,3
CUST_01667,44,17,2789.4,2,Champions,5,4,4
CUST_01668,160,12,2009.3000000000002,2,Champions,4,4,4
CUST_01669,444,16,2424.89,6,Cannot Lose Them,2,4,4
CUST_01670,648,3,642.51,5,Hibernating,1,2,2
CUST_01671,351,8,1579.77,4,Need Attention,3,3,3
CUST_01672,204,3,239.97,4,Potential Loyalists,4,2,1
CUST_01673,314,8,1142.3200000000002,4,Need Attention,3,3,3
CUST_01674,652,5,986.69,5,Hibernating,1,2,3
CUST_01675,88,4,914.24,2,Potential Loyalists,4,2,3
CUST_01676,97,11,1506.44,2,Loyal Customers,4,4,3
CUST_01677,752,1,171.64,5,Hibernating,1,1,1
CUST_01678,27,10,1203.99,2,Potential Loyalists,5,3,3
CUST_01679,200,5,1013.95,4,Potential Loyalists,4,2,3
CUST_01680,162,37,9014.710000000001,3,Champions,4,5,5
CUST_01681,5,13,2826.61,2,Champions,5,4,4
CUST_01682,9,8,1121.97,2,Potential Loyalists,5,3,3
CUST_01683,142,10,2059.24,2,Potential Loyalists,4,3,4
CUST_01684,52,7,1389.4099999999999,2,Potential Loyalists,5,3,3
CUST_01685,452,2,140.53,1,Hibernating,2,1,1
CUST_01686,903,1,84.51,5,Hibernating,1,1,1
CUST_01687,526,11,1911.38,1,Cannot Lose Them,2,4,4
CUST_01688,17,10,2499.94,2,Potential Loyalists,5,3,4
CUST_01689,623,1,48.86,5,Hibernating,1,1,1
CUST_01690,124,2,77.38,4,New Customers,4,1,1
CUST_01691,42,5,414.21000000000004,2,Potential Loyalists,5,2,2
CUST_01692,2,20,5141.62,7,Champions,5,5,5
CUST_01693,755,18,3437.31,0,Cannot Lose Them,1,4,4
CUST_01694,4,35,11889.91,3,Champions,5,5,5
CUST_01695,121,24,5971.35,7,Champions,4,5,5
CUST_01696,393,1,20.81,4,Hibernating,2,1,1
CUST_01697,419,10,946.99,1,At Risk,2,3,3
CUST_01698,589,20,6293.1,0,Cannot Lose Them,1,5,5
CUST_01699,547,4,461.05,1,Hibernating,1,2,2
CUST_01700,718,2,379.26,5,Hibernating,1,1,2
CUST_01701,14,11,1481.64,2,Loyal Customers,5,4,3
CUST_01702,3,4,728.3,2,Potential Loyalists,5,2,2
CUST_01703,464,6,1057.91,1,Hibernating,2,2,3
CUST_01704,341,26,8525.78,0,Loyal Customers,3,5,5
CUST_01705,799,1,75.78,5,Hibernating,1,1,1
CUST_01706,78,8,882.07,2,Potential Loyalists,4,3,3
CUST_01707,10,21,6169.79,7,Champions,5,5,5
CUST_01708,289,12,1826.82,6,Loyal Customers,3,4,4
CUST_01709,562,8,1037.43,1,At Risk,1,3,3
CUST_01710,109,9,1607.19,2,Potential Loyalists,4,3,3
CUST_01711,778,2,341.33000000000004,5,Hibernating,1,1,2
CUST_01712,371,8,1972.89,6,Cannot Lose Them,2,3,4
CUST_01713,44,22,5495.35,7,Champions,5,5,5
CUST_01714,316,7,443.06,4,Need Attention,3,3,2
CUST_01715,851,1,136.35,5,Hibernating,1,1,1
CUST_01716,365,13,1679.14,6,Loyal Customers,3,4,4
CUST_01717,515,8,786.6999999999999,1,At Risk,2,3,2
CUST_01718,193,2,111.7,4,New Customers,4,1,1
CUST_01719,220,6,649.06,4,Need Attention,3,2,2
CUST_01720,486,36,8221.05,0,Cannot Lose Them,2,5,5
CUST_01721,937,1,333.54,5,Hibernating,1,1,2
CUST_01722,501,26,9396.93,0,Cannot Lose Them,2,5,5
CUST_01723,159,16,3971.0,6,Champions,4,4,5
CUST_01724,15,9,1687.81,2,Potential Loyalists,5,3,4
CUST_01725,384,6,982.91,1,Hibernating,2,2,3
CUST_01726,677,4,732.87,5,Hibernating,1,2,2
CUST_01727,573,8,1453.81,1,At Risk,1,3,3
CUST_01728,645,21,3801.58,0,Cannot Lose Them,1,5,4
CUST_01729,239,29,10568.64,3,Loyal Customers,3,5,5
CUST_01730,436,1,111.97,1,Hibernating,2,1,1
CUST_01731,28,10,1450.88,2,Potential Loyalists,5,3,3
CUST_01732,593,5,427.07,1,Hibernating,1,2,2
CUST_01733,208,38,8651.78,3,Champions,4,5,5
CUST_01734,525,20,6335.49,0,Cannot Lose Them,2,5,5
CUST_01735,383,2,71.38,4,Hibernating,2,1,1
CUST_01736,260,6,640.3399999999999,4,Need Attention,3,2,2
CUST_01737,35,7,657.31,2,Potential Loyalists,5,3,2
CUST_01738,658,2,159.76,5,Hibernating,1,1,1
CUST_01739,936,1,24.04,5,Hibernating,1,1,1
CUST_01740,728,20,5601.47,0,Cannot Lose Them,1,5,5
CUST_01741,12,17,2954.92,2,Champions,5,4,4
CUST_01742,514,7,982.2,1,At Risk,2,3,3
CUST_01743,154,9,1896.88,2,Potential Loyalists,4,3,4
CUST_01744,287,36,8887.79,3,Loyal Customers,3,5,5
CUST_01745,117,8,1017.4,2,Potential Loyalists,4,3,3
CUST_01746,34,15,2167.94,2,Champions,5,4,4
CUST_01747,140,7,995.84,2,Potential Loyalists,4,3,3
CUST_01748,662,20,5231.25,0,Cannot Lose Them,1,5,5
CUST_01749,430,1,26.14,1,Hibernating,2,1,1
CUST_01750,220,9,979.28,4,Need Attention,3,3,3
CUST_01751,523,1,27.04,1,Hibernating,2,1,1
CUST_01752,2,27,6934.02,7,Champions,5,5,5
CUST_01753,97,38,9453.28,3,Champions,4,5,5
CUST_01754,575,11,1380.47,1,Loyal Customers,1,4,3
CUST_01755,249,18,2045.2,6,Loyal Customers,3,4,4
CUST_01756,305,37,11025.26,3,Loyal Customers,3,5,5
CUST_01757,73,17,4331.85,7,Champions,4,4,5
CUST_01758,77,36,8897.5,3,Champions,4,5,5
CUST_01759,402,2,39.769999999999996,4,Hibernating,2,1,1
CUST_01760,487,1,36.3,1,Hibernating,2,1,1
CUST_01761,770,8,853.34,5,At Risk,1,3,3
CUST_01762,213,25,8253.55,7,Champions,4,5,5
CUST_01763,423,3,828.3199999999999,1,Hibernating,2,2,2
CUST_01764,322,38,11883.85,3,Loyal Customers,3,5,5
CUST_01765,772,1,245.99,5,Hibernating,1,1,1
CUST_01766,347,8,1065.53,4,Need Attention,3,3,3
CUST_01767,10,24,7564.23,7,Champions,5,5,5
CUST_01768,49,5,616.89,2,Potential Loyalists,5,2,2
CUST_01769,295,8,1094.87,4,Need Attention,3,3,3
CUST_01770,583,5,566.47,1,Hibernating,1,2,2
CUST_01771,102,15,1393.14,2,Loyal Customers,4,4,3
CUST_01772,11,15,2411.68,2,Champions,5,4,4
CUST_01773,456,6,1063.96,1,Hibernating,2,2,3
CUST_01774,639,4,638.52,5,Hibernating,1,2,2
CUST_01775,656,2,96.53,5,Hibernating,1,1,1
CUST_01776,104,5,568.58,2,Potential Loyalists,4,2,2
CUST_01777,371,6,919.3399999999999,4,Hibernating,2,2,3
CUST_01778,585,28,7021.21,0,Cannot Lose Them,1,5,5
CUST_01779,417,11,1603.21,6,Loyal Customers,2,4,3
CUST_01780,302,3,278.4,4,Need Attention,3,2,2
CUST_01781,688,8,997.97,5,At Risk,1,3,3
CUST_01782,19,27,6968.83,7,Champions,5,5,5
CUST_01783,705,1,12.77,5,Hibernating,1,1,1
CUST_01784,339,14,1826.02,6,Loyal Customers,3,4,4
CUST_01785,272,5,811.3,4,Need Attention,3,2,2
CUST_01786,685,6,712.33,5,Hibernating,1,2,2
CUST_01787,459,1,8.07,1,Hibernating,2,1,1
CUST_01788,300,35,8430.48,3,Loyal Customers,3,5,5
CUST_01789,833,1,63.51,5,Hibernating,1,1,1
CUST_01790,202,2,79.19,4,New Customers,4,1,1
CUST_01791,280,1,255.74,4,Need Attention,3,1,1
CUST_01792,12,10,1261.97,2,Potential Loyalists,5,3,3
CUST_01793,316,9,1736.81,6,Need Attention,3,3,4
CUST_01794,24,11,2069.94,2,Champions,5,4,4
CUST_01795,841,1,197.88,5,Hibernating,1,1,1
CUST_01796,180,15,2996.34,6,Champions,4,4,4
CUST_01797,530,2,282.69,1,Hibernating,2,1,2
CUST_01798,373,22,6076.66,0,Cannot Lose Them,2,5,5
CUST_01799,650,2,129.92000000000002,5,Hibernating,1,1,1
CUST_01800,522,1,74.75,1,Hibernating,2,1,1
CUST_01801,16,9,2093.1800000000003,2,Potential Loyalists,5,3,4
CUST_01802,66,18,4294.82,7,Champions,4,4,5
CUST_01803,664,2,317.6,5,Hibernating,1,1,2
CUST_01804,97,7,610.11,2,Potential Loyalists,4,3,2
CUST_01805,227,21,5754.46,7,Loyal Customers,3,5,5
CUST_01806,373,1,134.01,4,Hibernating,2,1,1
CUST_01807,353,7,767.96,4,Need Attention,3,3,2
CUST_01808,204,3,311.54999999999995,4,Potential Loyalists,4,2,2
CUST_01809,611,10,1813.05,1,Cannot Lose Them,1,3,4
CUST_01810,473,14,3112.77,6,Cannot Lose Them,2,4,4
CUST_01811,281,1,85.37,4,Need Attention,3,1,1
CUST_01812,449,8,1293.9199999999998,1,At Risk,2,3,3
CUST_01813,329,2,65.49,4,Need Attention,3,1,1
CUST_01814,560,2,304.24,1,Hibernating,1,1,2
CUST_01815,7,35,8450.91,3,Champions,5,5,5
CUST_01816,431,8,973.3,1,At Risk,2,3,3
CUST_01817,237,4,564.56,4,Need Attention,3,2,2
CUST_01818,682,20,5631.09,0,Cannot Lose Them,1,5,5
CUST_01819,133,4,264.84,4,Potential Loyalists,4,2,1
CUST_01820,324,4,320.28999999999996,4,Need Attention,3,2,2
CUST_01821,281,7,635.3399999999999,4,Need Attention,3,3,2
CUST_01822,394,17,2275.46,6,Cannot Lose Them,2,4,4
CUST_01823,369,18,6507.99,0,Cannot Lose Them,2,4,5
CUST_01824,79,8,1072.24,2,Potential Loyalists,4,3,3
CUST_01825,41,10,1532.54,2,Potential Loyalists,5,3,3
CUST_01826,79,4,832.1700000000001,2,Potential Loyalists,4,2,3
CUST_01827,401,8,842.26,1,At Risk,2,3,3
CUST_01828,584,6,658.92,1,Hibernating,1,2,2
CUST_01829,648,9,1672.1,1,Cannot Lose Them,1,3,4
CUST_01830,384,6,674.59,1,Hibernating,2,2,2
CUST_01831,472,11,2092.95,1,Cannot Lose Them,2,4,4
CUST_01832,2,8,1400.45,2,Potential Loyalists,5,3,3
CUST_01833,513,7,1062.82,1,At Risk,2,3,3
CUST_01834,288,7,640.61,4,Need Attention,3,3,2
CUST_01835,85,33,10046.24,3,Champions,4,5,5
CUST_01836,110,15,1934.4299999999998,2,Champions,4,4,4
CUST_01837,435,2,216.35000000000002,1,Hibernating,2,1,1
CUST_01838,500,4,252.64000000000001,1,Hibernating,2,2,1
CUST_01839,566,7,644.9300000000001,1,At Risk,1,3,2
CUST_01840,107,9,1058.83,2,Potential Loyalists,4,3,3
CUST_01841,485,6,1119.66,1,Hibernating,2,2,3
CUST_01842,713,5,397.8,5,Hibernating,1,2,2
CUST_01843,334,1,55.13,4,Need Attention,3,1,1
CUST_01844,457,2,154.13,1,Hibernating,2,1,1
CUST_01845,448,1,68.57,1,Hibernating,2,1,1
CUST_01846,246,37,10631.89,3,Loyal Customers,3,5,5
CUST_01847,587,3,556.97,1,Hibernating,1,2,2
CUST_01848,347,16,2291.14,6,Loyal Customers,3,4,4
CUST_01849,792,2,194.29999999999998,5,Hibernating,1,1,1
CUST_01850,621,4,518.8299999999999,1,Hibernating,1,2,2
CUST_01851,235,7,912.1800000000001,4,Need Attention,3,3,3
CUST_01852,252,16,2163.05,6,Loyal Customers,3,4,4
CUST_01853,515,13,2940.38,6,Cannot Lose Them,2,4,4
CUST_01854,333,1,44.33,4,Need Attention,3,1,1
CUST_01855,585,6,364.19,1,Hibernating,1,2,2
CUST_01856,587,7,391.75,1,At Risk,1,3,2
CUST_01857,521,11,1559.82,1,Loyal Customers,2,4,3
CUST_01858,131,21,5398.66,7,Champions,4,5,5
CUST_01859,478,15,1811.17,6,Cannot Lose Them,2,4,4
CUST_01860,648,1,95.6,5,Hibernating,1,1,1
CUST_01861,813,1,15.69,5,Hibernating,1,1,1
CUST_01862,21,17,3990.74,7,Champions,5,4,5
CUST_01863,424,28,6432.6900000000005,0,Cannot Lose Them,2,5,5
CUST_01864,859,3,903.1,5,Hibernating,1,2,3
CUST_01865,372,2,101.35000000000001,4,Hibernating,2,1,1
CUST_01866,362,1,85.14,4,Need Attention,3,1,1
CUST_01867,320,16,3695.51,6,Loyal Customers,3,4,4
CUST_01868,8,22,6140.25,7,Champions,5,5,5
CUST_01869,111,6,751.98,2,Potential Loyalists,4,2,2
CUST_01870,14,17,3811.7,2,Champions,5,4,4
CUST_01871,257,9,1151.01,4,Need Attention,3,3,3
CUST_01872,589,5,666.35,1,Hibernating,1,2,2
CUST_01873,93,8,1405.3600000000001,2,Potential Loyalists,4,3,3
CUST_01874,20,16,3496.7,2,Champions,5,4,4
CUST_01875,340,12,1841.8000000000002,6,Loyal Customers,3,4,4
CUST_01876,611,7,536.12,1,At Risk,1,3,2
CUST_01877,818,3,378.71,5,Hibernating,1,2,2
CUST_01878,473,5,731.4,1,Hibernating,2,2,2
CUST_01879,292,1,97.4,4,Need Attention,3,1,1
CUST_01880,23,27,7732.19,7,Champions,5,5,5
CUST_01881,532,25,7333.2,0,Cannot Lose Them,1,5,5
CUST_01882,791,1,34.4,5,Hibernating,1,1,1
CUST_01883,113,9,1334.37,2,Potential Loyalists,4,3,3
CUST_01884,657,3,400.92,5,Hibernating,1,2,2
CUST_01885,380,13,1895.49,6,Cannot Lose Them,2,4,4
CUST_01886,219,6,778.37,4,Need Attention,3,2,2
CUST_01887,388,1,172.38,4,Hibernating,2,1,1
CUST_01888,450,1,112.11,1,Hibernating,2,1,1
CUST_01889,166,5,1526.1000000000001,4,Potential Loyalists,4,2,3
CUST_01890,3,14,2596.62,2,Champions,5,4,4
CUST_01891,672,1,146.07,5,Hibernating,1,1,1
CUST_01892,191,24,8812.05,7,Champions,4,5,5
CUST_01893,32,10,1417.47,2,Potential Loyalists,5,3,3
CUST_01894,346,9,1796.97,6,Need Attention,3,3,4
CUST_01895,154,32,8758.72,3,Champions,4,5,5
CUST_01896,44,18,4268.9,7,Champions,5,4,5
CUST_01897,18,22,4284.09,7,Champions,5,5,5
CUST_01898,375,13,2116.88,6,Cannot Lose Them,2,4,4
CUST_01899,151,2,214.5,4,New Customers,4,1,1
CUST_01900,281,8,1033.79,4,Need Attention,3,3,3
CUST_01901,119,7,1358.94,2,Potential Loyalists,4,3,3
CUST_01902,612,4,275.53,1,Hibernating,1,2,2
CUST_01903,800,2,129.52,5,Hibernating,1,1,1
CUST_01904,396,5,476.28,1,Hibernating,2,2,2
CUST_01905,233,2,32.35,4,Need Attention,3,1,1
CUST_01906,28,14,2323.83,2,Champions,5,4,4
CUST_01907,152,23,4615.95,7,Champions,4,5,5
CUST_01908,16,10,1134.55,2,Potential Loyalists,5,3,3
CUST_01909,16,27,7142.15,7,Champions,5,5,5
CUST_01910,126,10,1666.16,2,Potential Loyalists,4,3,4
CUST_01911,253,34,8045.47,3,Loyal Customers,3,5,5
CUST_01912,283,1,102.85,4,Need Attention,3,1,1
CUST_01913,88,11,1656.29,2,Champions,4,4,4
CUST_01914,585,13,1931.91,1,Cannot Lose Them,1,4,4
CUST_01915,39,2,45.67,2,New Customers,5,1,1
CUST_01916,34,11,2288.94,2,Champions,5,4,4
CUST_01917,194,3,543.3000000000001,4,Potential Loyalists,4,2,2
CUST_01918,190,24,5964.9,7,Champions,4,5,5
CUST_01919,389,2,297.28999999999996,4,Hibernating,2,1,2
CUST_01920,335,16,3099.79,6,Loyal Customers,3,4,4
CUST_01921,526,6,949.09,1,Hibernating,2,2,3
CUST_01922,870,1,28.35,5,Hibernating,1,1,1
CUST_01923,129,4,445.55,4,Potential Loyalists,4,2,2
CUST_01924,323,3,602.48,4,Need Attention,3,2,2
CUST_01925,602,3,467.36,1,Hibernating,1,2,2
CUST_01926,395,32,7797.88,0,Cannot Lose Them,2,5,5
CUST_01927,352,1,13.82,4,Need Attention,3,1,1
CUST_01928,400,7,824.55,1,At Risk,2,3,2
CUST_01929,364,8,790.35,4,Need Attention,3,3,2
CUST_01930,288,9,1310.99,4,Need Attention,3,3,3
CUST_01931,254,8,825.27,4,Need Attention,3,3,2
CUST_01932,641,2,50.79,5,Hibernating,1,1,1
CUST_01933,184,9,1016.1199999999999,2,Potential Loyalists,4,3,3
CUST_01934,149,22,5678.34,7,Champions,4,5,5
CUST_01935,45,6,1341.6599999999999,2,Potential Loyalists,5,2,3
CUST_01936,266,13,2185.5299999999997,6,Loyal Customers,3,4,4
CUST_01937,34,5,303.89000000000004,2,Potential Loyalists,5,2,2
CUST_01938,694,4,795.3199999999999,5,Hibernating,1,2,2
CUST_01939,704,10,2811.42,5,Cannot Lose Them,1,3,4
CUST_01940,610,9,2006.31,1,Cannot Lose Them,1,3,4
CUST_01941,385,9,1091.02,1,At Risk,2,3,3
CUST_01942,544,8,771.5799999999999,1,At Risk,1,3,2
CUST_01943,78,32,7358.84,7,Champions,4,5,5
CUST_01944,222,9,2373.46,6,Need Attention,3,3,4
CUST_01945,717,6,719.0999999999999,5,Hibernating,1,2,2
CUST_01946,205,7,679.61,4,Potential Loyalists,4,3,2
CUST_01947,629,2,88.27000000000001,5,Hibernating,1,1,1
CUST_01948,539,8,1516.84,1,At Risk,1,3,3
CUST_01949,9,35,7255.02,7,Champions,5,5,5
CUST_01950,234,12,1819.92,6,Loyal Customers,3,4,4
CUST_01951,71,7,587.78,2,Potential Loyalists,4,3,2
CUST_01952,296,35,8823.779999999999,3,Loyal Customers,3,5,5
CUST_01953,21,10,2953.16,2,Potential Loyalists,5,3,4
CUST_01954,19,36,8023.26,3,Champions,5,5,5
CUST_01955,27,8,1151.69,2,Potential Loyalists,5,3,3
CUST_01956,448,20,3877.85,6,Cannot Lose Them,2,5,5
CUST_01957,513,25,7144.849999999999,0,Cannot Lose Them,2,5,5
CUST_01958,294,6,382.6,4,Need Attention,3,2,2
CUST_01959,512,8,1078.72,1,At Risk,2,3,3
CUST_01960,466,1,39.89,1,Hibernating,2,1,1
CUST_01961,578,1,18.6,1,Hibernating,1,1,1
CUST_01962,445,2,260.69,1,Hibernating,2,1,1
CUST_01963,679,5,606.73,5,Hibernating,1,2,2
CUST_01964,541,25,6878.73,0,Cannot Lose Them,1,5,5
CUST_01965,962,1,53.9,5,Hibernating,1,1,1
CUST_01966,163,3,344.66,4,Potential Loyalists,4,2,2
CUST_01967,8,24,4755.79,7,Champions,5,5,5
CUST_01968,2,27,7391.56,7,Champions,5,5,5
CUST_01969,513,26,5686.8,0,Cannot Lose Them,2,5,5
CUST_01970,890,1,119.11,5,Hibernating,1,1,1
CUST_01971,674,4,277.75,5,Hibernating,1,2,2
CUST_01972,92,8,453.17,2,Potential Loyalists,4,3,2
CUST_01973,380,1,28.45,4,Hibernating,2,1,1
CUST_01974,19,21,8395.12,7,Champions,5,5,5
CUST_01975,352,29,6860.88,0,Loyal Customers,3,5,5
CUST_01976,33,6,861.87,2,Potential Loyalists,5,2,3
CUST_01977,29,5,761.52,2,Potential Loyalists,5,2,2
CUST_01978,747,10,990.91,5,At Risk,1,3,3
CUST_01979,19,7,864.24,2,Potential Loyalists,5,3,3
CUST_01980,283,12,2132.62,6,Loyal Customers,3,4,4
CUST_01981,70,40,13154.88,3,Champions,4,5,5
CUST_01982,749,3,479.92999999999995,5,Hibernating,1,2,2
CUST_01983,42,15,1728.83,2,Champions,5,4,4
CUST_01984,419,4,1010.89,1,Hibernating,2,2,3
CUST_01985,955,1,187.82,5,Hibernating,1,1,1
CUST_01986,424,1,16.16,1,Hibernating,2,1,1
CUST_01987,110,28,9416.16,3,Champions,4,5,5
CUST_01988,518,8,1035.81,1,At Risk,2,3,3
CUST_01989,485,1,22.89,1,Hibernating,2,1,1
CUST_01990,305,23,7266.89,0,Loyal Customers,3,5,5
CUST_01991,843,1,15.65,5,Hibernating,1,1,1
CUST_01992,102,9,1768.79,2,Potential Loyalists,4,3,4
CUST_01993,234,4,461.45000000000005,4,Need Attention,3,2,2
CUST_01994,1,14,3405.54,2,Champions,5,4,4
CUST_01995,130,4,576.91,4,Potential Loyalists,4,2,2
CUST_01996,472,9,1398.1999999999998,1,At Risk,2,3,3
CUST_01997,22,6,616.63,2,Potential Loyalists,5,2,2
CUST_01998,339,18,4143.110000000001,6,Loyal Customers,3,4,5
CUST_01999,7,10,1985.39,2,Potential Loyalists,5,3,4
CUST_02000,60,13,1965.26,2,Champions,4,4,4
CUST_02001,288,5,424.34000000000003,4,Need Attention,3,2,2
CUST_02002,351,3,448.38,4,Need Attention,3,2,2
CUST_02003,421,2,162.39000000000001,1,Hibernating,2,1,1
CUST_02004,288,2,91.53,4,Need Attention,3,1,1
CUST_02005,319,13,1963.35,6,Loyal Customers,3,4,4
CUST_02006,25,12,1731.4299999999998,2,Champions,5,4,4
CUST_02007,407,18,4459.92,6,Cannot Lose Them,2,4,5
CUST_02008,234,8,1151.0,4,Need Attention,3,3,3
CUST_02009,320,9,1823.55,6,Need Attention,3,3,4
CUST_02010,505,8,877.44,1,At Risk,2,3,3
CUST_02011,440,5,640.61,1,Hibernating,2,2,2
CUST_02012,387,7,755.79,1,At Risk,2,3,2
CUST_02013,725,3,381.1,5,Hibernating,1,2,2
CUST_02014,610,9,1724.56,1,Cannot Lose Them,1,3,4
CUST_02015,443,1,19.54,1,Hibernating,2,1,1
CUST_02016,104,8,584.3,2,Potential Loyalists,4,3,2
CUST_02017,548,6,426.93,1,Hibernating,1,2,2
CUST_02018,500,1,14.23,1,Hibernating,2,1,1
CUST_02019,123,37,8877.65,3,Champions,4,5,5
CUST_02020,3,22,5687.59,7,Champions,5,5,5
CUST_02021,123,26,6569.61,7,Champions,4,5,5
CUST_02022,199,5,903.94,4,Potential Loyalists,4,2,3
CUST_02023,301,9,1095.54,4,Need Attention,3,3,3
CUST_02024,468,6,743.91,1,Hibernating,2,2,2
CUST_02025,121,24,6597.75,7,Champions,4,5,5
CUST_02026,3,25,5265.41,7,Champions,5,5,5
CUST_02027,381,6,454.41,4,Hibernating,2,2,2
CUST_02028,30,7,733.96,2,Potential Loyalists,5,3,2
CUST_02029,101,8,1498.5300000000002,2,Potential Loyalists,4,3,3
CUST_02030,645,3,222.39000000000001,5,Hibernating,1,2,1
CUST_02031,380,4,557.9,4,Hibernating,2,2,2
CUST_02032,166,33,7218.16,7,Champions,4,5,5
CUST_02033,31,14,3060.2,2,Champions,5,4,4
CUST_02034,210,5,1048.35,4,Potential Loyalists,4,2,3
CUST_02035,369,11,1931.34,6,Cannot Lose Them,2,4,4
CUST_02036,295,11,1453.83,6,Loyal Customers,3,4,3
CUST_02037,76,8,1447.72,2,Potential Loyalists,4,3,3
CUST_02038,519,7,1171.48,1,At Risk,2,3,3
CUST_02039,81,9,1223.3700000000001,2,Potential Loyalists,4,3,3
CUST_02040,303,39,9907.76,3,Loyal Customers,3,5,5
CUST_02041,264,8,1816.65,4,Need Attention,3,3,4
CUST_02042,257,1,17.6,4,Need Attention,3,1,1
CUST_02043,8,38,11286.76,3,Champions,5,5,5
CUST_02044,321,1,25.35,4,Need Attention,3,1,1
CUST_02045,709,2,167.38,5,Hibernating,1,1,1
CUST_02046,537,31,6696.16,0,Cannot Lose Them,1,5,5
CUST_02047,531,1,21.12,1,Hibernating,1,1,1
CUST_02048,46,15,3216.77,2,Champions,5,4,4
CUST_02049,294,4,910.01,4,Need Attention,3,2,3
CUST_02050,934,1,50.49,5,Hibernating,1,1,1
CUST_02051,295,10,1124.34,6,Need Attention,3,3,3
CUST_02052,384,9,754.99,1,At Risk,2,3,2
CUST_02053,480,15,3489.91,6,Cannot Lose Them,2,4,4
CUST_02054,2,22,6313.52,7,Champions,5,5,5
CUST_02055,421,9,502.24,1,At Risk,2,3,2
CUST_02056,17,27,5844.74,7,Champions,5,5,5
CUST_02057,639,2,273.54,5,Hibernating,1,1,2
CUST_02058,575,2,176.09,1,Hibernating,1,1,1
CUST_02059,272,30,7523.04,0,Loyal Customers,3,5,5
CUST_02060,318,11,1624.33,6,Loyal Customers,3,4,3
CUST_02061,259,7,1165.4299999999998,4,Need Attention,3,3,3
CUST_02062,705,23,7458.4,0,Cannot Lose Them,1,5,5
CUST_02063,866,1,244.91,5,Hibernating,1,1,1
CUST_02064,417,5,1017.95,1,Hibernating,2,2,3
CUST_02065,135,16,2301.18,6,Champions,4,4,4
CUST_02066,429,1,29.39,1,Hibernating,2,1,1
CUST_02067,122,9,1432.25,2,Potential Loyalists,4,3,3
CUST_02068,478,12,1423.65,1,Loyal Customers,2,4,3
CUST_02069,822,2,154.93,5,Hibernating,1,1,1
CUST_02070,455,25,6032.0,0,Cannot Lose Them,2,5,5
CUST_02071,96,24,5277.97,7,Champions,4,5,5
CUST_02072,671,6,989.13,5,Hibernating,1,2,3
CUST_02073,677,22,8584.47,0,Cannot Lose Them,1,5,5
CUST_02074,257,7,651.92,4,Need Attention,3,3,2
CUST_02075,372,2,37.53,4,Hibernating,2,1,1
CUST_02076,202,5,400.75,4,Potential Loyalists,4,2,2
CUST_02077,835,1,141.63,5,Hibernating,1,1,1
CUST_02078,208,8,731.04,4,Potential Loyalists,4,3,2
CUST_02079,154,2,117.71000000000001,4,New Customers,4,1,1
CUST_02080,389,11,2350.18,6,Cannot Lose Them,2,4,4
CUST_02081,354,36,10201.67,3,Loyal Customers,3,5,5
CUST_02082,260,9,1159.78,4,Need Attention,3,3,3
CUST_02083,199,5,726.3399999999999,4,Potential Loyalists,4,2,2
CUST_02084,10,17,2291.5,2,Champions,5,4,4
CUST_02085,458,2,58.83,1,Hibernating,2,1,1
CUST_02086,466,10,1273.8,1,At Risk,2,3,3
CUST_02087,297,1,42.19,4,Need Attention,3,1,1
CUST_02088,829,8,638.95,5,At Risk,1,3,2
CUST_02089,150,13,2011.1499999999999,2,Champions,4,4,4
CUST_02090,241,21,4838.37,7,Loyal Customers,3,5,5
CUST_02091,17,13,2129.54,2,Champions,5,4,4
CUST_02092,564,3,243.57,1,Hibernating,1,2,1
CUST_02093,10,10,1183.33,2,Potential Loyalists,5,3,3
CUST_02094,768,4,302.46000000000004,5,Hibernating,1,2,2
CUST_02095,322,34,6967.08,0,Loyal Customers,3,5,5
CUST_02096,66,5,636.53,2,Potential Loyalists,4,2,2
CUST_02097,308,12,1877.91,6,Loyal Customers,3,4,4
CUST_02098,214,10,1577.8899999999999,6,Potential Loyalists,4,3,3
CUST_02099,736,4,615.48,5,Hibernating,1,2,2
CUST_02100,578,1,268.58,1,Hibernating,1,1,2
CUST_02101,175,4,283.65,4,Potential Loyalists,4,2,2
CUST_02102,284,37,13424.8,3,Loyal Customers,3,5,5
CUST_02103,103,17,2355.83,2,Champions,4,4,4
CUST_02104,374,37,11220.380000000001,3,Cannot Lose Them,2,5,5
CUST_02105,615,6,1316.4099999999999,1,Hibernating,1,2,3
CUST_02106,52,6,584.41,2,Potential Loyalists,5,2,2
CUST_02107,378,15,2775.8,6,Cannot Lose Them,2,4,4
CUST_02108,91,16,3439.07,6,Champions,4,4,4
CUST_02109,114,12,2279.13,2,Champions,4,4,4
CUST_02110,38,34,9143.43,3,Champions,5,5,5
CUST_02111,171,3,186.39999999999998,4,Potential Loyalists,4,2,1
CUST_02112,557,10,1487.05,1,At Risk,1,3,3
CUST_02113,137,36,10148.95,3,Champions,4,5,5
CUST_02114,79,8,781.74,2,Potential Loyalists,4,3,2
CUST_02115,492,1,152.13,1,Hibernating,2,1,1
CUST_02116,26,9,1190.54,2,Potential Loyalists,5,3,3
CUST_02117,353,20,4575.22,6,Loyal Customers,3,5,5
CUST_02118,2,22,5939.02,7,Champions,5,5,5
CUST_02119,11,18,5238.91,7,Champions,5,4,5
CUST_02120,382,7,750.02,1,At Risk,2,3,2
CUST_02121,157,18,6382.56,7,Champions,4,4,5
CUST_02122,237,1,17.46,4,Need Attention,3,1,1
CUST_02123,614,11,1258.72,1,Loyal Customers,1,4,3
CUST_02124,497,8,728.0799999999999,1,At Risk,2,3,2
CUST_02125,642,4,236.46999999999997,5,Hibernating,1,2,1
CUST_02126,887,1,49.63,5,Hibernating,1,1,1
CUST_02127,67,25,11051.86,3,Champions,4,5,5
CUST_02128,352,8,1474.4,4,Need Attention,3,3,3
CUST_02129,736,2,196.69,5,Hibernating,1,1,1
CUST_02130,189,2,113.99000000000001,4,New Customers,4,1,1
CUST_02131,564,1,219.83,1,Hibernating,1,1,1
CUST_02132,763,1,53.68,5,Hibernating,1,1,1
CUST_02133,621,18,7145.59,0,Cannot Lose Them,1,4,5
CUST_02134,238,4,653.21,4,Need Attention,3,2,2
CUST_02135,242,39,11713.53,3,Loyal Customers,3,5,5
CUST_02136,18,9,1283.92,2,Potential Loyalists,5,3,3
CUST_02137,28,13,1804.16,2,Champions,5,4,4
CUST_02138,684,1,64.25,5,Hibernating,1,1,1
CUST_02139,248,5,1091.86,4,Need Attention,3,2,3
CUST_02140,17,22,4558.08,7,Champions,5,5,5
CUST_02141,18,9,1153.0,2,Potential Loyalists,5,3,3
CUST_02142,839,3,303.25,5,Hibernating,1,2,2
CUST_02143,300,9,834.52,4,Need Attention,3,3,3
CUST_02144,979,1,66.56,5,Hibernating,1,1,1
CUST_02145,58,6,506.72,2,Potential Loyalists,4,2,2
CUST_02146,230,12,2047.68,6,Loyal Customers,3,4,4
CUST_02147,374,4,342.77,4,Hibernating,2,2,2
CUST_02148,264,21,4109.74,6,Loyal Customers,3,5,5
CUST_02149,1,30,8958.01,7,Champions,5,5,5
CUST_02150,730,1,23.85,5,Hibernating,1,1,1
CUST_02151,133,2,287.75,4,New Customers,4,1,2
CUST_02152,540,4,771.25,1,Hibernating,1,2,2
CUST_02153,346,26,9697.51,0,Loyal Customers,3,5,5
CUST_02154,361,1,118.75,4,Need Attention,3,1,1
CUST_02155,443,23,7043.63,0,Cannot Lose Them,2,5,5
CUST_02156,172,5,482.44,4,Potential Loyalists,4,2,2
CUST_02157,539,8,502.90999999999997,1,At Risk,1,3,2
CUST_02158,114,3,180.83,4,Potential Loyalists,4,2,1
CUST_02159,67,8,1396.03,2,Potential Loyalists,4,3,3
CUST_02160,439,9,1234.8,1,At Risk,2,3,3
CUST_02161,514,1,32.07,1,Hibernating,2,1,1
CUST_02162,748,2,301.49,5,Hibernating,1,1,2
CUST_02163,469,7,1299.5,1,At Risk,2,3,3
CUST_02164,848,1,60.25,5,Hibernating,1,1,1
CUST_02165,898,1,36.68,5,Hibernating,1,1,1
CUST_02166,562,9,1367.47,1,At Risk,1,3,3
CUST_02167,117,5,521.66,2,Potential Loyalists,4,2,2
CUST_02168,501,1,13.97,1,Hibernating,2,1,1
CUST_02169,180,17,3124.31,6,Champions,4,4,4
CUST_02170,459,9,1647.45,1,At Risk,2,3,3
CUST_02171,295,1,24.81,4,Need Attention,3,1,1
CUST_02172,242,27,7613.78,7,Loyal Customers,3,5,5
CUST_02173,128,6,562.48,2,Potential Loyalists,4,2,2
CUST_02174,390,4,950.01,1,Hibernating,2,2,3
CUST_02175,464,9,1030.98,1,At Risk,2,3,3
CUST_02176,144,8,1142.27,2,Potential Loyalists,4,3,3
CUST_02177,830,4,204.89000000000001,5,Hibernating,1,2,1
CUST_02178,279,6,998.73,4,Need Attention,3,2,3
CUST_02179,713,1,7.33,5,Hibernating,1,1,1
CUST_02180,202,24,8164.84,7,Champions,4,5,5
CUST_02181,326,2,101.25,4,Need Attention,3,1,1
CUST_02182,356,1,140.58,4,Need Attention,3,1,1
CUST_02183,416,1,65.69,1,Hibernating,2,1,1
CUST_02184,85,14,2976.6,2,Champions,4,4,4
CUST_02185,468,7,1181.03,1,At Risk,2,3,3
CUST_02186,290,17,2333.49,6,Loyal Customers,3,4,4
CUST_02187,49,2,105.61000000000001,2,New Customers,5,1,1
CUST_02188,15,10,1440.8700000000001,2,Potential Loyalists,5,3,3
CUST_02189,592,3,112.52,1,Hibernating,1,2,1
CUST_02190,209,13,2482.4,6,Champions,4,4,4
CUST_02191,613,3,575.3299999999999,1,Hibernating,1,2,2
CUST_02192,384,14,2289.56,6,Cannot Lose Them,2,4,4
CUST_02193,247,14,1916.52,6,Loyal Customers,3,4,4
CUST_02194,424,4,572.23,1,Hibernating,2,2,2
CUST_02195,245,3,288.62,4,Need Attention,3,2,2
CUST_02196,639,1,9.65,5,Hibernating,1,1,1
CUST_02197,701,3,427.71000000000004,5,Hibernating,1,2,2
CUST_02198,944,1,7.26,5,Hibernating,1,1,1
CUST_02199,62,4,275.98,2,Potential Loyalists,4,2,2
CUST_02200,424,1,266.79,1,Hibernating,2,1,1
CUST_02201,233,2,162.96,4,Need Attention,3,1,1
CUST_02202,37,13,2334.48,2,Champions,5,4,4
CUST_02203,568,33,8757.36,0,Cannot Lose Them,1,5,5
CUST_02204,17,31,9947.289999999999,3,Champions,5,5,5
CUST_02205,287,3,737.84,4,Need Attention,3,2,2
CUST_02206,95,40,13041.34,3,Champions,4,5,5
CUST_02207,5,25,5554.66,7,Champions,5,5,5
CUST_02208,237,31,9636.56,3,Loyal Customers,3,5,5
CUST_02209,447,2,366.32,1,Hibernating,2,1,2
CUST_02210,517,1,14.35,1,Hibernating,2,1,1
CUST_02211,353,3,351.46,4,Need Attention,3,2,2
CUST_02212,755,2,77.84,5,Hibernating,1,1,1
CUST_02213,106,8,973.3499999999999,2,Potential Loyalists,4,3,3
CUST_02214,291,4,575.05,4,Need Attention,3,2,2
CUST_02215,793,1,51.38,5,Hibernating,1,1,1
CUST_02216,182,25,5981.15,7,Champions,4,5,5
CUST_02217,607,6,905.2800000000001,1,Hibernating,1,2,3
CUST_02218,222,36,12206.7,3,Loyal Customers,3,5,5
CUST_02219,748,2,96.49000000000001,5,Hibernating,1,1,1
CUST_02220,446,22,5930.87,0,Cannot Lose Them,2,5,5
CUST_02221,347,37,8875.53,3,Loyal Customers,3,5,5
CUST_02222,202,9,863.05,4,Potential Loyalists,4,3,3
CUST_02223,84,8,1892.31,2,Potential Loyalists,4,3,4
CUST_02224,32,26,8226.05,7,Champions,5,5,5
CUST_02225,391,1,106.9,4,Hibernating,2,1,1
CUST_02226,453,6,544.15,1,Hibernating,2,2,2
CUST_02227,339,8,1159.06,4,Need Attention,3,3,3
CUST_02228,728,2,100.21000000000001,5,Hibernating,1,1,1
CUST_02229,22,10,1325.51,2,Potential Loyalists,5,3,3
CUST_02230,424,14,2062.1000000000004,6,Cannot Lose Them,2,4,4
CUST_02231,628,6,785.24,1,Hibernating,1,2,2
CUST_02232,23,13,2753.68,2,Champions,5,4,4
CUST_02233,405,1,124.62,4,Hibernating,2,1,1
CUST_02234,865,3,324.03,5,Hibernating,1,2,2
CUST_02235,631,8,863.97,1,At Risk,1,3,3
CUST_02236,9,28,6937.1,7,Champions,5,5,5
CUST_02237,458,29,6745.0,0,Cannot Lose Them,2,5,5
CUST_02238,859,1,101.93,5,Hibernating,1,1,1
CUST_02239,562,1,255.31,1,Hibernating,1,1,1
CUST_02240,571,25,6493.98,0,Cannot Lose Them,1,5,5
CUST_02241,509,4,884.49,1,Hibernating,2,2,3
CUST_02242,691,2,44.010000000000005,5,Hibernating,1,1,1
CUST_02243,14,12,1180.78,2,Loyal Customers,5,4,3
CUST_02244,401,12,1818.88,6,Cannot Lose Them,2,4,4
CUST_02245,47,6,693.97,2,Potential Loyalists,5,2,2
CUST_02246,234,37,9918.69,3,Loyal Customers,3,5,5
CUST_02247,133,5,423.31,4,Potential Loyalists,4,2,2
CUST_02248,18,12,2253.13,2,Champions,5,4,4
CUST_02249,198,39,12345.42,3,Champions,4,5,5
CUST_02250,247,14,3199.95,6,Loyal Customers,3,4,4
CUST_02251,98,12,1558.77,2,Loyal Customers,4,4,3
CUST_02252,112,6,646.06,2,Potential Loyalists,4,2,2
CUST_02253,854,2,52.96,5,Hibernating,1,1,1
CUST_02254,29,13,1746.98,2,Champions,5,4,4
CUST_02255,484,25,6891.15,0,Cannot Lose Them,2,5,5
CUST_02256,337,2,107.77,4,Need Attention,3,1,1
CUST_02257,749,2,135.16,5,Hibernating,1,1,1
CUST_02258,336,14,2704.58,6,Loyal Customers,3,4,4
CUST_02259,612,22,6595.5199999999995,0,Cannot Lose Them,1,5,5
CUST_02260,595,30,8461.61,0,Cannot Lose Them,1,5,5
CUST_02261,147,38,9021.79,3,Champions,4,5,5
CUST_02262,2,30,7985.74,7,Champions,5,5,5
CUST_02263,39,9,834.6800000000001,2,Potential Loyalists,5,3,3
CUST_02264,37,12,2510.37,2,Champions,5,4,4
CUST_02265,324,1,234.57,4,Need Attention,3,1,1
CUST_02266,213,13,2359.18,6,Champions,4,4,4
CUST_02267,374,4,357.05,4,Hibernating,2,2,2
CUST_02268,86,38,8978.960000000001,3,Champions,4,5,5
CUST_02269,51,5,628.33,2,Potential Loyalists,5,2,2
CUST_02270,414,18,5197.36,0,Cannot Lose Them,2,4,5
CUST_02271,798,1,124.33,5,Hibernating,1,1,1
CUST_02272,95,11,2445.51,2,Champions,4,4,4
CUST_02273,10,5,268.77,2,Potential Loyalists,5,2,2
CUST_02274,662,19,5580.84,0,Cannot Lose Them,1,5,5
CUST_02275,28,10,2045.86,2,Potential Loyalists,5,3,4
CUST_02276,5,27,8476.74,7,Champions,5,5,5
CUST_02277,410,10,1632.5,1,At Risk,2,3,3
CUST_02278,42,7,668.27,2,Potential Loyalists,5,3,2
CUST_02279,124,3,568.6,4,Potential Loyalists,4,2,2
CUST_02280,550,4,410.68,1,Hibernating,1,2,2
CUST_02281,166,13,2586.19,6,Champions,4,4,4
CUST_02282,421,4,487.75,1,Hibernating,2,2,2
CUST_02283,46,10,2270.33,2,Potential Loyalists,5,3,4
CUST_02284,225,39,12557.94,3,Loyal Customers,3,5,5
CUST_02285,526,1,289.97,1,Hibernating,2,1,2
CUST_02286,425,7,768.09,1,At Risk,2,3,2
CUST_02287,453,37,9632.9,3,Cannot Lose Them,2,5,5
CUST_02288,603,1,39.67,5,Hibernating,1,1,1
CUST_02289,115,7,480.68,2,Potential Loyalists,4,3,2
CUST_02290,28,8,675.96,2,Potential Loyalists,5,3,2
CUST_02291,435,9,1392.55,1,At Risk,2,3,3
CUST_02292,8,35,11197.16,3,Champions,5,5,5
CUST_02293,433,5,597.48,1,Hibernating,2,2,2
CUST_02294,252,8,1210.23,4,Need Attention,3,3,3
CUST_02295,318,25,7433.32,0,Loyal Customers,3,5,5
CUST_02296,315,17,2581.86,6,Loyal Customers,3,4,4
CUST_02297,255,3,512.62,4,Need Attention,3,2,2
CUST_02298,362,34,10112.98,3,Loyal Customers,3,5,5
CUST_02299,695,10,2059.9,5,Cannot Lose Them,1,3,4
CUST_02300,53,10,1042.36,2,Potential Loyalists,5,3,3
CUST_02301,260,1,68.08,4,Need Attention,3,1,1
CUST_02302,480,12,2706.96,6,Cannot Lose Them,2,4,4
CUST_02303,122,33,12654.69,3,Champions,4,5,5
CUST_02304,170,40,9151.79,3,Champions,4,5,5
CUST_02305,170,18,3122.37,6,Champions,4,4,4
CUST_02306,592,4,451.16999999999996,1,Hibernating,1,2,2
CUST_02307,382,8,743.78,1,At Risk,2,3,2
CUST_02308,768,3,347.27,5,Hibernating,1,2,2
CUST_02309,394,4,337.53999999999996,1,Hibernating,2,2,2
CUST_02310,810,1,139.2,5,Hibernating,1,1,1
CUST_02311,356,1,14.94,4,Need Attention,3,1,1
CUST_02312,162,4,502.6,4,Potential Loyalists,4,2,2
CUST_02313,219,13,2506.54,6,Loyal Customers,3,4,4
CUST_02314,457,2,298.88,1,Hibernating,2,1,2
CUST_02315,328,13,1894.63,6,Loyal Customers,3,4,4
CUST_02316,33,13,3119.47,2,Champions,5,4,4
CUST_02317,16,29,10240.36,3,Champions,5,5,5
CUST_02318,690,19,6028.08,0,Cannot Lose Them,1,5,5
CUST_02319,34,8,1102.31,2,Potential Loyalists,5,3,3
CUST_02320,546,22,5997.2699999999995,0,Cannot Lose Them,1,5,5
CUST_02321,774,8,896.68,5,At Risk,1,3,3
CUST_02322,433,6,485.86,1,Hibernating,2,2,2
CUST_02323,92,5,651.0,2,Potential Loyalists,4,2,2
CUST_02324,494,13,2253.83,6,Cannot Lose Them,2,4,4
CUST_02325,322,10,1575.24,6,Need Attention,3,3,3
CUST_02326,405,21,4715.38,0,Cannot Lose Them,2,5,5
CUST_02327,94,2,35.75,4,New Customers,4,1,1
CUST_02328,6,6,1045.71,2,Potential Loyalists,5,2,3
CUST_02329,149,8,1239.01,2,Potential Loyalists,4,3,3
CUST_02330,587,12,1839.03,1,Cannot Lose Them,1,4,4
CUST_02331,27,11,1561.62,2,Loyal Customers,5,4,3
CUST_02332,7,21,6058.650000000001,7,Champions,5,5,5
CUST_02333,237,4,589.1800000000001,4,Need Attention,3,2,2
CUST_02334,367,6,950.31,4,Hibernating,2,2,3
CUST_02335,230,10,1210.8600000000001,4,Need Attention,3,3,3
CUST_02336,49,8,1815.61,2,Potential Loyalists,5,3,4
CUST_02337,223,17,2709.94,6,Loyal Customers,3,4,4
CUST_02338,36,11,1616.56,2,Loyal Customers,5,4,3
CUST_02339,301,8,991.74,4,Need Attention,3,3,3
CUST_02340,282,5,537.31,4,Need Attention,3,2,2
CUST_02341,459,8,1298.75,1,At Risk,2,3,3
CUST_02342,465,2,61.61,1,Hibernating,2,1,1
CUST_02343,447,14,1702.46,6,Cannot Lose Them,2,4,4
CUST_02344,200,18,4396.15,6,Champions,4,4,5
CUST_02345,413,8,1060.33,1,At Risk,2,3,3
CUST_02346,422,9,2620.13,6,Cannot Lose Them,2,3,4
CUST_02347,132,36,9127.4,3,Champions,4,5,5
CUST_02348,138,41,10558.56,3,Champions,4,5,5
CUST_02349,292,8,706.4599999999999,4,Need Attention,3,3,2
CUST_02350,25,12,2388.4900000000002,2,Champions,5,4,4
CUST_02351,7,12,2769.91,2,Champions,5,4,4
CUST_02352,24,12,2135.81,2,Champions,5,4,4
CUST_02353,497,10,2018.24,1,Cannot Lose Them,2,3,4
CUST_02354,31,10,1500.93,2,Potential Loyalists,5,3,3
CUST_02355,189,5,610.98,4,Potential Loyalists,4,2,2
CUST_02356,43,36,11272.18,3,Champions,5,5,5
CUST_02357,135,18,2824.33,6,Champions,4,4,4
CUST_02358,144,10,2242.46,2,Potential Loyalists,4,3,4
CUST_02359,646,29,6678.900000000001,0,Cannot Lose Them,1,5,5
CUST_02360,15,32,8213.06,7,Champions,5,5,5
CUST_02361,139,3,351.5,4,Potential Loyalists,4,2,2
CUST_02362,487,3,488.58000000000004,1,Hibernating,2,2,2
CUST_02363,306,6,1252.33,4,Need Attention,3,2,3
CUST_02364,413,9,932.34,1,At Risk,2,3,3
CUST_02365,59,17,2559.19,2,Champions,4,4,4
CUST_02366,426,2,100.81,1,Hibernating,2,1,1
CUST_02367,295,7,1506.79,4,Need Attention,3,3,3
CUST_02368,306,12,2340.42,6,Loyal Customers,3,4,4
CUST_02369,307,7,984.08,4,Need Attention,3,3,3
CUST_02370,192,1,79.34,4,New Customers,4,1,1
CUST_02371,142,14,2450.23,6,Champions,4,4,4
CUST_02372,562,2,353.13,1,Hibernating,1,1,2
CUST_02373,782,2,149.86,5,Hibernating,1,1,1
CUST_02374,393,12,1834.05,6,Cannot Lose Them,2,4,4
CUST_02375,687,1,85.63,5,Hibernating,1,1,1
CUST_02376,17,23,4575.31,7,Champions,5,5,5
CUST_02377,418,7,1070.16,1,At Risk,2,3,3
CUST_02378,618,1,85.45,5,Hibernating,1,1,1
CUST_02379,5,20,6202.57,7,Champions,5,5,5
CUST_02380,375,3,218.07999999999998,4,Hibernating,2,2,1
CUST_02381,835,1,57.54,5,Hibernating,1,1,1
CUST_02382,345,1,144.21,4,Need Attention,3,1,1
CUST_02383,17,27,7811.74,7,Champions,5,5,5
CUST_02384,529,9,1223.6399999999999,1,At Risk,2,3,3
CUST_02385,318,15,3417.03,6,Loyal Customers,3,4,4
CUST_02386,458,8,769.08,1,At Risk,2,3,2
CUST_02387,237,7,1046.56,4,Need Attention,3,3,3
CUST_02388,145,38,10108.85,3,Champions,4,5,5
CUST_02389,313,12,2319.33,6,Loyal Customers,3,4,4
CUST_02390,351,14,2875.19,6,Loyal Customers,3,4,4
CUST_02391,423,9,1550.42,1,At Risk,2,3,3
CUST_02392,158,1,13.88,4,New Customers,4,1,1
CUST_02393,558,1,58.98,1,Hibernating,1,1,1
CUST_02394,527,5,688.88,1,Hibernating,2,2,2
CUST_02395,26,5,430.81,2,Potential Loyalists,5,2,2
CUST_02396,183,34,9388.25,3,Champions,4,5,5
CUST_02397,484,26,5812.639999999999,0,Cannot Lose Them,2,5,5
CUST_02398,576,6,839.5500000000001,1,Hibernating,1,2,3
CUST_02399,584,2,204.52,1,Hibernating,1,1,1
CUST_02400,190,36,11080.69,3,Champions,4,5,5
CUST_02401,793,2,175.46,5,Hibernating,1,1,1
CUST_02402,150,18,2411.99,6,Champions,4,4,4
CUST_02403,371,2,169.07999999999998,4,Hibernating,2,1,1
CUST_02404,23,32,7398.71,7,Champions,5,5,5
CUST_02405,590,2,439.96000000000004,1,Hibernating,1,1,2
CUST_02406,22,7,844.32,2,Potential Loyalists,5,3,3
CUST_02407,654,4,617.74,5,Hibernating,1,2,2
CUST_02408,527,1,295.19,1,Hibernating,2,1,2
CUST_02409,261,9,1991.39,6,Need Attention,3,3,4
CUST_02410,170,30,9150.56,3,Champions,4,5,5
CUST_02411,479,10,1269.8400000000001,1,At Risk,2,3,3
CUST_02412,182,9,1765.01,2,Potential Loyalists,4,3,4
CUST_02413,622,2,268.25,5,Hibernating,1,1,1
CUST_02414,858,3,303.14,5,Hibernating,1,2,2
CUST_02415,12,25,5037.5,7,Champions,5,5,5
CUST_02416,742,4,463.67999999999995,5,Hibernating,1,2,2
CUST_02417,344,14,3287.71,6,Loyal Customers,3,4,4
CUST_02418,780,2,337.08000000000004,5,Hibernating,1,1,2
CUST_02419,581,2,278.32,1,Hibernating,1,1,2
CUST_02420,513,1,12.48,1,Hibernating,2,1,1
CUST_02421,407,6,384.58,1,Hibernating,2,2,2
CUST_02422,9,6,689.72,2,Potential Loyalists,5,2,2
CUST_02423,248,10,1821.0,6,Need Attention,3,3,4
CUST_02424,23,15,2566.63,2,Champions,5,4,4
CUST_02425,371,7,663.72,4,At Risk,2,3,2
CUST_02426,236,4,577.8199999999999,4,Need Attention,3,2,2
CUST_02427,185,16,2373.18,6,Champions,4,4,4
CUST_02428,867,1,178.75,5,Hibernating,1,1,1
CUST_02429,8,10,1883.22,2,Potential Loyalists,5,3,4
CUST_02430,264,2,43.47,4,Need Attention,3,1,1
CUST_02431,434,2,132.86,1,Hibernating,2,1,1
CUST_02432,306,15,3007.65,6,Loyal Customers,3,4,4
CUST_02433,22,7,833.8,2,Potential Loyalists,5,3,3
CUST_02434,173,42,12781.63,3,Champions,4,5,5
CUST_02435,319,38,10184.87,3,Loyal Customers,3,5,5
CUST_02436,52,4,596.15,2,Potential Loyalists,5,2,2
CUST_02437,508,27,6347.73,0,Cannot Lose Them,2,5,5
CUST_02438,230,31,8946.03,3,Loyal Customers,3,5,5
CUST_02439,1,9,1958.0900000000001,2,Potential Loyalists,5,3,4
CUST_02440,59,6,807.75,2,Potential Loyalists,4,2,2
CUST_02441,585,1,121.19,1,Hibernating,1,1,1
CUST_02442,358,9,920.95,4,Need Attention,3,3,3
CUST_02443,5,22,6501.85,7,Champions,5,5,5
CUST_02444,55,4,567.44,2,Potential Loyalists,5,2,2
CUST_02445,579,12,1801.34,1,Cannot Lose Them,1,4,4
CUST_02446,464,13,2172.1,6,Cannot Lose Them,2,4,4
CUST_02447,129,14,1854.74,2,Champions,4,4,4
CUST_02448,10,15,3439.83,2,Champions,5,4,4
CUST_02449,354,1,67.66,4,Need Attention,3,1,1
CUST_02450,418,14,1869.19,6,Cannot Lose Them,2,4,4
CUST_02451,196,6,612.89,4,Potential Loyalists,4,2,2
CUST_02452,15,21,4815.2,7,Champions,5,5,5
CUST_02453,476,6,753.4399999999999,1,Hibernating,2,2,2
CUST_02454,246,9,2094.84,6,Need Attention,3,3,4
CUST_02455,305,3,391.15,4,Need Attention,3,2,2
CUST_02456,741,1,75.42,5,Hibernating,1,1,1
CUST_02457,374,2,279.84,4,Hibernating,2,1,2
CUST_02458,509,9,1020.0899999999999,1,At Risk,2,3,3
CUST_02459,392,10,1284.41,1,At Risk,2,3,3
CUST_02460,568,10,1765.35,1,Cannot Lose Them,1,3,4
CUST_02461,78,8,811.92,2,Potential Loyalists,4,3,2
CUST_02462,418,28,7336.07,0,Cannot Lose Them,2,5,5
CUST_02463,700,8,722.65,5,At Risk,1,3,2
CUST_02464,175,9,1475.95,2,Potential Loyalists,4,3,3
CUST_02465,49,7,575.26,2,Potential Loyalists,5,3,2
CUST_02466,132,8,909.37,2,Potential Loyalists,4,3,3
CUST_02467,564,11,1672.55,1,Cannot Lose Them,1,4,4
CUST_02468,803,2,366.85,5,Hibernating,1,1,2
CUST_02469,30,8,1408.94,2,Potential Loyalists,5,3,3
CUST_02470,622,6,1221.73,1,Hibernating,1,2,3
CUST_02471,11,24,5565.9400000000005,7,Champions,5,5,5
CUST_02472,441,9,849.67,1,At Risk,2,3,3
CUST_02473,50,17,3012.62,2,Champions,5,4,4
CUST_02474,48,6,690.03,2,Potential Loyalists,5,2,2
CUST_02475,331,11,1363.39,6,Loyal Customers,3,4,3
CUST_02476,20,24,5739.16,7,Champions,5,5,5
CUST_02477,7,21,6215.96,7,Champions,5,5,5
CUST_02478,334,26,9933.95,0,Loyal Customers,3,5,5
CUST_02479,325,4,485.83,4,Need Attention,3,2,2
CUST_02480,209,10,1306.1299999999999,2,Potential Loyalists,4,3,3
CUST_02481,159,3,173.25,4,Potential Loyalists,4,2,1
CUST_02482,411,6,294.94,1,Hibernating,2,2,2
CUST_02483,565,12,1755.28,1,Cannot Lose Them,1,4,4
CUST_02484,741,8,1114.91,5,At Risk,1,3,3
CUST_02485,1,23,6701.14,7,Champions,5,5,5
CUST_02486,670,6,574.43,5,Hibernating,1,2,2
CUST_02487,675,4,358.29,5,Hibernating,1,2,2
CUST_02488,481,3,710.8499999999999,1,Hibernating,2,2,2
CUST_02489,257,7,1701.93,4,Need Attention,3,3,4
CUST_02490,400,15,1863.95,6,Cannot Lose Them,2,4,4
CUST_02491,15,13,1847.94,2,Champions,5,4,4
CUST_02492,739,2,335.62,5,Hibernating,1,1,2
CUST_02493,335,30,7983.54,0,Loyal Customers,3,5,5
CUST_02494,839,3,412.44,5,Hibernating,1,2,2
CUST_02495,322,14,2465.47,6,Loyal Customers,3,4,4
CUST_02496,262,34,11847.33,3,Loyal Customers,3,5,5
CUST_02497,225,35,9175.14,3,Loyal Customers,3,5,5
CUST_02498,24,14,2196.68,2,Champions,5,4,4
CUST_02499,589,1,106.34,1,Hibernating,1,1,1
CUST_02500,385,24,9445.95,0,Cannot Lose Them,2,5,5
CUST_02501,531,21,4300.29,0,Cannot Lose Them,1,5,5
CUST_02502,11,23,6235.67,7,Champions,5,5,5
CUST_02503,7,9,1286.6799999999998,2,Potential Loyalists,5,3,3
CUST_02504,281,1,20.72,4,Need Attention,3,1,1
CUST_02505,380,3,371.5,4,Hibernating,2,2,2
CUST_02506,999,1,58.18,5,Hibernating,1,1,1
CUST_02507,7,10,1819.84,2,Potential Loyalists,5,3,4
CUST_02508,529,1,50.34,1,Hibernating,2,1,1
CUST_02509,28,4,174.88,2,Potential Loyalists,5,2,1
CUST_02510,216,31,8307.25,3,Champions,4,5,5
CUST_02511,844,1,211.08,5,Hibernating,1,1,1
CUST_02512,231,2,89.74,4,Need Attention,3,1,1
CUST_02513,410,27,8535.55,0,Cannot Lose Them,2,5,5
CUST_02514,800,1,86.7,5,Hibernating,1,1,1
CUST_02515,156,38,7281.16,3,Champions,4,5,5
CUST_02516,10,8,1632.29,2,Potential Loyalists,5,3,3
CUST_02517,776,1,18.78,5,Hibernating,1,1,1
CUST_02518,566,13,2742.1099999999997,1,Cannot Lose Them,1,4,4
CUST_02519,825,2,85.83,5,Hibernating,1,1,1
CUST_02520,753,5,583.31,5,Hibernating,1,2,2
CUST_02521,933,1,134.29,5,Hibernating,1,1,1
CUST_02522,461,8,767.75,1,At Risk,2,3,2
CUST_02523,474,20,3826.04,6,Cannot Lose Them,2,5,4
CUST_02524,61,6,915.92,2,Potential Loyalists,4,2,3
CUST_02525,271,9,2018.3700000000001,6,Need Attention,3,3,4
CUST_02526,349,1,44.29,4,Need Attention,3,1,1
CUST_02527,16,6,606.19,2,Potential Loyalists,5,2,2
CUST_02528,563,29,7128.89,0,Cannot Lose Them,1,5,5
CUST_02529,298,1,178.12,4,Need Attention,3,1,1
CUST_02530,13,17,4717.11,7,Champions,5,4,5
CUST_02531,451,28,6135.3,0,Cannot Lose Them,2,5,5
CUST_02532,94,15,2149.58,2,Champions,4,4,4
CUST_02533,90,5,596.42,2,Potential Loyalists,4,2,2
CUST_02534,115,2,101.44,4,New Customers,4,1,1
CUST_02535,10,9,2458.99,2,Potential Loyalists,5,3,4
CUST_02536,27,7,1279.0,2,Potential Loyalists,5,3,3
CUST_02537,525,21,6652.41,0,Cannot Lose Them,2,5,5
CUST_02538,231,14,1796.24,6,Loyal Customers,3,4,4
CUST_02539,166,22,5435.87,7,Champions,4,5,5
CUST_02540,27,30,8731.18,7,Champions,5,5,5
CUST_02541,782,4,575.67,5,Hibernating,1,2,2
CUST_02542,213,5,590.65,4,Potential Loyalists,4,2,2
CUST_02543,239,34,8705.43,3,Loyal Customers,3,5,5
CUST_02544,10,33,10810.74,3,Champions,5,5,5
CUST_02545,420,7,780.9,1,At Risk,2,3,2
CUST_02546,180,8,931.39,2,Potential Loyalists,4,3,3
CUST_02547,481,1,182.47,1,Hibernating,2,1,1
CUST_02548,623,1,159.03,5,Hibernating,1,1,1
CUST_02549,355,36,10292.06,3,Loyal Customers,3,5,5
CUST_02550,518,11,1337.84,1,Loyal Customers,2,4,3
CUST_02551,299,7,678.87,4,Need Attention,3,3,2
CUST_02552,37,8,1450.28,2,Potential Loyalists,5,3,3
CUST_02553,72,9,764.46,2,Potential Loyalists,4,3,2
CUST_02554,76,6,642.7,2,Potential Loyalists,4,2,2
CUST_02555,485,6,786.6800000000001,1,Hibernating,2,2,2
CUST_02556,139,4,398.89,4,Potential Loyalists,4,2,2
CUST_02557,373,39,9337.36,3,Cannot Lose Them,2,5,5
CUST_02558,52,7,911.89,2,Potential Loyalists,5,3,3
CUST_02559,867,2,58.18,5,Hibernating,1,1,1
CUST_02560,171,9,2329.66,2,Potential Loyalists,4,3,4
CUST_02561,756,2,151.42,5,Hibernating,1,1,1
CUST_02562,138,32,7666.68,7,Champions,4,5,5
CUST_02563,73,18,3600.82,6,Champions,4,4,4
CUST_02564,298,17,2237.73,6,Loyal Customers,3,4,4
CUST_02565,44,8,1023.53,2,Potential Loyalists,5,3,3
CUST_02566,4,30,7128.09,7,Champions,5,5,5
CUST_02567,755,8,949.99,5,At Risk,1,3,3
CUST_02568,30,4,739.95,2,Potential Loyalists,5,2,2
CUST_02569,27,15,2672.47,2,Champions,5,4,4
CUST_02570,400,5,312.98,1,Hibernating,2,2,2
CUST_02571,649,7,1338.95,1,At Risk,1,3,3
CUST_02572,84,4,404.55,2,Potential Loyalists,4,2,2
CUST_02573,305,2,434.86,4,Need Attention,3,1,2
CUST_02574,396,12,1511.95,6,Loyal Customers,2,4,3
CUST_02575,138,13,2998.81,6,Champions,4,4,4
CUST_02576,531,10,1941.74,1,Cannot Lose Them,1,3,4
CUST_02577,236,13,2128.61,6,Loyal Customers,3,4,4
CUST_02578,87,9,2432.4700000000003,2,Potential Loyalists,4,3,4
CUST_02579,552,22,6329.05,0,Cannot Lose Them,1,5,5
CUST_02580,370,12,1903.3,6,Cannot Lose Them,2,4,4
CUST_02581,154,14,2055.2599999999998,6,Champions,4,4,4
CUST_02582,273,13,3244.61,6,Loyal Customers,3,4,4
CUST_02583,10,15,2658.63,2,Champions,5,4,4
CUST_02584,243,11,1926.19,6,Loyal Customers,3,4,4
CUST_02585,151,42,11821.53,3,Champions,4,5,5
CUST_02586,685,2,151.06,5,Hibernating,1,1,1
CUST_02587,405,15,2446.9700000000003,6,Cannot Lose Them,2,4,4
CUST_02588,542,2,42.98,1,Hibernating,1,1,1
CUST_02589,288,3,484.64,4,Need Attention,3,2,2
CUST_02590,26,7,1030.71,2,Potential Loyalists,5,3,3
CUST_02591,843,1,27.04,5,Hibernating,1,1,1
CUST_02592,294,16,3205.54,6,Loyal Customers,3,4,4
CUST_02593,369,2,140.2,4,Hibernating,2,1,1
CUST_02594,361,1,16.14,4,Need Attention,3,1,1
CUST_02595,494,2,324.40999999999997,1,Hibernating,2,1,2
CUST_02596,529,5,789.17,1,Hibernating,2,2,2
CUST_02597,54,35,9301.75,3,Champions,5,5,5
CUST_02598,537,5,720.5699999999999,1,Hibernating,1,2,2
CUST_02599,182,13,1736.1799999999998,6,Champions,4,4,4
CUST_02600,88,16,2209.81,2,Champions,4,4,4
CUST_02601,34,9,601.0600000000001,2,Potential Loyalists,5,3,2
CUST_02602,424,2,53.06,1,Hibernating,2,1,1
CUST_02603,767,2,164.63,5,Hibernating,1,1,1
CUST_02604,254,29,9472.66,3,Loyal Customers,3,5,5
CUST_02605,44,27,5522.74,7,Champions,5,5,5
CUST_02606,320,35,11533.53,3,Loyal Customers,3,5,5
CUST_02607,449,9,797.47,1,At Risk,2,3,2
CUST_02608,541,13,1560.08,1,Loyal Customers,1,4,3
CUST_02609,361,26,7775.41,0,Loyal Customers,3,5,5
CUST_02610,599,5,858.8,1,Hibernating,1,2,3
CUST_02611,53,10,2398.37,2,Potential Loyalists,5,3,4
CUST_02612,496,8,933.03,1,At Risk,2,3,3
CUST_02613,555,1,82.97,1,Hibernating,1,1,1
CUST_02614,62,4,364.22,2,Potential Loyalists,4,2,2
CUST_02615,224,38,10394.12,3,Loyal Customers,3,5,5
CUST_02616,713,1,81.45,5,Hibernating,1,1,1
CUST_02617,238,8,1184.34,4,Need Attention,3,3,3
CUST_02618,642,1,14.03,5,Hibernating,1,1,1
CUST_02619,319,6,646.6899999999999,4,Need Attention,3,2,2
CUST_02620,5,18,5332.67,7,Champions,5,4,5
CUST_02621,724,5,478.35,5,Hibernating,1,2,2
CUST_02622,628,11,1279.63,1,Loyal Customers,1,4,3
CUST_02623,199,4,802.09,4,Potential Loyalists,4,2,2
CUST_02624,514,28,6447.66,0,Cannot Lose Them,2,5,5
CUST_02625,120,16,3068.33,6,Champions,4,4,4
CUST_02626,506,23,5185.81,0,Cannot Lose Them,2,5,5
CUST_02627,813,2,29.259999999999998,5,Hibernating,1,1,1
CUST_02628,311,11,1934.43,6,Loyal Customers,3,4,4
CUST_02629,465,22,5452.15,0,Cannot Lose Them,2,5,5
CUST_02630,42,9,1619.9,2,Potential Loyalists,5,3,3
CUST_02631,258,1,62.04,4,Need Attention,3,1,1
CUST_02632,9,15,2019.3600000000001,2,Champions,5,4,4
CUST_02633,684,8,1058.21,5,At Risk,1,3,3
CUST_02634,200,8,1448.56,4,Potential Loyalists,4,3,3
CUST_02635,289,35,9160.76,3,Loyal Customers,3,5,5
CUST_02636,536,7,1271.38,1,At Risk,1,3,3
CUST_02637,724,4,240.24,5,Hibernating,1,2,1
CUST_02638,65,8,1414.32,2,Potential Loyalists,4,3,3
CUST_02639,290,3,653.76,4,Need Attention,3,2,2
CUST_02640,358,4,298.63,4,Need Attention,3,2,2
CUST_02641,48,4,661.38,2,Potential Loyalists,5,2,2
CUST_02642,730,2,198.51,5,Hibernating,1,1,1
CUST_02643,417,23,7087.07,0,Cannot Lose Them,2,5,5
CUST_02644,858,1,104.94,5,Hibernating,1,1,1
CUST_02645,259,5,1031.47,4,Need Attention,3,2,3
CUST_02646,1,26,7351.1,7,Champions,5,5,5
CUST_02647,451,2,318.38,1,Hibernating,2,1,2
CUST_02648,802,4,473.33000000000004,5,Hibernating,1,2,2
CUST_02649,334,2,48.480000000000004,4,Need Attention,3,1,1
CUST_02650,620,9,1625.12,1,At Risk,1,3,3
CUST_02651,315,8,1173.78,4,Need Attention,3,3,3
CUST_02652,43,4,601.89,2,Potential Loyalists,5,2,2
CUST_02653,754,8,1073.98,5,At Risk,1,3,3
CUST_02654,535,6,1045.87,1,Hibernating,1,2,3
CUST_02655,404,9,993.91,1,At Risk,2,3,3
CUST_02656,393,9,895.79,1,At Risk,2,3,3
CUST_02657,575,5,528.76,1,Hibernating,1,2,2
CUST_02658,11,24,7422.38,7,Champions,5,5,5
CUST_02659,336,12,1666.5,6,Loyal Customers,3,4,4
CUST_02660,302,13,2894.9900000000002,6,Loyal Customers,3,4,4
CUST_02661,20,10,1306.31,2,Potential Loyalists,5,3,3
CUST_02662,830,2,60.89,5,Hibernating,1,1,1
CUST_02663,463,9,1320.8,1,At Risk,2,3,3
CUST_02664,399,42,7635.75,3,Cannot Lose Them,2,5,5
CUST_02665,193,6,638.03,4,Potential Loyalists,4,2,2
CUST_02666,25,9,2055.3,2,Potential Loyalists,5,3,4
CUST_02667,439,29,6580.29,0,Cannot Lose Them,2,5,5
CUST_02668,81,7,997.0699999999999,2,Potential Loyalists,4,3,3
CUST_02669,349,8,1784.43,4,Need Attention,3,3,4
CUST_02670,58,7,731.33,2,Potential Loyalists,4,3,2
CUST_02671,119,34,8939.34,3,Champions,4,5,5
CUST_02672,360,26,8137.91,0,Loyal Customers,3,5,5
CUST_02673,24,8,1576.86,2,Potential Loyalists,5,3,3
CUST_02674,87,9,994.91,2,Potential Loyalists,4,3,3
CUST_02675,582,25,6809.02,0,Cannot Lose Them,1,5,5
CUST_02676,33,6,1078.9,2,Potential Loyalists,5,2,3
CUST_02677,181,1,9.44,4,New Customers,4,1,1
CUST_02678,655,2,180.75,5,Hibernating,1,1,1
CUST_02679,64,14,2291.4,2,Champions,4,4,4
CUST_02680,784,4,633.03,5,Hibernating,1,2,2
CUST_02681,461,7,633.05,1,At Risk,2,3,2
CUST_02682,674,5,1035.06,5,Hibernating,1,2,3
CUST_02683,485,9,972.59,1,At Risk,2,3,3
CUST_02684,524,6,733.36,1,Hibernating,2,2,2
CUST_02685,145,6,246.13,4,Potential Loyalists,4,2,1
CUST_02686,352,27,9203.59,0,Loyal Customers,3,5,5
CUST_02687,128,5,1020.5699999999999,2,Potential Loyalists,4,2,3
CUST_02688,28,10,1685.07,2,Potential Loyalists,5,3,4
CUST_02689,604,20,6197.18,0,Cannot Lose Them,1,5,5
CUST_02690,2,9,1636.69,2,Potential Loyalists,5,3,3
CUST_02691,125,4,815.65,4,Potential Loyalists,4,2,2
CUST_02692,3,12,1649.65,2,Loyal Customers,5,4,3
CUST_02693,298,15,1647.02,6,Loyal Customers,3,4,3
CUST_02694,296,9,1139.67,4,Need Attention,3,3,3
CUST_02695,19,28,9173.6,7,Champions,5,5,5
CUST_02696,6,18,7272.41,7,Champions,5,4,5
CUST_02697,517,5,367.48,1,Hibernating,2,2,2
CUST_02698,594,1,151.85,1,Hibernating,1,1,1
CUST_02699,2,20,5870.95,7,Champions,5,5,5
CUST_02700,25,9,1520.69,2,Potential Loyalists,5,3,3
CUST_02701,473,1,31.51,1,Hibernating,2,1,1
CUST_02702,633,2,102.12,5,Hibernating,1,1,1
CUST_02703,36,8,447.87,2,Potential Loyalists,5,3,2
CUST_02704,76,10,1188.53,2,Potential Loyalists,4,3,3
CUST_02705,3,6,406.69,2,Potential Loyalists,5,2,2
CUST_02706,400,8,1305.42,1,At Risk,2,3,3
CUST_02707,166,17,2156.39,6,Champions,4,4,4
CUST_02708,1,8,2104.57,2,Potential Loyalists,5,3,4
CUST_02709,682,2,50.14,5,Hibernating,1,1,1
CUST_02710,388,2,71.79,4,Hibernating,2,1,1
CUST_02711,3,18,2022.02,2,Champions,5,4,4
CUST_02712,315,18,3456.41,6,Loyal Customers,3,4,4
CUST_02713,712,8,1278.3,5,At Risk,1,3,3
CUST_02714,2,9,1164.28,2,Potential Loyalists,5,3,3
CUST_02715,296,24,8155.33,0,Loyal Customers,3,5,5
CUST_02716,5,11,1873.47,2,Champions,5,4,4
CUST_02717,189,38,8324.2,3,Champions,4,5,5
CUST_02718,539,2,65.13,1,Hibernating,1,1,1
CUST_02719,551,4,952.0799999999999,1,Hibernating,1,2,3
CUST_02720,655,27,6888.62,0,Cannot Lose Them,1,5,5
CUST_02721,494,1,10.95,1,Hibernating,2,1,1
CUST_02722,312,1,100.85,4,Need Attention,3,1,1
CUST_02723,416,4,1107.68,1,Hibernating,2,2,3
CUST_02724,16,28,8089.2300000000005,7,Champions,5,5,5
CUST_02725,50,9,1087.48,2,Potential Loyalists,5,3,3
CUST_02726,135,7,1095.53,2,Potential Loyalists,4,3,3
CUST_02727,12,6,1176.29,2,Potential Loyalists,5,2,3
CUST_02728,127,6,846.74,2,Potential Loyalists,4,2,3
CUST_02729,23,12,2123.84,2,Champions,5,4,4
CUST_02730,20,12,2064.55,2,Champions,5,4,4
CUST_02731,27,12,2180.9700000000003,2,Champions,5,4,4
CUST_02732,340,1,79.3,4,Need Attention,3,1,1
CUST_02733,363,21,6296.0,0,Loyal Customers,3,5,5
CUST_02734,83,4,1089.35,2,Potential Loyalists,4,2,3
CUST_02735,21,15,2486.0,2,Champions,5,4,4
CUST_02736,25,10,1377.1100000000001,2,Potential Loyalists,5,3,3
CUST_02737,451,16,2379.67,6,Cannot Lose Them,2,4,4
CUST_02738,784,2,165.12,5,Hibernating,1,1,1
CUST_02739,718,9,1302.17,5,At Risk,1,3,3
CUST_02740,57,5,464.12,2,Potential Loyalists,5,2,2
CUST_02741,204,14,3125.78,6,Champions,4,4,4
CUST_02742,412,12,1727.97,6,Cannot Lose Them,2,4,4
CUST_02743,458,21,6647.09,0,Cannot Lose Them,2,5,5
CUST_02744,357,12,2104.21,6,Loyal Customers,3,4,4
CUST_02745,145,10,1826.74,2,Potential Loyalists,4,3,4
CUST_02746,320,34,11307.8,3,Loyal Customers,3,5,5
CUST_02747,182,9,2300.66,2,Potential Loyalists,4,3,4
CUST_02748,302,4,556.8,4,Need Attention,3,2,2
CUST_02749,273,8,1359.7,4,Need Attention,3,3,3
CUST_02750,149,15,3361.91,6,Champions,4,4,4
CUST_02751,830,1,309.91,5,Hibernating,1,1,2
CUST_02752,167,1,24.68,4,New Customers,4,1,1
CUST_02753,235,30,6859.15,7,Loyal Customers,3,5,5
CUST_02754,457,20,5940.4,0,Cannot Lose Them,2,5,5
CUST_02755,540,1,142.87,1,Hibernating,1,1,1
CUST_02756,61,42,14009.3,3,Champions,4,5,5
CUST_02757,199,27,6463.67,7,Champions,4,5,5
CUST_02758,399,2,185.93,4,Hibernating,2,1,1
CUST_02759,330,15,2084.99,6,Loyal Customers,3,4,4
CUST_02760,738,4,739.73,5,Hibernating,1,2,2
CUST_02761,281,3,295.12,4,Need Attention,3,2,2
CUST_02762,7,34,10958.87,3,Champions,5,5,5
CUST_02763,92,13,1454.91,2,Loyal Customers,4,4,3
CUST_02764,640,26,7849.43,0,Cannot Lose Them,1,5,5
CUST_02765,420,1,55.52,1,Hibernating,2,1,1
CUST_02766,352,11,1386.11,6,Loyal Customers,3,4,3
CUST_02767,639,9,1556.73,1,At Risk,1,3,3
CUST_02768,29,10,1621.03,2,Potential Loyalists,5,3,3
CUST_02769,859,3,741.49,5,Hibernating,1,2,2
CUST_02770,3,29,6350.31,7,Champions,5,5,5
CUST_02771,41,9,1477.61,2,Potential Loyalists,5,3,3
CUST_02772,506,12,1748.09,1,Cannot Lose Them,2,4,4
CUST_02773,919,1,30.03,5,Hibernating,1,1,1
CUST_02774,120,18,3151.43,6,Champions,4,4,4
CUST_02775,859,2,54.66,5,Hibernating,1,1,1
CUST_02776,114,11,1950.06,2,Champions,4,4,4
CUST_02777,123,18,2129.82,6,Champions,4,4,4
CUST_02778,598,6,558.77,1,Hibernating,1,2,2
CUST_02779,10,9,1036.31,2,Potential Loyalists,5,3,3
CUST_02780,7,33,8335.880000000001,3,Champions,5,5,5
CUST_02781,456,9,880.09,1,At Risk,2,3,3
CUST_02782,6,20,4536.16,7,Champions,5,5,5
CUST_02783,102,3,340.83,4,Potential Loyalists,4,2,2
CUST_02784,242,9,1103.29,4,Need Attention,3,3,3
CUST_02785,249,5,576.46,4,Need Attention,3,2,2
CUST_02786,77,9,956.34,2,Potential Loyalists,4,3,3
CUST_02787,145,12,2018.3700000000001,2,Champions,4,4,4
CUST_02788,1,30,7885.25,7,Champions,5,5,5
CUST_02789,139,22,6420.8,7,Champions,4,5,5
CUST_02790,9,21,5308.07,7,Champions,5,5,5
CUST_02791,61,11,1725.95,2,Champions,4,4,4
CUST_02792,366,4,795.25,4,Hibernating,2,2,2
CUST_02793,38,7,712.94,2,Potential Loyalists,5,3,2
CUST_02794,16,11,1862.5300000000002,2,Champions,5,4,4
CUST_02795,212,2,194.22,4,New Customers,4,1,1
CUST_02796,150,30,9049.369999999999,3,Champions,4,5,5
CUST_02797,34,11,2023.14,2,Champions,5,4,4
CUST_02798,576,8,2002.37,1,Cannot Lose Them,1,3,4
CUST_02799,487,2,62.769999999999996,1,Hibernating,2,1,1
CUST_02800,21,11,1213.8,2,Loyal Customers,5,4,3
CUST_02801,357,6,756.6400000000001,4,Need Attention,3,2,2
CUST_02802,101,15,2596.18,2,Champions,4,4,4
CUST_02803,88,10,1611.86,2,Potential Loyalists,4,3,3
CUST_02804,109,10,1597.0100000000002,2,Potential Loyalists,4,3,3
CUST_02805,172,7,431.18999999999994,4,Potential Loyalists,4,3,2
CUST_02806,889,1,60.26,5,Hibernating,1,1,1
CUST_02807,323,37,9897.17,3,Loyal Customers,3,5,5
CUST_02808,231,9,1211.31,4,Need Attention,3,3,3
CUST_02809,632,5,490.39,1,Hibernating,1,2,2
CUST_02810,458,12,2073.59,6,Cannot Lose Them,2,4,4
CUST_02811,690,1,72.94,5,Hibernating,1,1,1
CUST_02812,660,2,62.230000000000004,5,Hibernating,1,1,1
CUST_02813,396,1,38.28,4,Hibernating,2,1,1
CUST_02814,24,9,1895.56,2,Potential Loyalists,5,3,4
CUST_02815,139,9,1784.44,2,Potential Loyalists,4,3,4
CUST_02816,4,8,1460.46,2,Potential Loyalists,5,3,3
CUST_02817,169,2,302.02,4,New Customers,4,1,2
CUST_02818,444,8,830.75,1,At Risk,2,3,3
CUST_02819,279,8,865.48,4,Need Attention,3,3,3
CUST_02820,33,12,3230.02,2,Champions,5,4,4
CUST_02821,114,10,2165.41,2,Potential Loyalists,4,3,4
CUST_02822,155,18,3317.97,6,Champions,4,4,4
CUST_02823,451,1,71.57,1,Hibernating,2,1,1
CUST_02824,428,2,81.05000000000001,1,Hibernating,2,1,1
CUST_02825,186,2,164.1,4,New Customers,4,1,1
CUST_02826,23,8,930.37,2,Potential Loyalists,5,3,3
CUST_02827,493,4,503.35,1,Hibernating,2,2,2
CUST_02828,79,9,1129.73,2,Potential Loyalists,4,3,3
CUST_02829,314,1,81.04,4,Need Attention,3,1,1
CUST_02830,10,24,4997.0,7,Champions,5,5,5
CUST_02831,627,22,8315.22,0,Cannot Lose Them,1,5,5
CUST_02832,80,5,791.86,2,Potential Loyalists,4,2,2
CUST_02833,763,3,795.0,5,Hibernating,1,2,2
CUST_02834,14,33,10635.1,3,Champions,5,5,5
CUST_02835,43,10,2169.63,2,Potential Loyalists,5,3,4
CUST_02836,308,1,100.04,4,Need Attention,3,1,1
CUST_02837,141,15,2516.83,6,Champions,4,4,4
CUST_02838,27,9,2055.75,2,Potential Loyalists,5,3,4
CUST_02839,239,4,530.91,4,Need Attention,3,2,2
CUST_02840,40,18,2986.09,2,Champions,5,4,4
CUST_02841,26,8,852.03,2,Potential Loyalists,5,3,3
CUST_02842,2,7,842.8,2,Potential Loyalists,5,3,3
CUST_02843,58,12,1914.23,2,Champions,4,4,4
CUST_02844,279,14,1750.69,6,Loyal Customers,3,4,4
CUST_02845,7,24,6577.28,7,Champions,5,5,5
CUST_02846,10,14,2253.98,2,Champions,5,4,4
CUST_02847,206,18,3814.45,6,Champions,4,4,4
CUST_02848,474,16,2279.93,6,Cannot Lose Them,2,4,4
CUST_02849,103,7,658.34,2,Potential Loyalists,4,3,2
CUST_02850,70,6,610.69,2,Potential Loyalists,4,2,2
CUST_02851,208,35,10265.29,3,Champions,4,5,5
CUST_02852,276,9,609.56,4,Need Attention,3,3,2
CUST_02853,135,8,1017.53,2,Potential Loyalists,4,3,3
CUST_02854,340,10,1483.27,6,Need Attention,3,3,3
CUST_02855,398,6,503.65999999999997,1,Hibernating,2,2,2
CUST_02856,508,35,8823.26,0,Cannot Lose Them,2,5,5
CUST_02857,545,13,1726.6299999999999,1,Cannot Lose Them,1,4,4
CUST_02858,3,9,1592.57,2,Potential Loyalists,5,3,3
CUST_02859,543,9,1740.79,1,Cannot Lose Them,1,3,4
CUST_02860,563,3,239.07999999999998,1,Hibernating,1,2,1
CUST_02861,495,1,38.91,1,Hibernating,2,1,1
CUST_02862,191,4,510.95000000000005,4,Potential Loyalists,4,2,2
CUST_02863,591,8,1543.1000000000001,1,At Risk,1,3,3
CUST_02864,36,13,2356.79,2,Champions,5,4,4
CUST_02865,47,10,1364.99,2,Potential Loyalists,5,3,3
CUST_02866,135,4,553.11,4,Potential Loyalists,4,2,2
CUST_02867,257,1,28.8,4,Need Attention,3,1,1
CUST_02868,494,6,503.87,1,Hibernating,2,2,2
CUST_02869,243,2,145.13,4,Need Attention,3,1,1
CUST_02870,780,1,26.38,5,Hibernating,1,1,1
CUST_02871,627,11,1373.1299999999999,1,Loyal Customers,1,4,3
CUST_02872,381,4,538.89,4,Hibernating,2,2,2
CUST_02873,838,1,22.48,5,Hibernating,1,1,1
CUST_02874,560,1,15.22,1,Hibernating,1,1,1
CUST_02875,347,2,70.03999999999999,4,Need Attention,3,1,1
CUST_02876,283,7,859.14,4,Need Attention,3,3,3
CUST_02877,977,1,5.89,5,Hibernating,1,1,1
CUST_02878,319,17,2219.84,6,Loyal Customers,3,4,4
CUST_02879,19,8,1632.77,2,Potential Loyalists,5,3,3
CUST_02880,303,19,4519.82,6,Loyal Customers,3,5,5
CUST_02881,724,2,78.96,5,Hibernating,1,1,1
CUST_02882,19,9,1312.16,2,Potential Loyalists,5,3,3
CUST_02883,473,12,1373.39,1,Loyal Customers,2,4,3
CUST_02884,2,25,7910.35,7,Champions,5,5,5
CUST_02885,6,10,2511.9300000000003,2,Potential Loyalists,5,3,4
CUST_02886,78,38,9571.75,3,Champions,4,5,5
CUST_02887,309,1,48.84,4,Need Attention,3,1,1
CUST_02888,321,5,502.36,4,Need Attention,3,2,2
CUST_02889,18,19,6529.03,7,Champions,5,5,5
CUST_02890,709,2,160.43,5,Hibernating,1,1,1
CUST_02891,21,9,1174.17,2,Potential Loyalists,5,3,3
CUST_02892,391,35,9469.84,3,Cannot Lose Them,2,5,5
CUST_02893,54,5,399.12,2,Potential Loyalists,5,2,2
CUST_02894,490,3,287.07,1,Hibernating,2,2,2
CUST_02895,1,11,2014.17,2,Champions,5,4,4
CUST_02896,281,2,165.29000000000002,4,Need Attention,3,1,1
CUST_02897,59,6,728.35,2,Potential Loyalists,4,2,2
CUST_02898,270,14,3326.69,6,Loyal Customers,3,4,4
CUST_02899,183,8,2006.3899999999999,2,Potential Loyalists,4,3,4
CUST_02900,372,6,867.49,4,Hibernating,2,2,3
CUST_02901,306,15,3066.05,6,Loyal Customers,3,4,4
CUST_02902,759,2,123.55,5,Hibernating,1,1,1
CUST_02903,305,8,1244.25,4,Need Attention,3,3,3
CUST_02904,100,8,1791.5700000000002,2,Potential Loyalists,4,3,4
CUST_02905,381,35,9612.22,3,Cannot Lose Them,2,5,5
CUST_02906,247,2,301.37,4,Need Attention,3,1,2
CUST_02907,299,3,330.94,4,Need Attention,3,2,2
CUST_02908,229,40,10561.67,3,Loyal Customers,3,5,5
CUST_02909,374,1,41.77,4,Hibernating,2,1,1
CUST_02910,80,2,240.51999999999998,4,New Customers,4,1,1
CUST_02911,473,2,170.24,1,Hibernating,2,1,1
CUST_02912,382,18,2533.69,6,Cannot Lose Them,2,4,4
CUST_02913,315,4,247.29,4,Need Attention,3,2,1
CUST_02914,686,4,141.14,5,Hibernating,1,2,1
CUST_02915,96,9,673.59,2,Potential Loyalists,4,3,2
CUST_02916,161,20,6160.83,7,Champions,4,5,5
CUST_02917,141,10,978.26,2,Potential Loyalists,4,3,3
CUST_02918,18,11,1277.04,2,Loyal Customers,5,4,3
CUST_02919,38,5,884.76,2,Potential Loyalists,5,2,3
CUST_02920,488,8,1601.83,1,At Risk,2,3,3
CUST_02921,171,8,2101.67,2,Potential Loyalists,4,3,4
CUST_02922,81,10,2842.06,2,Potential Loyalists,4,3,4
CUST_02923,331,14,2653.82,6,Loyal Customers,3,4,4
CUST_02924,614,1,19.91,5,Hibernating,1,1,1
CUST_02925,171,8,1446.9099999999999,2,Potential Loyalists,4,3,3
CUST_02926,465,1,34.54,1,Hibernating,2,1,1
CUST_02927,409,1,12.17,1,Hibernating,2,1,1
CUST_02928,391,15,1645.54,6,Loyal Customers,2,4,3
CUST_02929,887,3,208.99,5,Hibernating,1,2,1
CUST_02930,595,3,121.36,1,Hibernating,1,2,1
CUST_02931,435,1,60.63,1,Hibernating,2,1,1
CUST_02932,480,33,8637.51,0,Cannot Lose Them,2,5,5
CUST_02933,323,1,119.64,4,Need Attention,3,1,1
CUST_02934,254,9,1087.85,4,Need Attention,3,3,3
CUST_02935,685,5,668.9,5,Hibernating,1,2,2
CUST_02936,414,6,838.74,1,Hibernating,2,2,3
CUST_02937,6,17,6108.19,7,Champions,5,4,5
CUST_02938,715,2,407.47,5,Hibernating,1,1,2
CUST_02939,440,11,885.91,1,Loyal Customers,2,4,3
CUST_02940,17,8,1582.29,2,Potential Loyalists,5,3,3
CUST_02941,921,1,65.87,5,Hibernating,1,1,1
CUST_02942,316,8,1215.19,4,Need Attention,3,3,3
CUST_02943,426,11,1402.29,1,Loyal Customers,2,4,3
CUST_02944,55,40,12877.19,3,Champions,5,5,5
CUST_02945,279,17,3546.06,6,Loyal Customers,3,4,4
CUST_02946,6,18,6900.01,7,Champions,5,4,5
CUST_02947,147,40,13355.529999999999,3,Champions,4,5,5
CUST_02948,303,3,282.5,4,Need Attention,3,2,2
CUST_02949,11,8,1615.6799999999998,2,Potential Loyalists,5,3,3
CUST_02950,525,7,806.74,1,At Risk,2,3,2
CUST_02951,365,11,1739.9299999999998,6,Loyal Customers,3,4,4
CUST_02952,454,34,10858.89,3,Cannot Lose Them,2,5,5
CUST_02953,254,1,117.36,4,Need Attention,3,1,1
CUST_02954,523,6,600.61,1,Hibernating,2,2,2
CUST_02955,261,8,1196.89,4,Need Attention,3,3,3
CUST_02956,541,13,1557.95,1,Loyal Customers,1,4,3
CUST_02957,154,9,1104.88,2,Potential Loyalists,4,3,3
CUST_02958,5,8,1886.4299999999998,2,Potential Loyalists,5,3,4
CUST_02959,124,18,3260.45,6,Champions,4,4,4
CUST_02960,75,7,927.28,2,Potential Loyalists,4,3,3
CUST_02961,569,1,16.89,1,Hibernating,1,1,1
CUST_02962,355,2,148.26999999999998,4,Need Attention,3,1,1
CUST_02963,3,5,368.14,2,Potential Loyalists,5,2,2
CUST_02964,526,2,560.93,1,Hibernating,2,1,2
CUST_02965,130,23,6658.07,7,Champions,4,5,5
CUST_02966,438,4,460.35,1,Hibernating,2,2,2
CUST_02967,510,2,258.53999999999996,1,Hibernating,2,1,1
CUST_02968,352,16,2954.5299999999997,6,Loyal Customers,3,4,4
CUST_02969,33,6,966.5899999999999,2,Potential Loyalists,5,2,3
CUST_02970,320,1,86.86,4,Need Attention,3,1,1
CUST_02971,114,39,8262.02,3,Champions,4,5,5
CUST_02972,149,10,1662.38,2,Potential Loyalists,4,3,4
CUST_02973,482,11,2096.19,1,Cannot Lose Them,2,4,4
CUST_02974,227,29,9506.74,3,Loyal Customers,3,5,5
CUST_02975,282,31,10950.85,3,Loyal Customers,3,5,5
CUST_02976,284,21,6052.35,7,Loyal Customers,3,5,5
CUST_02977,709,8,1496.02,5,At Risk,1,3,3
CUST_02978,605,11,1605.93,1,Loyal Customers,1,4,3
CUST_02979,422,13,1674.33,6,Cannot Lose Them,2,4,4
CUST_02980,329,1,48.01,4,Need Attention,3,1,1
CUST_02981,31,9,1303.28,2,Potential Loyalists,5,3,3
CUST_02982,178,3,342.79,4,Potential Loyalists,4,2,2
CUST_02983,349,2,214.42,4,Need Attention,3,1,1
CUST_02984,38,7,632.79,2,Potential Loyalists,5,3,2
CUST_02985,85,2,29.21,4,New Customers,4,1,1
CUST_02986,440,33,11975.8,3,Cannot Lose Them,2,5,5
CUST_02987,582,5,459.28,1,Hibernating,1,2,2
CUST_02988,689,10,1237.1299999999999,5,At Risk,1,3,3
CUST_02989,21,12,2082.05,2,Champions,5,4,4
CUST_02990,12,9,1577.78,2,Potential Loyalists,5,3,3
CUST_02991,527,8,765.74,1,At Risk,2,3,2
CUST_02992,129,41,10530.11,3,Champions,4,5,5
CUST_02993,404,6,1085.69,1,Hibernating,2,2,3
CUST_02994,151,7,981.5699999999999,2,Potential Loyalists,4,3,3
CUST_02995,717,2,224.47,5,Hibernating,1,1,1
CUST_02996,391,12,1728.23,6,Cannot Lose Them,2,4,4
CUST_02997,238,8,832.7,4,Need Attention,3,3,3
CUST_02998,271,11,1471.6100000000001,6,Loyal Customers,3,4,3
CUST_02999,545,9,1228.89,1,At Risk,1,3,3
CUST_03000,272,6,1467.33,4,Need Attention,3,2,3
CUST_03001,703,5,491.53999999999996,5,Hibernating,1,2,2
CUST_03002,65,18,5375.3099999999995,7,Champions,4,4,5
CUST_03003,322,2,178.52,4,Need Attention,3,1,1
CUST_03004,281,2,63.72,4,Need Attention,3,1,1
CUST_03005,24,13,1929.43,2,Champions,5,4,4
CUST_03006,712,5,496.12,5,Hibernating,1,2,2
CUST_03007,716,3,269.49,5,Hibernating,1,2,2
CUST_03008,26,7,764.01,2,Potential Loyalists,5,3,2
CUST_03009,384,39,12829.7,3,Cannot Lose Them,2,5,5
CUST_03010,162,8,999.96,2,Potential Loyalists,4,3,3
CUST_03011,198,2,306.48,4,New Customers,4,1,2
CUST_03012,36,7,872.01,2,Potential Loyalists,5,3,3
CUST_03013,514,2,109.50999999999999,1,Hibernating,2,1,1
CUST_03014,1,24,8222.91,7,Champions,5,5,5
CUST_03015,36,10,810.08,2,Potential Loyalists,5,3,2
CUST_03016,524,10,1537.0,1,At Risk,2,3,3
CUST_03017,88,2,85.34,4,New Customers,4,1,1
CUST_03018,17,12,2095.3900000000003,2,Champions,5,4,4
CUST_03019,223,2,124.61000000000001,4,Need Attention,3,1,1
CUST_03020,604,4,351.53999999999996,1,Hibernating,1,2,2
CUST_03021,92,9,1373.37,2,Potential Loyalists,4,3,3
CUST_03022,282,37,9384.65,3,Loyal Customers,3,5,5
CUST_03023,475,12,1827.6899999999998,1,Cannot Lose Them,2,4,4
CUST_03024,404,5,1080.03,1,Hibernating,2,2,3
CUST_03025,33,8,1969.29,2,Potential Loyalists,5,3,4
CUST_03026,40,5,717.84,2,Potential Loyalists,5,2,2
CUST_03027,495,16,1813.64,6,Cannot Lose Them,2,4,4
CUST_03028,6,15,2562.2,2,Champions,5,4,4
CUST_03029,54,7,797.05,2,Potential Loyalists,5,3,2
CUST_03030,327,15,2349.5,6,Loyal Customers,3,4,4
CUST_03031,16,20,5256.25,7,Champions,5,5,5
CUST_03032,3,32,8882.14,3,Champions,5,5,5
CUST_03033,555,8,1403.94,1,At Risk,1,3,3
CUST_03034,7,24,6199.07,7,Champions,5,5,5
CUST_03035,428,36,12124.61,3,Cannot Lose Them,2,5,5
CUST_03036,1,11,2532.0,2,Champions,5,4,4
CUST_03037,639,2,130.06,5,Hibernating,1,1,1
CUST_03038,217,26,7613.78,7,Loyal Customers,3,5,5
CUST_03039,73,9,974.45,2,Potential Loyalists,4,3,3
CUST_03040,257,14,2351.7,6,Loyal Customers,3,4,4
CUST_03041,489,6,471.87,1,Hibernating,2,2,2
CUST_03042,339,7,733.17,4,Need Attention,3,3,2
CUST_03043,36,6,1346.9,2,Potential Loyalists,5,2,3
CUST_03044,655,8,893.83,1,At Risk,1,3,3
CUST_03045,40,8,1806.28,2,Potential Loyalists,5,3,4
CUST_03046,41,9,886.62,2,Potential Loyalists,5,3,3
CUST_03047,465,14,3043.39,6,Cannot Lose Them,2,4,4
CUST_03048,299,7,454.23,4,Need Attention,3,3,2
CUST_03049,84,25,6486.76,7,Champions,4,5,5
CUST_03050,127,4,422.76,4,Potential Loyalists,4,2,2
CUST_03051,246,9,714.1999999999999,4,Need Attention,3,3,2
CUST_03052,159,9,1424.24,2,Potential Loyalists,4,3,3
CUST_03053,20,25,6572.99,7,Champions,5,5,5
CUST_03054,303,2,285.46,4,Need Attention,3,1,2
CUST_03055,489,12,2001.04,1,Cannot Lose Them,2,4,4
CUST_03056,426,7,980.2,1,At Risk,2,3,3
CUST_03057,227,2,200.53,4,Need Attention,3,1,1
CUST_03058,25,6,573.5699999999999,2,Potential Loyalists,5,2,2
CUST_03059,59,6,1159.37,2,Potential Loyalists,4,2,3
CUST_03060,320,8,1249.71,4,Need Attention,3,3,3
CUST_03061,146,9,1041.14,2,Potential Loyalists,4,3,3
CUST_03062,263,5,270.8,4,Need Attention,3,2,2
CUST_03063,39,7,1342.56,2,Potential Loyalists,5,3,3
CUST_03064,486,7,416.95,1,At Risk,2,3,2
CUST_03065,670,2,121.44,5,Hibernating,1,1,1
CUST_03066,665,2,87.03999999999999,5,Hibernating,1,1,1
CUST_03067,52,14,1824.83,2,Champions,5,4,4
CUST_03068,298,3,636.09,4,Need Attention,3,2,2
CUST_03069,24,28,5592.58,7,Champions,5,5,5
CUST_03070,35,4,786.99,2,Potential Loyalists,5,2,2
CUST_03071,513,15,2422.65,6,Cannot Lose Them,2,4,4
CUST_03072,46,10,1677.65,2,Potential Loyalists,5,3,4
CUST_03073,179,9,1380.54,2,Potential Loyalists,4,3,3
CUST_03074,270,28,7874.08,0,Loyal Customers,3,5,5
CUST_03075,377,7,814.9,4,At Risk,2,3,2
CUST_03076,442,6,784.67,1,Hibernating,2,2,2
CUST_03077,728,2,162.28,5,Hibernating,1,1,1
CUST_03078,370,2,79.28,4,Hibernating,2,1,1
CUST_03079,216,8,833.23,4,Potential Loyalists,4,3,3
CUST_03080,258,7,856.27,4,Need Attention,3,3,3
CUST_03081,37,18,2994.39,2,Champions,5,4,4
CUST_03082,17,11,2414.75,2,Champions,5,4,4
CUST_03083,416,9,1479.22,1,At Risk,2,3,3
CUST_03084,274,38,10674.07,3,Loyal Customers,3,5,5
CUST_03085,60,8,1064.8500000000001,2,Potential Loyalists,4,3,3
CUST_03086,20,9,731.7,2,Potential Loyalists,5,3,2
CUST_03087,443,29,8720.38,0,Cannot Lose Them,2,5,5
CUST_03088,86,12,2389.53,2,Champions,4,4,4
CUST_03089,11,19,4665.33,7,Champions,5,5,5
CUST_03090,862,1,50.91,5,Hibernating,1,1,1
CUST_03091,776,1,112.38,5,Hibernating,1,1,1
CUST_03092,174,8,512.1800000000001,4,Potential Loyalists,4,3,2
CUST_03093,218,7,555.36,4,Need Attention,3,3,2
CUST_03094,462,2,89.86,1,Hibernating,2,1,1
CUST_03095,85,9,1231.3,2,Potential Loyalists,4,3,3
CUST_03096,539,7,765.04,1,At Risk,1,3,2
CUST_03097,164,16,2448.05,6,Champions,4,4,4
CUST_03098,728,3,262.11,5,Hibernating,1,2,1
CUST_03099,268,26,6745.19,7,Loyal Customers,3,5,5
CUST_03100,467,12,3079.3199999999997,6,Cannot Lose Them,2,4,4
CUST_03101,54,5,1052.57,2,Potential Loyalists,5,2,3
CUST_03102,4,34,9514.3,3,Champions,5,5,5
CUST_03103,694,10,1986.8999999999999,5,Cannot Lose Them,1,3,4
CUST_03104,361,33,6975.08,0,Loyal Customers,3,5,5
CUST_03105,244,11,1416.85,6,Loyal Customers,3,4,3
CUST_03106,133,14,1439.94,2,Loyal Customers,4,4,3
CUST_03107,135,7,817.6899999999999,2,Potential Loyalists,4,3,2
CUST_03108,15,8,864.05,2,Potential Loyalists,5,3,3
CUST_03109,16,6,826.88,2,Potential Loyalists,5,2,2
CUST_03110,117,9,1926.38,2,Potential Loyalists,4,3,4
CUST_03111,59,39,9717.9,3,Champions,4,5,5
CUST_03112,132,9,800.01,2,Potential Loyalists,4,3,2
CUST_03113,744,4,523.27,5,Hibernating,1,2,2
CUST_03114,392,16,3020.67,6,Cannot Lose Them,2,4,4
CUST_03115,12,5,496.06000000000006,2,Potential Loyalists,5,2,2
CUST_03116,13,23,5412.5599999999995,7,Champions,5,5,5
CUST_03117,34,6,912.29,2,Potential Loyalists,5,2,3
CUST_03118,232,41,9794.16,3,Loyal Customers,3,5,5
CUST_03119,97,8,860.8000000000001,2,Potential Loyalists,4,3,3
CUST_03120,7,20,4859.46,7,Champions,5,5,5
CUST_03121,88,42,12679.47,3,Champions,4,5,5
CUST_03122,460,35,10136.11,3,Cannot Lose Them,2,5,5
CUST_03123,137,2,440.09000000000003,4,New Customers,4,1,2
CUST_03124,314,15,2462.13,6,Loyal Customers,3,4,4
CUST_03125,455,9,911.57,1,At Risk,2,3,3
CUST_03126,447,1,103.82,1,Hibernating,2,1,1
CUST_03127,210,32,8833.6,3,Champions,4,5,5
CUST_03128,505,32,9570.72,0,Cannot Lose Them,2,5,5
CUST_03129,683,9,772.47,5,At Risk,1,3,2
CUST_03130,488,27,7486.7300000000005,0,Cannot Lose Them,2,5,5
CUST_03131,266,12,1837.03,6,Loyal Customers,3,4,4
CUST_03132,61,9,704.84,2,Potential Loyalists,4,3,2
CUST_03133,47,7,885.66,2,Potential Loyalists,5,3,3
CUST_03134,731,2,57.66,5,Hibernating,1,1,1
CUST_03135,235,17,2694.48,6,Loyal Customers,3,4,4
CUST_03136,100,9,2251.1,2,Potential Loyalists,4,3,4
CUST_03137,400,14,3759.41,6,Cannot Lose Them,2,4,4
CUST_03138,600,4,446.7,1,Hibernating,1,2,2
CUST_03139,435,7,548.6,1,At Risk,2,3,2
CUST_03140,583,2,226.72,1,Hibernating,1,1,1
CUST_03141,360,9,1298.81,4,Need Attention,3,3,3
CUST_03142,193,14,2545.09,6,Champions,4,4,4
CUST_03143,170,9,1568.13,2,Potential Loyalists,4,3,3
CUST_03144,265,12,2652.3,6,Loyal Customers,3,4,4
CUST_03145,188,11,2178.43,6,Champions,4,4,4
CUST_03146,56,4,723.85,2,Potential Loyalists,5,2,2
CUST_03147,265,38,11567.67,3,Loyal Customers,3,5,5
CUST_03148,53,4,641.61,2,Potential Loyalists,5,2,2
CUST_03149,341,15,3042.6,6,Loyal Customers,3,4,4
CUST_03150,55,9,1292.65,2,Potential Loyalists,5,3,3
CUST_03151,762,1,19.2,5,Hibernating,1,1,1
CUST_03152,340,7,739.59,4,Need Attention,3,3,2
CUST_03153,151,23,6331.83,7,Champions,4,5,5
CUST_03154,678,1,26.98,5,Hibernating,1,1,1
CUST_03155,364,32,11029.78,3,Loyal Customers,3,5,5
CUST_03156,551,2,88.4,1,Hibernating,1,1,1
CUST_03157,322,18,2734.32,6,Loyal Customers,3,4,4
CUST_03158,40,5,518.1,2,Potential Loyalists,5,2,2
CUST_03159,9,13,2914.54,2,Champions,5,4,4
CUST_03160,471,1,59.15,1,Hibernating,2,1,1
CUST_03161,748,2,207.13,5,Hibernating,1,1,1
CUST_03162,497,30,9587.24,0,Cannot Lose Them,2,5,5
CUST_03163,43,15,2079.33,2,Champions,5,4,4
CUST_03164,202,5,677.93,4,Potential Loyalists,4,2,2
CUST_03165,17,36,9305.08,3,Champions,5,5,5
CUST_03166,139,14,1779.3300000000002,2,Champions,4,4,4
CUST_03167,433,19,4964.48,0,Cannot Lose Them,2,5,5
CUST_03168,505,6,553.55,1,Hibernating,2,2,2
CUST_03169,616,11,2054.24,1,Cannot Lose Them,1,4,4
CUST_03170,389,1,342.21,4,Hibernating,2,1,2
CUST_03171,408,1,8.12,1,Hibernating,2,1,1
CUST_03172,91,8,851.15,2,Potential Loyalists,4,3,3
CUST_03173,421,13,2179.92,6,Cannot Lose Them,2,4,4
CUST_03174,458,9,1294.0900000000001,1,At Risk,2,3,3
CUST_03175,89,18,5471.81,7,Champions,4,4,5
CUST_03176,334,1,12.52,4,Need Attention,3,1,1
CUST_03177,51,7,1262.87,2,Potential Loyalists,5,3,3
CUST_03178,567,21,7558.98,0,Cannot Lose Them,1,5,5
CUST_03179,9,14,2558.7400000000002,2,Champions,5,4,4
CUST_03180,91,10,2466.43,2,Potential Loyalists,4,3,4
CUST_03181,722,4,812.0,5,Hibernating,1,2,2
CUST_03182,586,8,1312.43,1,At Risk,1,3,3
CUST_03183,633,1,20.13,5,Hibernating,1,1,1
CUST_03184,319,1,34.48,4,Need Attention,3,1,1
CUST_03185,903,1,42.37,5,Hibernating,1,1,1
CUST_03186,395,35,9397.36,3,Cannot Lose Them,2,5,5
CUST_03187,176,8,1127.48,2,Potential Loyalists,4,3,3
CUST_03188,420,8,883.94,1,At Risk,2,3,3
CUST_03189,234,1,17.88,4,Need Attention,3,1,1
CUST_03190,346,13,3456.58,6,Loyal Customers,3,4,4
CUST_03191,168,16,2880.41,6,Champions,4,4,4
CUST_03192,747,20,6230.21,0,Cannot Lose Them,1,5,5
CUST_03193,425,12,1152.1100000000001,6,Loyal Customers,2,4,3
CUST_03194,510,4,278.53,1,Hibernating,2,2,2
CUST_03195,90,27,7345.7,7,Champions,4,5,5
CUST_03196,591,8,2065.15,1,Cannot Lose Them,1,3,4
CUST_03197,439,32,9335.28,0,Cannot Lose Them,2,5,5
CUST_03198,717,19,4536.66,0,Cannot Lose Them,1,5,5
CUST_03199,141,9,1158.25,2,Potential Loyalists,4,3,3
CUST_03200,406,14,2419.5,6,Cannot Lose Them,2,4,4
CUST_03201,158,13,1321.26,2,Loyal Customers,4,4,3
CUST_03202,149,11,2294.04,2,Champions,4,4,4
CUST_03203,145,11,1160.71,2,Loyal Customers,4,4,3
CUST_03204,94,5,861.46,2,Potential Loyalists,4,2,3
CUST_03205,161,4,1242.33,4,Potential Loyalists,4,2,3
CUST_03206,146,2,142.03,4,New Customers,4,1,1
CUST_03207,131,23,6859.889999999999,7,Champions,4,5,5
CUST_03208,12,6,478.19,2,Potential Loyalists,5,2,2
CUST_03209,124,42,10419.97,3,Champions,4,5,5
CUST_03210,45,9,1421.44,2,Potential Loyalists,5,3,3
CUST_03211,69,21,5320.47,7,Champions,4,5,5
CUST_03212,18,10,1449.33,2,Potential Loyalists,5,3,3
CUST_03213,443,16,2886.73,6,Cannot Lose Them,2,4,4
CUST_03214,378,15,3187.14,6,Cannot Lose Them,2,4,4
CUST_03215,277,4,755.7,4,Need Attention,3,2,2
CUST_03216,161,17,3170.09,6,Champions,4,4,4
CUST_03217,249,8,1466.38,4,Need Attention,3,3,3
CUST_03218,354,5,857.3,4,Need Attention,3,2,3
CUST_03219,1,13,1822.3000000000002,2,Champions,5,4,4
CUST_03220,14,28,7567.65,7,Champions,5,5,5
CUST_03221,367,1,34.74,4,Hibernating,2,1,1
CUST_03222,796,2,31.53,5,Hibernating,1,1,1
CUST_03223,516,11,1550.68,1,Loyal Customers,2,4,3
CUST_03224,15,8,989.97,2,Potential Loyalists,5,3,3
CUST_03225,563,8,717.6700000000001,1,At Risk,1,3,2
CUST_03226,277,3,212.27,4,Need Attention,3,2,1
CUST_03227,200,9,1370.66,2,Potential Loyalists,4,3,3
CUST_03228,228,3,272.34000000000003,4,Need Attention,3,2,2
CUST_03229,358,4,873.8199999999999,4,Need Attention,3,2,3
CUST_03230,124,10,1889.67,2,Champions,4,4,4
CUST_03231,891,1,6.1,5,Hibernating,1,1,1
CUST_03232,307,38,12442.9,3,Loyal Customers,3,5,5
CUST_03233,438,4,375.61,1,Hibernating,2,2,2
CUST_03234,487,1,27.58,1,Hibernating,2,1,1
CUST_03235,30,11,1443.1299999999999,2,Loyal Customers,5,4,3
CUST_03236,24,8,673.6899999999999,2,Potential Loyalists,5,3,2
CUST_03237,538,2,174.95,1,Hibernating,1,1,1
CUST_03238,487,2,268.65999999999997,1,Hibernating,2,1,2
CUST_03239,150,3,174.26999999999998,4,Potential Loyalists,4,2,1
CUST_03240,343,6,1130.35,4,Need Attention,3,2,3
CUST_03241,492,12,1654.79,1,Cannot Lose Them,2,4,4
CUST_03242,687,5,496.44,5,Hibernating,1,2,2
CUST_03243,843,1,79.66,5,Hibernating,1,1,1
CUST_03244,126,2,130.81,4,New Customers,4,1,1
CUST_03245,402,1,21.18,4,Hibernating,2,1,1
CUST_03246,46,6,937.37,2,Potential Loyalists,5,2,3
CUST_03247,116,5,466.55,2,Potential Loyalists,4,2,2
CUST_03248,346,6,641.78,4,Need Attention,3,2,2
CUST_03249,110,5,785.3199999999999,2,Potential Loyalists,4,2,2
CUST_03250,583,3,308.43,1,Hibernating,1,2,2
CUST_03251,55,9,1406.62,2,Potential Loyalists,5,3,3
CUST_03252,261,11,2814.91,6,Loyal Customers,3,4,4
CUST_03253,202,19,3920.27,6,Champions,4,5,5
CUST_03254,172,14,2039.72,6,Champions,4,4,4
CUST_03255,223,2,154.94,4,Need Attention,3,1,1
CUST_03256,17,7,1073.01,2,Potential Loyalists,5,3,3
CUST_03257,110,16,3563.6,6,Champions,4,4,4
CUST_03258,47,8,2064.89,2,Potential Loyalists,5,3,4
CUST_03259,245,1,220.41,4,Need Attention,3,1,1
CUST_03260,290,7,884.36,4,Need Attention,3,3,3
CUST_03261,5,30,8158.88,7,Champions,5,5,5
CUST_03262,273,9,1394.38,4,Need Attention,3,3,3
CUST_03263,554,29,7365.98,0,Cannot Lose Them,1,5,5
CUST_03264,457,2,154.61,1,Hibernating,2,1,1
CUST_03265,15,12,2461.91,2,Champions,5,4,4
CUST_03266,538,7,1125.31,1,At Risk,1,3,3
CUST_03267,10,12,3003.95,2,Champions,5,4,4
CUST_03268,254,30,7508.08,7,Loyal Customers,3,5,5
CUST_03269,206,7,1044.91,4,Potential Loyalists,4,3,3
CUST_03270,19,15,3622.7599999999998,2,Champions,5,4,4
CUST_03271,294,1,48.04,4,Need Attention,3,1,1
CUST_03272,512,2,297.16,1,Hibernating,2,1,2
CUST_03273,567,1,65.37,1,Hibernating,1,1,1
CUST_03274,198,18,2506.35,6,Champions,4,5,4
CUST_03275,494,11,2047.07,1,Cannot Lose Them,2,4,4
CUST_03276,266,1,99.53,4,Need Attention,3,1,1
CUST_03277,310,1,70.01,4,Need Attention,3,1,1
CUST_03278,531,6,819.52,1,Hibernating,1,2,2
CUST_03279,506,28,7327.57,0,Cannot Lose Them,2,5,5
CUST_03280,440,2,198.7,1,Hibernating,2,1,1
CUST_03281,674,4,591.14,5,Hibernating,1,2,2
CUST_03282,354,2,122.59,4,Need Attention,3,1,1
CUST_03283,441,3,168.5,1,Hibernating,2,2,1
CUST_03284,237,14,2422.12,6,Loyal Customers,3,4,4
CUST_03285,271,9,948.91,4,Need Attention,3,3,3
CUST_03286,648,4,455.35999999999996,5,Hibernating,1,2,2
CUST_03287,104,10,1840.55,2,Champions,4,4,4
CUST_03288,42,16,2290.35,2,Champions,5,4,4
CUST_03289,382,4,610.86,4,Hibernating,2,2,2
CUST_03290,596,5,541.5899999999999,1,Hibernating,1,2,2
CUST_03291,66,35,11388.95,3,Champions,4,5,5
CUST_03292,697,8,1335.3,5,At Risk,1,3,3
CUST_03293,616,6,613.49,1,Hibernating,1,2,2
CUST_03294,396,3,665.47,1,Hibernating,2,2,2
CUST_03295,467,29,6700.4,0,Cannot Lose Them,2,5,5
CUST_03296,257,2,376.93,4,Need Attention,3,1,2
CUST_03297,58,17,2695.27,2,Champions,4,4,4
CUST_03298,666,1,16.14,5,Hibernating,1,1,1
CUST_03299,235,28,7744.76,7,Loyal Customers,3,5,5
CUST_03300,183,17,2842.26,6,Champions,4,4,4
CUST_03301,82,14,2860.29,2,Champions,4,4,4
CUST_03302,72,19,4326.17,7,Champions,4,5,5
CUST_03303,52,18,1896.53,2,Champions,5,5,4
CUST_03304,126,17,1454.29,2,Loyal Customers,4,4,3
CUST_03305,576,11,2003.76,1,Cannot Lose Them,1,4,4
CUST_03306,7,10,1728.15,2,Champions,5,4,4
CUST_03307,127,11,1401.49,2,Loyal Customers,4,4,3
CUST_03308,37,4,583.81,2,Potential Loyalists,5,2,2
CUST_03309,683,2,102.11000000000001,5,Hibernating,1,1,1
CUST_03310,277,17,2351.4,6,Loyal Customers,3,4,4
CUST_03311,21,10,1141.48,2,Loyal Customers,5,4,3
CUST_03312,232,17,2744.75,6,Loyal Customers,3,4,4
CUST_03313,48,37,10042.18,3,Champions,5,5,5
CUST_03314,437,1,20.79,1,Hibernating,2,1,1
CUST_03315,392,2,199.16,4,Hibernating,2,1,1
CUST_03316,22,8,1789.19,2,Potential Loyalists,5,3,4
CUST_03317,417,12,1934.76,6,Cannot Lose Them,2,4,4
CUST_03318,376,8,1184.8600000000001,1,At Risk,2,3,3
CUST_03319,584,5,364.05,1,Hibernating,1,2,2
CUST_03320,281,5,546.43,4,Need Attention,3,2,2
CUST_03321,52,7,993.9200000000001,2,Potential Loyalists,5,3,3
CUST_03322,438,9,2449.07,1,Cannot Lose Them,2,3,4
CUST_03323,19,23,7178.17,7,Champions,5,5,5
CUST_03324,176,8,568.8,4,Potential Loyalists,4,3,2
CUST_03325,292,15,2015.46,6,Loyal Customers,3,4,4
CUST_03326,375,15,1330.9,6,Loyal Customers,2,4,3
CUST_03327,266,21,6072.7300000000005,7,Loyal Customers,3,5,5
CUST_03328,422,8,2088.83,1,Cannot Lose Them,2,3,4
CUST_03329,692,3,286.01,5,Hibernating,1,2,2
CUST_03330,427,21,6155.38,0,Cannot Lose Them,2,5,5
CUST_03331,69,5,477.14,2,Potential Loyalists,4,2,2
CUST_03332,639,1,69.85,5,Hibernating,1,1,1
CUST_03333,11,5,524.71,2,Potential Loyalists,5,2,2
CUST_03334,158,2,213.95,4,New Customers,4,1,1
CUST_03335,405,5,777.98,1,Hibernating,2,2,2
CUST_03336,136,10,1290.45,2,Loyal Customers,4,4,3
CUST_03337,524,9,957.9100000000001,1,At Risk,2,3,3
CUST_03338,347,15,2413.26,6,Loyal Customers,3,4,4
CUST_03339,418,2,164.36,1,Hibernating,2,1,1
CUST_03340,505,3,229.52,1,Hibernating,2,2,1
CUST_03341,630,6,632.98,1,Hibernating,1,2,2
CUST_03342,552,2,739.5999999999999,1,Hibernating,1,1,2
CUST_03343,508,10,716.09,1,Loyal Customers,2,4,2
CUST_03344,894,1,47.41,5,Hibernating,1,1,1
CUST_03345,268,36,8517.47,3,Loyal Customers,3,5,5
CUST_03346,341,6,935.12,4,Need Attention,3,2,3
CUST_03347,374,6,572.49,4,Hibernating,2,2,2
CUST_03348,410,21,7466.37,0,Cannot Lose Them,2,5,5
CUST_03349,380,17,3249.29,6,Cannot Lose Them,2,4,4
CUST_03350,9,23,6191.09,7,Champions,5,5,5
CUST_03351,698,2,348.82,5,Hibernating,1,1,2
CUST_03352,819,1,23.4,5,Hibernating,1,1,1
CUST_03353,163,27,7800.87,7,Champions,4,5,5
CUST_03354,33,7,1210.3999999999999,2,Potential Loyalists,5,3,3
CUST_03355,740,20,6807.76,0,Cannot Lose Them,1,5,5
CUST_03356,551,1,54.24,1,Hibernating,1,1,1
CUST_03357,407,9,1044.51,1,At Risk,2,3,3
CUST_03358,478,14,2454.43,6,Cannot Lose Them,2,4,4
CUST_03359,13,17,3247.04,2,Champions,5,4,4
CUST_03360,755,2,119.0,5,Hibernating,1,1,1
CUST_03361,10,23,6842.79,7,Champions,5,5,5
CUST_03362,170,15,3529.97,6,Champions,4,4,4
CUST_03363,6,18,5221.77,7,Champions,5,5,5
CUST_03364,125,36,11819.28,3,Champions,4,5,5
CUST_03365,148,41,10192.93,3,Champions,4,5,5
CUST_03366,5,32,9298.31,3,Champions,5,5,5
CUST_03367,318,2,283.21,4,Need Attention,3,1,2
CUST_03368,694,1,14.72,5,Hibernating,1,1,1
CUST_03369,52,8,1239.55,2,Potential Loyalists,5,3,3
CUST_03370,16,9,1585.96,2,Potential Loyalists,5,3,3
CUST_03371,443,1,164.24,1,Hibernating,2,1,1
CUST_03372,53,7,1076.8899999999999,2,Potential Loyalists,5,3,3
CUST_03373,2,21,8129.51,7,Champions,5,5,5
CUST_03374,581,28,6731.45,0,Cannot Lose Them,1,5,5
CUST_03375,35,9,1167.67,2,Potential Loyalists,5,3,3
CUST_03376,308,13,2715.1000000000004,6,Loyal Customers,3,4,4
CUST_03377,749,2,115.82,5,Hibernating,1,1,1
CUST_03378,9,33,9948.27,3,Champions,5,5,5
CUST_03379,13,28,7335.7,7,Champions,5,5,5
CUST_03380,242,1,18.19,4,Need Attention,3,1,1
CUST_03381,393,16,2938.99,6,Cannot Lose Them,2,4,4
CUST_03382,514,3,342.7,1,Hibernating,2,2,2
CUST_03383,584,1,158.48,1,Hibernating,1,1,1
CUST_03384,829,1,73.58,5,Hibernating,1,1,1
CUST_03385,58,16,3506.1,2,Champions,4,4,4
CUST_03386,228,16,2808.38,6,Loyal Customers,3,4,4
CUST_03387,233,8,746.3199999999999,4,Need Attention,3,3,2
CUST_03388,458,2,81.57,1,Hibernating,2,1,1
CUST_03389,297,15,3229.39,6,Loyal Customers,3,4,4
CUST_03390,28,8,1061.17,2,Potential Loyalists,5,3,3
CUST_03391,501,2,302.67,1,Hibernating,2,1,2
CUST_03392,181,2,140.49,4,New Customers,4,1,1
CUST_03393,62,26,6654.62,7,Champions,4,5,5
CUST_03394,388,5,379.13,4,Hibernating,2,2,2
CUST_03395,223,39,10265.15,3,Loyal Customers,3,5,5
CUST_03396,605,1,61.58,5,Hibernating,1,1,1
CUST_03397,512,1,100.6,1,Hibernating,2,1,1
CUST_03398,296,25,6851.01,0,Loyal Customers,3,5,5
CUST_03399,186,6,555.66,4,Potential Loyalists,4,2,2
CUST_03400,12,8,1247.44,2,Potential Loyalists,5,3,3
CUST_03401,387,17,3301.65,6,Cannot Lose Them,2,4,4
CUST_03402,22,25,5431.87,7,Champions,5,5,5
CUST_03403,2,19,5028.83,7,Champions,5,5,5
CUST_03404,315,18,2202.67,6,Loyal Customers,3,5,4
CUST_03405,365,3,205.79,4,Need Attention,3,2,1
CUST_03406,377,41,11331.91,3,Cannot Lose Them,2,5,5
CUST_03407,288,11,1854.8400000000001,6,Loyal Customers,3,4,4
CUST_03408,893,1,108.93,5,Hibernating,1,1,1
CUST_03409,133,14,4049.43,6,Champions,4,4,5
CUST_03410,266,36,11942.42,3,Loyal Customers,3,5,5
CUST_03411,139,12,2040.66,2,Champions,4,4,4
CUST_03412,515,9,2221.9300000000003,1,Cannot Lose Them,2,3,4
CUST_03413,217,1,33.18,4,Need Attention,3,1,1
CUST_03414,4,14,4148.13,2,Champions,5,4,5
CUST_03415,461,15,2028.8500000000001,6,Cannot Lose Them,2,4,4
CUST_03416,705,2,164.44,5,Hibernating,1,1,1
CUST_03417,636,5,528.08,5,Hibernating,1,2,2
CUST_03418,225,2,15.36,4,Need Attention,3,1,1
CUST_03419,122,6,855.14,2,Potential Loyalists,4,2,3
CUST_03420,44,4,696.41,2,Potential Loyalists,5,2,2
CUST_03421,7,7,895.58,2,Potential Loyalists,5,3,3
CUST_03422,532,6,1229.55,1,Hibernating,1,2,3
CUST_03423,305,39,10218.33,3,Loyal Customers,3,5,5
CUST_03424,241,2,83.03999999999999,4,Need Attention,3,1,1
CUST_03425,221,24,7145.25,7,Loyal Customers,3,5,5
CUST_03426,39,7,746.51,2,Potential Loyalists,5,3,2
CUST_03427,201,2,68.79,4,New Customers,4,1,1
CUST_03428,15,20,6611.15,7,Champions,5,5,5
CUST_03429,736,20,7110.28,0,Cannot Lose Them,1,5,5
CUST_03430,23,15,2532.66,2,Champions,5,4,4
CUST_03431,103,42,11597.7,3,Champions,4,5,5
CUST_03432,107,8,929.76,2,Potential Loyalists,4,3,3
CUST_03433,44,9,1142.54,2,Potential Loyalists,5,3,3
CUST_03434,904,1,115.4,5,Hibernating,1,1,1
CUST_03435,152,6,1130.26,2,Potential Loyalists,4,2,3
CUST_03436,247,1,23.31,4,Need Attention,3,1,1
CUST_03437,512,13,2614.55,6,Cannot Lose Them,2,4,4
CUST_03438,356,32,12682.89,3,Loyal Customers,3,5,5
CUST_03439,141,9,1085.45,2,Potential Loyalists,4,3,3
CUST_03440,585,4,1111.26,1,Hibernating,1,2,3
CUST_03441,303,7,1123.4,4,Need Attention,3,3,3
CUST_03442,557,2,69.58000000000001,1,Hibernating,1,1,1
CUST_03443,609,12,1631.5,1,Loyal Customers,1,4,3
CUST_03444,261,28,6622.87,7,Loyal Customers,3,5,5
CUST_03445,618,2,262.93,5,Hibernating,1,1,1
CUST_03446,135,9,1367.31,2,Potential Loyalists,4,3,3
CUST_03447,465,5,926.21,1,Hibernating,2,2,3
CUST_03448,777,1,14.07,5,Hibernating,1,1,1
CUST_03449,344,18,2746.5499999999997,6,Loyal Customers,3,5,4
CUST_03450,10,12,1391.99,2,Loyal Customers,5,4,3
CUST_03451,329,2,322.09000000000003,4,Need Attention,3,1,2
CUST_03452,43,8,1200.19,2,Potential Loyalists,5,3,3
CUST_03453,457,8,817.09,1,At Risk,2,3,2
CUST_03454,42,10,1349.12,2,Loyal Customers,5,4,3
CUST_03455,15,17,2412.8,2,Champions,5,4,4
CUST_03456,55,24,7155.19,7,Champions,5,5,5
CUST_03457,77,4,471.61,2,Potential Loyalists,4,2,2
CUST_03458,372,23,5452.2300000000005,0,Cannot Lose Them,2,5,5
CUST_03459,669,2,28.99,5,Hibernating,1,1,1
CUST_03460,186,15,1366.67,6,Loyal Customers,4,4,3
CUST_03461,181,16,2521.85,6,Champions,4,4,4
CUST_03462,554,4,421.82,1,Hibernating,1,2,2
CUST_03463,196,3,253.0,4,Potential Loyalists,4,2,1
CUST_03464,181,16,3759.78,6,Champions,4,4,4
CUST_03465,646,1,72.6,5,Hibernating,1,1,1
CUST_03466,89,37,9252.99,3,Champions,4,5,5
CUST_03467,689,3,380.14000000000004,5,Hibernating,1,2,2
CUST_03468,20,20,4764.46,7,Champions,5,5,5
CUST_03469,342,9,608.24,4,Need Attention,3,3,2
CUST_03470,570,1,45.26,1,Hibernating,1,1,1
CUST_03471,889,1,84.14,5,Hibernating,1,1,1
CUST_03472,467,19,4956.08,0,Cannot Lose Them,2,5,5
CUST_03473,461,32,11930.960000000001,3,Cannot Lose Them,2,5,5
CUST_03474,461,8,865.16,1,At Risk,2,3,3
CUST_03475,50,7,859.8,2,Potential Loyalists,5,3,3
CUST_03476,382,7,600.19,1,At Risk,2,3,2
CUST_03477,36,5,638.1899999999999,2,Potential Loyalists,5,2,2
CUST_03478,19,10,2299.76,2,Champions,5,4,4
CUST_03479,512,6,1571.1599999999999,1,Hibernating,2,2,3
CUST_03480,25,39,8429.51,3,Champions,5,5,5
CUST_03481,440,1,138.79,1,Hibernating,2,1,1
CUST_03482,34,8,1437.45,2,Potential Loyalists,5,3,3
CUST_03483,369,35,11182.710000000001,3,Cannot Lose Them,2,5,5
CUST_03484,403,2,36.07,1,Hibernating,2,1,1
CUST_03485,619,1,75.39,5,Hibernating,1,1,1
CUST_03486,11,13,2823.0299999999997,2,Champions,5,4,4
CUST_03487,81,7,984.8199999999999,2,Potential Loyalists,4,3,3
CUST_03488,416,9,1503.48,1,At Risk,2,3,3
CUST_03489,85,18,3539.0699999999997,6,Champions,4,5,4
CUST_03490,59,9,1078.49,2,Potential Loyalists,4,3,3
CUST_03491,247,17,2462.52,6,Loyal Customers,3,4,4
CUST_03492,276,6,510.59,4,Need Attention,3,2,2
CUST_03493,546,1,83.69,1,Hibernating,1,1,1
CUST_03494,431,40,10528.59,3,Cannot Lose Them,2,5,5
CUST_03495,509,3,159.88,1,Hibernating,2,2,1
CUST_03496,39,25,9540.83,7,Champions,5,5,5
CUST_03497,535,8,457.85,1,At Risk,1,3,2
CUST_03498,483,10,1927.41,1,Cannot Lose Them,2,4,4
CUST_03499,2,5,992.48,2,Potential Loyalists,5,2,3
CUST_03500,254,9,2137.38,6,Need Attention,3,3,4
CUST_03501,802,4,331.03999999999996,5,Hibernating,1,2,2
CUST_03502,234,17,1919.1299999999999,6,Loyal Customers,3,4,4
CUST_03503,322,8,1049.5,4,Need Attention,3,3,3
CUST_03504,264,7,1524.8899999999999,4,Need Attention,3,3,3
CUST_03505,356,17,2271.7,6,Loyal Customers,3,4,4
CUST_03506,184,8,1052.41,2,Potential Loyalists,4,3,3
CUST_03507,54,11,1753.01,2,Champions,5,4,4
CUST_03508,32,5,373.56,2,Potential Loyalists,5,2,2
CUST_03509,457,2,39.03,1,Hibernating,2,1,1
CUST_03510,374,26,6991.13,0,Cannot Lose Them,2,5,5
CUST_03511,774,8,1312.42,5,At Risk,1,3,3
CUST_03512,376,30,9511.23,3,Cannot Lose Them,2,5,5
CUST_03513,438,19,4542.9,6,Cannot Lose Them,2,5,5
CUST_03514,330,25,7325.9,0,Loyal Customers,3,5,5
CUST_03515,268,12,2110.58,6,Loyal Customers,3,4,4
CUST_03516,441,9,1468.81,1,At Risk,2,3,3
CUST_03517,73,2,47.11,2,New Customers,4,1,1
CUST_03518,662,3,539.34,5,Hibernating,1,2,2
CUST_03519,562,2,68.05,1,Hibernating,1,1,1
CUST_03520,367,9,1181.8899999999999,4,At Risk,2,3,3
CUST_03521,871,1,109.06,5,Hibernating,1,1,1
CUST_03522,332,7,1302.81,4,Need Attention,3,3,3
CUST_03523,417,1,191.07,1,Hibernating,2,1,1
CUST_03524,49,6,556.9,2,Potential Loyalists,5,2,2
CUST_03525,756,8,1753.07,5,Cannot Lose Them,1,3,4
CUST_03526,1,8,823.99,2,Potential Loyalists,5,3,2
CUST_03527,8,6,842.0899999999999,2,Potential Loyalists,5,2,3
CUST_03528,316,2,125.67,4,Need Attention,3,1,1
CUST_03529,12,15,3033.53,2,Champions,5,4,4
CUST_03530,139,19,4507.88,7,Champions,4,5,5
CUST_03531,210,17,3005.94,6,Champions,4,4,4
CUST_03532,918,1,268.57,5,Hibernating,1,1,1
CUST_03533,3,19,5210.83,7,Champions,5,5,5
CUST_03534,72,12,3285.93,2,Champions,4,4,4
CUST_03535,172,13,1517.74,2,Loyal Customers,4,4,3
CUST_03536,451,2,74.21000000000001,1,Hibernating,2,1,1
CUST_03537,243,2,248.33,4,Need Attention,3,1,1
CUST_03538,376,26,8590.04,0,Cannot Lose Them,2,5,5
CUST_03539,227,18,3393.23,6,Loyal Customers,3,5,4
CUST_03540,473,10,1109.46,1,Loyal Customers,2,4,3
CUST_03541,55,2,70.85,2,New Customers,5,1,1
CUST_03542,44,4,316.22,2,Potential Loyalists,5,2,2
CUST_03543,145,18,2584.35,6,Champions,4,5,4
CUST_03544,123,42,8173.66,3,Champions,4,5,5
CUST_03545,380,6,661.47,4,Hibernating,2,2,2
CUST_03546,434,15,2948.8,6,Cannot Lose Them,2,4,4
CUST_03547,82,6,1266.81,2,Potential Loyalists,4,2,3
CUST_03548,379,1,75.23,4,Hibernating,2,1,1
CUST_03549,447,25,4890.68,0,Cannot Lose Them,2,5,5
CUST_03550,19,26,5596.78,7,Champions,5,5,5
CUST_03551,31,6,530.64,2,Potential Loyalists,5,2,2
CUST_03552,63,17,2199.17,2,Champions,4,4,4
CUST_03553,577,6,761.86,1,Hibernating,1,2,2
CUST_03554,465,38,10569.960000000001,3,Cannot Lose Them,2,5,5
CUST_03555,563,2,70.76,1,Hibernating,1,1,1
CUST_03556,6,21,2818.18,2,Champions,5,5,4
CUST_03557,21,7,988.38,2,Potential Loyalists,5,3,3
CUST_03558,29,14,2498.89,2,Champions,5,4,4
CUST_03559,195,2,84.53,4,New Customers,4,1,1
CUST_03560,682,5,590.86,5,Hibernating,1,2,2
CUST_03561,1,13,2332.45,2,Champions,5,4,4
CUST_03562,895,1,63.52,5,Hibernating,1,1,1
CUST_03563,597,3,230.78,1,Hibernating,1,2,1
CUST_03564,9,8,1429.95,2,Potential Loyalists,5,3,3
CUST_03565,59,11,2387.14,2,Champions,4,4,4
CUST_03566,425,3,428.93,1,Hibernating,2,2,2
CUST_03567,73,9,857.64,2,Potential Loyalists,4,3,3
CUST_03568,478,21,5372.08,0,Cannot Lose Them,2,5,5
CUST_03569,170,4,233.21,4,Potential Loyalists,4,2,1
CUST_03570,410,8,872.72,1,At Risk,2,3,3
CUST_03571,120,15,2315.15,2,Champions,4,4,4
CUST_03572,222,8,1213.72,4,Need Attention,3,3,3
CUST_03573,10,8,1206.93,2,Potential Loyalists,5,3,3
CUST_03574,587,4,543.81,1,Hibernating,1,2,2
CUST_03575,412,12,2589.73,6,Cannot Lose Them,2,4,4
CUST_03576,26,6,997.2,2,Potential Loyalists,5,2,3
CUST_03577,175,42,11244.69,3,Champions,4,5,5
CUST_03578,490,2,90.27000000000001,1,Hibernating,2,1,1
CUST_03579,358,11,1985.0,6,Loyal Customers,3,4,4
CUST_03580,363,32,10859.73,3,Loyal Customers,3,5,5
CUST_03581,133,2,324.53,4,New Customers,4,1,2
CUST_03582,277,12,1408.95,6,Loyal Customers,3,4,3
CUST_03583,16,11,1587.33,2,Loyal Customers,5,4,3
CUST_03584,264,4,508.74,4,Need Attention,3,2,2
CUST_03585,131,16,2390.89,6,Champions,4,4,4
CUST_03586,142,42,10776.7,3,Champions,4,5,5
CUST_03587,674,2,40.69,5,Hibernating,1,1,1
CUST_03588,18,33,8268.32,3,Champions,5,5,5
CUST_03589,275,22,6144.51,7,Loyal Customers,3,5,5
CUST_03590,140,15,2125.35,6,Champions,4,4,4
CUST_03591,654,5,543.93,5,Hibernating,1,2,2
CUST_03592,308,1,97.22,4,Need Attention,3,1,1
CUST_03593,237,4,457.31000000000006,4,Need Attention,3,2,2
CUST_03594,670,9,1480.26,1,At Risk,1,3,3
CUST_03595,310,1,17.76,4,Need Attention,3,1,1
CUST_03596,824,1,91.45,5,Hibernating,1,1,1
CUST_03597,20,10,2419.14,2,Champions,5,4,4
CUST_03598,409,13,2088.13,6,Cannot Lose Them,2,4,4
CUST_03599,797,2,214.60000000000002,5,Hibernating,1,1,1
CUST_03600,478,13,2329.42,6,Cannot Lose Them,2,4,4
CUST_03601,851,1,18.25,5,Hibernating,1,1,1
CUST_03602,349,13,2447.55,6,Loyal Customers,3,4,4
CUST_03603,330,10,1470.47,6,Loyal Customers,3,4,3
CUST_03604,290,2,156.63,4,Need Attention,3,1,1
CUST_03605,253,27,6733.43,7,Loyal Customers,3,5,5
CUST_03606,761,3,180.46,5,Hibernating,1,2,1
CUST_03607,280,4,787.72,4,Need Attention,3,2,2
CUST_03608,360,5,687.55,4,Need Attention,3,2,2
CUST_03609,566,5,1048.99,1,Hibernating,1,2,3
CUST_03610,72,8,1057.76,2,Potential Loyalists,4,3,3
CUST_03611,375,6,950.7299999999999,4,Hibernating,2,2,3
CUST_03612,388,2,318.64,4,Hibernating,2,1,2
CUST_03613,394,1,120.79,4,Hibernating,2,1,1
CUST_03614,406,9,1149.39,1,At Risk,2,3,3
CUST_03615,6,6,921.08,2,Potential Loyalists,5,2,3
CUST_03616,12,21,7490.98,7,Champions,5,5,5
CUST_03617,191,33,9678.64,3,Champions,4,5,5
CUST_03618,561,7,627.07,1,At Risk,1,3,2
CUST_03619,145,3,155.14,4,Potential Loyalists,4,2,1
CUST_03620,130,13,2851.4700000000003,2,Champions,4,4,4
CUST_03621,365,23,7030.72,0,Loyal Customers,3,5,5
CUST_03622,27,37,10826.3,3,Champions,5,5,5
CUST_03623,653,2,124.31,5,Hibernating,1,1,1
CUST_03624,51,7,889.81,2,Potential Loyalists,5,3,3
CUST_03625,82,7,737.36,2,Potential Loyalists,4,3,2
CUST_03626,592,10,1407.12,1,Loyal Customers,1,4,3
CUST_03627,462,5,420.22,1,Hibernating,2,2,2
CUST_03628,83,8,970.84,2,Potential Loyalists,4,3,3
CUST_03629,315,15,2708.7799999999997,6,Loyal Customers,3,4,4
CUST_03630,276,33,9885.85,3,Loyal Customers,3,5,5
CUST_03631,332,8,905.55,4,Need Attention,3,3,3
CUST_03632,591,33,9538.2,0,Cannot Lose Them,1,5,5
CUST_03633,174,18,3353.12,6,Champions,4,5,4
CUST_03634,64,5,722.3199999999999,2,Potential Loyalists,4,2,2
CUST_03635,517,10,1722.33,1,Cannot Lose Them,2,4,4
CUST_03636,21,7,714.88,2,Potential Loyalists,5,3,2
CUST_03637,373,9,709.14,1,At Risk,2,3,2
CUST_03638,185,1,13.04,4,New Customers,4,1,1
CUST_03639,46,8,1615.25,2,Potential Loyalists,5,3,3
CUST_03640,422,1,16.79,1,Hibernating,2,1,1
CUST_03641,100,15,2448.75,2,Champions,4,4,4
CUST_03642,726,2,57.67,5,Hibernating,1,1,1
CUST_03643,159,7,718.72,2,Potential Loyalists,4,3,2
CUST_03644,370,8,1026.24,4,At Risk,2,3,3
CUST_03645,299,8,1370.9,4,Need Attention,3,3,3
CUST_03646,441,4,447.79,1,Hibernating,2,2,2
CUST_03647,380,8,528.9200000000001,1,At Risk,2,3,2
CUST_03648,767,2,310.11,5,Hibernating,1,1,2
CUST_03649,744,2,321.28,5,Hibernating,1,1,2
CUST_03650,267,6,561.61,4,Need Attention,3,2,2
CUST_03651,503,14,3286.04,6,Cannot Lose Them,2,4,4
CUST_03652,210,1,82.8,4,New Customers,4,1,1
CUST_03653,422,8,1666.8600000000001,1,Cannot Lose Them,2,3,4
CUST_03654,397,1,6.09,4,Hibernating,2,1,1
CUST_03655,683,1,5.42,5,Hibernating,1,1,1
CUST_03656,112,16,1488.81,2,Loyal Customers,4,4,3
CUST_03657,247,1,31.08,4,Need Attention,3,1,1
CUST_03658,339,4,1026.46,4,Need Attention,3,2,3
CUST_03659,1,21,4907.3,7,Champions,5,5,5
CUST_03660,55,8,1279.58,2,Potential Loyalists,5,3,3
CUST_03661,181,28,9040.789999999999,3,Champions,4,5,5
CUST_03662,830,1,76.45,5,Hibernating,1,1,1
CUST_03663,3,9,2140.03,2,Potential Loyalists,5,3,4
CUST_03664,754,3,519.18,5,Hibernating,1,2,2
CUST_03665,353,19,4952.34,6,Loyal Customers,3,5,5
CUST_03666,206,36,10089.64,3,Champions,4,5,5
CUST_03667,439,7,556.14,1,At Risk,2,3,2
CUST_03668,473,8,914.8199999999999,1,At Risk,2,3,3
CUST_03669,415,12,3158.95,6,Cannot Lose Them,2,4,4
CUST_03670,189,20,6672.29,7,Champions,4,5,5
CUST_03671,537,9,938.3199999999999,1,At Risk,1,3,3
CUST_03672,5,19,5116.81,7,Champions,5,5,5
CUST_03673,100,12,2206.69,2,Champions,4,4,4
CUST_03674,173,12,1636.19,2,Loyal Customers,4,4,3
CUST_03675,251,24,5861.53,7,Loyal Customers,3,5,5
CUST_03676,23,12,2234.1,2,Champions,5,4,4
CUST_03677,77,5,437.34,2,Potential Loyalists,4,2,2
CUST_03678,839,1,67.77,5,Hibernating,1,1,1
CUST_03679,178,2,56.19,4,New Customers,4,1,1
CUST_03680,308,9,1642.99,6,Need Attention,3,3,3
CUST_03681,221,4,483.78,4,Need Attention,3,2,2
CUST_03682,24,35,11331.3,3,Champions,5,5,5
CUST_03683,41,6,818.45,2,Potential Loyalists,5,2,2
CUST_03684,568,13,2376.61,1,Cannot Lose Them,1,4,4
CUST_03685,343,18,2407.66,6,Loyal Customers,3,5,4
CUST_03686,324,4,191.18,4,Need Attention,3,2,1
CUST_03687,336,2,129.41,4,Need Attention,3,1,1
CUST_03688,10,9,1089.51,2,Potential Loyalists,5,3,3
CUST_03689,499,2,211.06,1,Hibernating,2,1,1
CUST_03690,216,20,7045.2,7,Champions,4,5,5
CUST_03691,347,22,8432.94,0,Loyal Customers,3,5,5
CUST_03692,287,8,1574.65,4,Need Attention,3,3,3
CUST_03693,426,1,246.67,1,Hibernating,2,1,1
CUST_03694,654,2,109.2,5,Hibernating,1,1,1
CUST_03695,69,4,771.9200000000001,2,Potential Loyalists,4,2,2
CUST_03696,572,7,820.18,1,At Risk,1,3,2
CUST_03697,211,7,991.56,4,Potential Loyalists,4,3,3
CUST_03698,256,2,66.61,4,Need Attention,3,1,1
CUST_03699,158,12,1624.32,2,Loyal Customers,4,4,3
CUST_03700,6,5,674.47,2,Potential Loyalists,5,2,2
CUST_03701,435,10,1232.4,1,Loyal Customers,2,4,3
CUST_03702,390,2,417.87,4,Hibernating,2,1,2
CUST_03703,11,33,8886.71,3,Champions,5,5,5
CUST_03704,914,1,7.09,5,Hibernating,1,1,1
CUST_03705,202,8,1788.44,2,Potential Loyalists,4,3,4
CUST_03706,224,7,793.94,4,Need Attention,3,3,2
CUST_03707,550,10,765.1,1,Loyal Customers,1,4,2
CUST_03708,404,11,1937.79,6,Cannot Lose Them,2,4,4
CUST_03709,637,10,1222.98,1,Loyal Customers,1,4,3
CUST_03710,355,9,1611.28,6,Need Attention,3,3,3
CUST_03711,149,8,1017.8,2,Potential Loyalists,4,3,3
CUST_03712,511,1,23.29,1,Hibernating,2,1,1
CUST_03713,742,2,64.33,5,Hibernating,1,1,1
CUST_03714,29,5,582.19,2,Potential Loyalists,5,2,2
CUST_03715,52,10,1781.34,2,Champions,5,4,4
CUST_03716,421,35,8834.78,3,Cannot Lose Them,2,5,5
CUST_03717,93,5,311.84,2,Potential Loyalists,4,2,2
CUST_03718,305,18,3260.7799999999997,6,Loyal Customers,3,5,4
CUST_03719,7,31,9403.17,3,Champions,5,5,5
CUST_03720,762,2,178.14999999999998,5,Hibernating,1,1,1
CUST_03721,586,14,1626.06,1,Loyal Customers,1,4,3
CUST_03722,465,30,7200.25,0,Cannot Lose Them,2,5,5
CUST_03723,173,41,13008.92,3,Champions,4,5,5
CUST_03724,292,42,13644.18,3,Loyal Customers,3,5,5
CUST_03725,482,3,673.02,1,Hibernating,2,2,2
CUST_03726,1,11,2874.36,2,Champions,5,4,4
CUST_03727,539,1,246.02,1,Hibernating,1,1,1
CUST_03728,331,17,2465.32,6,Loyal Customers,3,4,4
CUST_03729,572,4,543.0699999999999,1,Hibernating,1,2,2
CUST_03730,354,10,2137.07,6,Loyal Customers,3,4,4
CUST_03731,723,2,310.02,5,Hibernating,1,1,2
CUST_03732,340,8,1109.0900000000001,4,Need Attention,3,3,3
CUST_03733,338,3,130.94,4,Need Attention,3,2,1
CUST_03734,358,2,227.01999999999998,4,Need Attention,3,1,1
CUST_03735,375,11,2091.56,6,Cannot Lose Them,2,4,4
CUST_03736,74,5,1103.8,2,Potential Loyalists,4,2,3
CUST_03737,656,5,952.4499999999999,5,Hibernating,1,2,3
CUST_03738,137,8,2321.57,2,Potential Loyalists,4,3,4
CUST_03739,319,13,1890.48,6,Loyal Customers,3,4,4
CUST_03740,273,3,149.9,4,Need Attention,3,2,1
CUST_03741,107,16,2453.43,2,Champions,4,4,4
CUST_03742,750,2,65.96000000000001,5,Hibernating,1,1,1
CUST_03743,16,11,2284.01,2,Champions,5,4,4
CUST_03744,24,9,1588.92,2,Potential Loyalists,5,3,3
CUST_03745,915,1,27.6,5,Hibernating,1,1,1
CUST_03746,52,7,562.4,2,Potential Loyalists,5,3,2
CUST_03747,576,2,205.61,1,Hibernating,1,1,1
CUST_03748,418,2,30.130000000000003,1,Hibernating,2,1,1
CUST_03749,313,15,2203.43,6,Loyal Customers,3,4,4
CUST_03750,203,4,402.66,4,Potential Loyalists,4,2,2
CUST_03751,540,14,1740.82,1,Cannot Lose Them,1,4,4
CUST_03752,624,31,8381.82,0,Cannot Lose Them,1,5,5
CUST_03753,191,9,1296.86,2,Potential Loyalists,4,3,3
CUST_03754,121,9,885.91,2,Potential Loyalists,4,3,3
CUST_03755,593,4,420.16,1,Hibernating,1,2,2
CUST_03756,32,8,754.17,2,Potential Loyalists,5,3,2
CUST_03757,38,5,271.26,2,Potential Loyalists,5,2,2
CUST_03758,399,4,623.1800000000001,1,Hibernating,2,2,2
CUST_03759,112,4,505.28,2,Potential Loyalists,4,2,2
CUST_03760,245,16,2802.21,6,Loyal Customers,3,4,4
CUST_03761,419,3,310.77000000000004,1,Hibernating,2,2,2
CUST_03762,23,9,1893.75,2,Potential Loyalists,5,3,4
CUST_03763,288,13,2203.9,6,Loyal Customers,3,4,4
CUST_03764,750,1,25.82,5,Hibernating,1,1,1
CUST_03765,103,9,1469.13,2,Potential Loyalists,4,3,3
CUST_03766,423,13,1701.18,6,Cannot Lose Them,2,4,4
CUST_03767,110,38,7899.47,3,Champions,4,5,5
CUST_03768,227,18,3720.25,6,Loyal Customers,3,5,4
CUST_03769,15,9,2682.73,2,Potential Loyalists,5,3,4
CUST_03770,479,1,48.85,1,Hibernating,2,1,1
CUST_03771,108,37,9075.5,3,Champions,4,5,5
CUST_03772,339,39,9895.72,3,Loyal Customers,3,5,5
CUST_03773,551,21,3631.32,0,Cannot Lose Them,1,5,4
CUST_03774,48,18,2993.67,2,Champions,5,5,4
CUST_03775,14,8,1633.0300000000002,2,Potential Loyalists,5,3,3
CUST_03776,885,3,454.82,5,Hibernating,1,2,2
CUST_03777,186,18,4912.04,7,Champions,4,5,5
CUST_03778,740,2,330.34999999999997,5,Hibernating,1,1,2
CUST_03779,589,1,75.55,1,Hibernating,1,1,1
CUST_03780,715,2,152.2,5,Hibernating,1,1,1
CUST_03781,554,2,101.93,1,Hibernating,1,1,1
CUST_03782,140,5,310.09000000000003,4,Potential Loyalists,4,2,2
CUST_03783,228,9,1123.3300000000002,4,Need Attention,3,3,3
CUST_03784,626,10,1863.6399999999999,1,Cannot Lose Them,1,4,4
CUST_03785,701,5,348.98,5,Hibernating,1,2,2
CUST_03786,411,2,99.41000000000001,1,Hibernating,2,1,1
CUST_03787,32,5,545.66,2,Potential Loyalists,5,2,2
CUST_03788,61,34,11584.85,3,Champions,4,5,5
CUST_03789,40,12,2821.21,2,Champions,5,4,4
CUST_03790,282,1,162.58,4,Need Attention,3,1,1
CUST_03791,759,1,216.19,5,Hibernating,1,1,1
CUST_03792,410,2,59.4,1,Hibernating,2,1,1
CUST_03793,381,7,819.48,1,At Risk,2,3,2
CUST_03794,662,10,1213.14,1,Loyal Customers,1,4,3
CUST_03795,337,16,2599.2200000000003,6,Loyal Customers,3,4,4
CUST_03796,433,6,1072.32,1,Hibernating,2,2,3
CUST_03797,39,7,750.21,2,Potential Loyalists,5,3,2
CUST_03798,374,13,3359.96,6,Cannot Lose Them,2,4,4
CUST_03799,388,41,12041.96,3,Cannot Lose Them,2,5,5
CUST_03800,730,1,12.97,5,Hibernating,1,1,1
CUST_03801,72,2,102.31,2,New Customers,4,1,1
CUST_03802,155,18,4629.38,7,Champions,4,5,5
CUST_03803,960,1,199.23,5,Hibernating,1,1,1
CUST_03804,236,13,1721.08,6,Loyal Customers,3,4,4
CUST_03805,388,1,108.2,4,Hibernating,2,1,1
CUST_03806,735,1,11.4,5,Hibernating,1,1,1
CUST_03807,654,3,294.7,5,Hibernating,1,2,2
CUST_03808,56,5,598.16,2,Potential Loyalists,5,2,2
CUST_03809,25,14,1798.1100000000001,2,Champions,5,4,4
CUST_03810,593,1,10.88,1,Hibernating,1,1,1
CUST_03811,534,4,268.15,1,Hibernating,1,2,1
CUST_03812,883,1,10.29,5,Hibernating,1,1,1
CUST_03813,32,8,927.0899999999999,2,Potential Loyalists,5,3,3
CUST_03814,416,1,304.11,1,Hibernating,2,1,2
CUST_03815,55,16,3222.23,2,Champions,5,4,4
CUST_03816,271,29,8612.86,3,Loyal Customers,3,5,5
CUST_03817,37,4,269.81,2,Potential Loyalists,5,2,2
CUST_03818,347,2,24.49,4,Need Attention,3,1,1
CUST_03819,46,9,1641.03,2,Potential Loyalists,5,3,3
CUST_03820,396,13,2351.61,6,Cannot Lose Them,2,4,4
CUST_03821,709,1,306.09,5,Hibernating,1,1,2
CUST_03822,198,2,111.24000000000001,4,New Customers,4,1,1
CUST_03823,538,8,1107.96,1,At Risk,1,3,3
CUST_03824,51,8,1170.3700000000001,2,Potential Loyalists,5,3,3
CUST_03825,47,5,545.48,2,Potential Loyalists,5,2,2
CUST_03826,191,3,107.24000000000001,4,Potential Loyalists,4,2,1
CUST_03827,57,6,951.98,2,Potential Loyalists,5,2,3
CUST_03828,239,16,2125.03,6,Loyal Customers,3,4,4
CUST_03829,579,10,1442.19,1,Loyal Customers,1,4,3
CUST_03830,348,5,614.26,4,Need Attention,3,2,2
CUST_03831,709,4,344.51,5,Hibernating,1,2,2
CUST_03832,392,1,68.97,4,Hibernating,2,1,1
CUST_03833,12,11,2849.38,2,Champions,5,4,4
CUST_03834,269,2,445.21000000000004,4,Need Attention,3,1,2
CUST_03835,383,1,337.33,4,Hibernating,2,1,2
CUST_03836,703,1,69.37,5,Hibernating,1,1,1
CUST_03837,6,6,912.57,2,Potential Loyalists,5,2,3
CUST_03838,26,10,2543.62,2,Champions,5,4,4
CUST_03839,360,28,8495.27,0,Loyal Customers,3,5,5
CUST_03840,49,17,2724.63,2,Champions,5,4,4
CUST_03841,551,1,36.43,1,Hibernating,1,1,1
CUST_03842,68,12,2066.9,2,Champions,4,4,4
CUST_03843,306,27,6268.75,0,Loyal Customers,3,5,5
CUST_03844,133,7,858.16,2,Potential Loyalists,4,3,3
CUST_03845,134,16,1787.1599999999999,6,Champions,4,4,4
CUST_03846,18,9,1976.51,2,Potential Loyalists,5,3,4
CUST_03847,180,9,951.0,2,Potential Loyalists,4,3,3
CUST_03848,396,13,2181.37,6,Cannot Lose Them,2,4,4
CUST_03849,12,11,2697.5,2,Champions,5,4,4
CUST_03850,197,1,122.43,4,New Customers,4,1,1
CUST_03851,110,2,42.11,4,New Customers,4,1,1
CUST_03852,152,9,954.5699999999999,2,Potential Loyalists,4,3,3
CUST_03853,20,21,4765.65,7,Champions,5,5,5
CUST_03854,490,8,671.42,1,At Risk,2,3,2
CUST_03855,306,4,491.89,4,Need Attention,3,2,2
CUST_03856,17,11,1984.26,2,Champions,5,4,4
CUST_03857,72,5,355.34000000000003,2,Potential Loyalists,4,2,2
CUST_03858,37,23,6855.87,7,Champions,5,5,5
CUST_03859,35,5,475.48,2,Potential Loyalists,5,2,2
CUST_03860,718,4,334.02000000000004,5,Hibernating,1,2,2
CUST_03861,11,10,1194.6599999999999,2,Loyal Customers,5,4,3
CUST_03862,293,1,7.17,4,Need Attention,3,1,1
CUST_03863,571,2,427.37,1,Hibernating,1,1,2
CUST_03864,246,10,1103.75,4,Loyal Customers,3,4,3
CUST_03865,355,9,1083.95,4,Need Attention,3,3,3
CUST_03866,29,11,1752.48,2,Champions,5,4,4
CUST_03867,153,12,1895.0,2,Champions,4,4,4
CUST_03868,222,1,104.27,4,Need Attention,3,1,1
CUST_03869,271,31,8220.54,3,Loyal Customers,3,5,5
CUST_03870,383,19,4098.04,6,Cannot Lose Them,2,5,5
CUST_03871,329,10,2239.32,6,Loyal Customers,3,4,4
CUST_03872,247,1,117.61,4,Need Attention,3,1,1
CUST_03873,289,2,53.5,4,Need Attention,3,1,1
CUST_03874,689,1,72.47,5,Hibernating,1,1,1
CUST_03875,332,3,294.58000000000004,4,Need Attention,3,2,2
CUST_03876,306,5,550.53,4,Need Attention,3,2,2
CUST_03877,643,4,793.76,5,Hibernating,1,2,2
CUST_03878,20,11,2051.96,2,Champions,5,4,4
CUST_03879,178,8,1853.3799999999999,2,Potential Loyalists,4,3,4
CUST_03880,542,2,280.1,1,Hibernating,1,1,2
CUST_03881,3,26,6746.15,7,Champions,5,5,5
CUST_03882,62,31,8083.77,7,Champions,4,5,5
CUST_03883,879,1,134.2,5,Hibernating,1,1,1
CUST_03884,236,16,3171.07,6,Loyal Customers,3,4,4
CUST_03885,474,25,6426.87,0,Cannot Lose Them,2,5,5
CUST_03886,3,12,3264.37,2,Champions,5,4,4
CUST_03887,10,7,954.61,2,Potential Loyalists,5,3,3
CUST_03888,6,21,7865.66,7,Champions,5,5,5
CUST_03889,150,18,3736.2799999999997,6,Champions,4,5,4
CUST_03890,404,25,6751.97,0,Cannot Lose Them,2,5,5
CUST_03891,612,2,172.04,5,Hibernating,1,1,1
CUST_03892,440,3,572.41,1,Hibernating,2,2,2
CUST_03893,82,5,694.33,2,Potential Loyalists,4,2,2
CUST_03894,301,14,2054.38,6,Loyal Customers,3,4,4
CUST_03895,42,8,1263.64,2,Potential Loyalists,5,3,3
CUST_03896,637,2,110.08000000000001,5,Hibernating,1,1,1
CUST_03897,49,4,775.98,2,Potential Loyalists,5,2,2
CUST_03898,1,19,6175.7,7,Champions,5,5,5
CUST_03899,500,1,302.15,1,Hibernating,2,1,2
CUST_03900,283,38,12989.16,3,Loyal Customers,3,5,5
CUST_03901,172,3,248.68,4,Potential Loyalists,4,2,1
CUST_03902,154,37,8102.94,3,Champions,4,5,5
CUST_03903,949,1,86.76,5,Hibernating,1,1,1
CUST_03904,741,2,117.85000000000001,5,Hibernating,1,1,1
CUST_03905,449,8,1638.6799999999998,1,At Risk,2,3,3
CUST_03906,3,14,2677.38,2,Champions,5,4,4
CUST_03907,16,11,1736.3799999999999,2,Champions,5,4,4
CUST_03908,56,4,390.55,2,Potential Loyalists,5,2,2
CUST_03909,79,4,209.13,2,Potential Loyalists,4,2,1
CUST_03910,520,13,1830.6000000000001,1,Cannot Lose Them,2,4,4
CUST_03911,20,15,2823.03,2,Champions,5,4,4
CUST_03912,83,35,9872.36,3,Champions,4,5,5
CUST_03913,235,6,687.37,4,Need Attention,3,2,2
CUST_03914,233,39,11048.78,3,Loyal Customers,3,5,5
CUST_03915,6,12,1805.93,2,Champions,5,4,4
CUST_03916,121,9,1214.18,2,Potential Loyalists,4,3,3
CUST_03917,354,41,10129.53,3,Loyal Customers,3,5,5
CUST_03918,213,24,8862.45,7,Champions,4,5,5
CUST_03919,222,12,1664.73,6,Loyal Customers,3,4,4
CUST_03920,242,15,1637.96,6,Loyal Customers,3,4,3
CUST_03921,227,13,1272.74,6,Loyal Customers,3,4,3
CUST_03922,505,7,684.36,1,At Risk,2,3,2
CUST_03923,176,31,8792.09,3,Champions,4,5,5
CUST_03924,503,1,79.45,1,Hibernating,2,1,1
CUST_03925,264,14,2861.19,6,Loyal Customers,3,4,4
CUST_03926,294,9,1046.4,4,Need Attention,3,3,3
CUST_03927,455,5,1088.21,1,Hibernating,2,2,3
CUST_03928,536,11,2062.96,1,Cannot Lose Them,1,4,4
CUST_03929,429,2,101.23,1,Hibernating,2,1,1
CUST_03930,336,14,3467.27,6,Loyal Customers,3,4,4
CUST_03931,102,14,2768.36,2,Champions,4,4,4
CUST_03932,285,40,11056.08,3,Loyal Customers,3,5,5
CUST_03933,468,3,240.85,1,Hibernating,2,2,1
CUST_03934,70,33,10772.31,3,Champions,4,5,5
CUST_03935,195,8,966.58,4,Potential Loyalists,4,3,3
CUST_03936,286,8,606.78,4,Need Attention,3,3,2
CUST_03937,105,16,2063.81,2,Champions,4,4,4
CUST_03938,32,7,460.88,2,Potential Loyalists,5,3,2
CUST_03939,443,1,113.46,1,Hibernating,2,1,1
CUST_03940,2,7,865.4000000000001,2,Potential Loyalists,5,3,3
CUST_03941,331,39,10968.53,3,Loyal Customers,3,5,5
CUST_03942,369,5,626.6999999999999,4,Hibernating,2,2,2
CUST_03943,470,6,499.71999999999997,1,Hibernating,2,2,2
CUST_03944,909,1,221.6,5,Hibernating,1,1,1
CUST_03945,215,38,12803.13,3,Champions,4,5,5
CUST_03946,44,13,2640.65,2,Champions,5,4,4
CUST_03947,530,11,1867.45,1,Cannot Lose Them,2,4,4
CUST_03948,389,1,84.48,4,Hibernating,2,1,1
CUST_03949,426,10,1184.6,1,Loyal Customers,2,4,3
CUST_03950,746,2,243.26,5,Hibernating,1,1,1
CUST_03951,19,30,9372.01,3,Champions,5,5,5
CUST_03952,503,25,9408.57,0,Cannot Lose Them,2,5,5
CUST_03953,12,25,7541.37,7,Champions,5,5,5
CUST_03954,484,31,6832.47,0,Cannot Lose Them,2,5,5
CUST_03955,590,26,7753.48,0,Cannot Lose Them,1,5,5
CUST_03956,729,2,157.88,5,Hibernating,1,1,1
CUST_03957,54,20,5747.4,7,Champions,5,5,5
CUST_03958,13,23,6705.99,7,Champions,5,5,5
CUST_03959,400,9,774.4,1,At Risk,2,3,2
CUST_03960,477,27,8275.24,0,Cannot Lose Them,2,5,5
CUST_03961,631,6,1288.91,1,Hibernating,1,2,3
CUST_03962,428,29,7630.95,0,Cannot Lose Them,2,5,5
CUST_03963,312,10,1149.8,6,Loyal Customers,3,4,3
CUST_03964,53,17,2351.19,2,Champions,5,4,4
CUST_03965,421,8,1439.23,1,At Risk,2,3,3
CUST_03966,208,9,870.3,4,Potential Loyalists,4,3,3
CUST_03967,560,1,16.91,1,Hibernating,1,1,1
CUST_03968,175,2,304.24,4,New Customers,4,1,2
CUST_03969,557,3,145.7,1,Hibernating,1,2,1
CUST_03970,4,7,937.0,2,Potential Loyalists,5,3,3
CUST_03971,246,5,790.3199999999999,4,Need Attention,3,2,2
CUST_03972,357,1,8.15,4,Need Attention,3,1,1
CUST_03973,34,11,1228.25,2,Loyal Customers,5,4,3
CUST_03974,678,2,196.93,5,Hibernating,1,1,1
CUST_03975,346,16,2609.2200000000003,6,Loyal Customers,3,4,4
CUST_03976,1,25,8895.14,7,Champions,5,5,5
CUST_03977,126,18,2784.35,6,Champions,4,5,4
CUST_03978,658,8,1771.52,1,Cannot Lose Them,1,3,4
CUST_03979,18,27,5444.08,7,Champions,5,5,5
CUST_03980,306,2,136.18,4,Need Attention,3,1,1
CUST_03981,122,14,1857.16,2,Champions,4,4,4
CUST_03982,357,1,59.52,4,Need Attention,3,1,1
CUST_03983,325,8,1615.9299999999998,4,Need Attention,3,3,3
CUST_03984,363,36,9957.15,3,Loyal Customers,3,5,5
CUST_03985,353,41,10646.7,3,Loyal Customers,3,5,5
CUST_03986,216,12,1717.5900000000001,6,Champions,4,4,4
CUST_03987,328,36,9498.9,3,Loyal Customers,3,5,5
CUST_03988,126,17,2420.08,6,Champions,4,4,4
CUST_03989,20,13,2034.93,2,Champions,5,4,4
CUST_03990,34,8,1640.4099999999999,2,Potential Loyalists,5,3,3
CUST_03991,33,6,869.48,2,Potential Loyalists,5,2,3
CUST_03992,529,3,651.51,1,Hibernating,2,2,2
CUST_03993,239,2,70.7,4,Need Attention,3,1,1
CUST_03994,388,30,8464.16,0,Cannot Lose Them,2,5,5
CUST_03995,350,16,2905.99,6,Loyal Customers,3,4,4
CUST_03996,440,14,2693.53,6,Cannot Lose Them,2,4,4
CUST_03997,525,7,818.0999999999999,1,At Risk,2,3,2
CUST_03998,315,15,3281.68,6,Loyal Customers,3,4,4
CUST_03999,136,36,12819.38,3,Champions,4,5,5
CUST_04000,835,3,163.59,5,Hibernating,1,2,1
CUST_04001,44,9,1648.44,2,Potential Loyalists,5,3,3
CUST_04002,516,6,486.28,1,Hibernating,2,2,2
CUST_04003,629,11,1433.87,1,Loyal Customers,1,4,3
CUST_04004,7,20,6295.93,7,Champions,5,5,5
CUST_04005,1,9,1341.74,2,Potential Loyalists,5,3,3
CUST_04006,307,1,76.23,4,Need Attention,3,1,1
CUST_04007,184,14,2853.44,6,Champions,4,4,4
CUST_04008,184,6,221.25,4,Potential Loyalists,4,2,1
CUST_04009,69,6,553.12,2,Potential Loyalists,4,2,2
CUST_04010,257,29,7459.75,7,Loyal Customers,3,5,5
CUST_04011,363,14,2463.37,6,Loyal Customers,3,4,4
CUST_04012,677,19,6461.7,0,Cannot Lose Them,1,5,5
CUST_04013,24,11,2203.39,2,Champions,5,4,4
CUST_04014,666,3,271.75,5,Hibernating,1,2,2
CUST_04015,22,14,1947.97,2,Champions,5,4,4
CUST_04016,386,1,62.34,4,Hibernating,2,1,1
CUST_04017,250,29,8500.82,3,Loyal Customers,3,5,5
CUST_04018,3,37,10181.51,3,Champions,5,5,5
CUST_04019,134,39,9502.42,3,Champions,4,5,5
CUST_04020,701,4,548.77,5,Hibernating,1,2,2
CUST_04021,791,4,857.62,5,Hibernating,1,2,3
CUST_04022,3,23,6302.87,7,Champions,5,5,5
CUST_04023,252,7,975.53,4,Need Attention,3,3,3
CUST_04024,286,2,322.49,4,Need Attention,3,1,2
CUST_04025,659,5,978.61,5,Hibernating,1,2,3
CUST_04026,31,8,2472.77,2,Potential Loyalists,5,3,4
CUST_04027,171,2,159.97,4,New Customers,4,1,1
CUST_04028,578,4,438.56,1,Hibernating,1,2,2
CUST_04029,113,17,2269.83,6,Champions,4,4,4
CUST_04030,255,8,998.55,4,Need Attention,3,3,3
CUST_04031,370,8,1599.45,1,At Risk,2,3,3
CUST_04032,359,5,212.76999999999998,4,Need Attention,3,2,1
CUST_04033,522,29,10174.77,0,Cannot Lose Them,2,5,5
CUST_04034,251,8,620.39,4,Need Attention,3,3,2
CUST_04035,578,5,980.59,1,Hibernating,1,2,3
CUST_04036,257,14,2191.83,6,Loyal Customers,3,4,4
CUST_04037,412,6,953.86,1,Hibernating,2,2,3
CUST_04038,12,9,1614.68,2,Potential Loyalists,5,3,3
CUST_04039,502,8,1826.58,1,Cannot Lose Them,2,3,4
CUST_04040,461,23,7003.63,0,Cannot Lose Them,2,5,5
CUST_04041,728,1,79.09,5,Hibernating,1,1,1
CUST_04042,320,11,2040.65,6,Loyal Customers,3,4,4
CUST_04043,562,12,2495.51,1,Cannot Lose Them,1,4,4
CUST_04044,627,6,954.76,1,Hibernating,1,2,3
CUST_04045,14,24,8321.68,7,Champions,5,5,5
CUST_04046,668,2,220.05,5,Hibernating,1,1,1
CUST_04047,595,11,1466.77,1,Loyal Customers,1,4,3
CUST_04048,374,9,1011.01,1,At Risk,2,3,3
CUST_04049,524,12,1577.59,1,Loyal Customers,2,4,3
CUST_04050,466,35,9775.85,3,Cannot Lose Them,2,5,5
CUST_04051,371,5,608.32,4,Hibernating,2,2,2
CUST_04052,534,27,9315.87,0,Cannot Lose Them,1,5,5
CUST_04053,668,6,842.64,5,Hibernating,1,2,3
CUST_04054,538,28,9169.91,0,Cannot Lose Them,1,5,5
CUST_04055,763,3,148.0,5,Hibernating,1,2,1
CUST_04056,331,14,2517.91,6,Loyal Customers,3,4,4
CUST_04057,41,7,1172.56,2,Potential Loyalists,5,3,3
CUST_04058,15,8,690.42,2,Potential Loyalists,5,3,2
CUST_04059,33,16,2387.69,2,Champions,5,4,4
CUST_04060,185,27,5063.33,7,Champions,4,5,5
CUST_04061,397,10,943.27,1,Loyal Customers,2,4,3
CUST_04062,173,4,1076.14,4,Potential Loyalists,4,2,3
CUST_04063,177,9,1336.47,2,Potential Loyalists,4,3,3
CUST_04064,171,42,9659.57,3,Champions,4,5,5
CUST_04065,364,25,5915.47,0,Loyal Customers,3,5,5
CUST_04066,220,16,3571.07,6,Loyal Customers,3,4,4
CUST_04067,387,42,14922.5,3,Cannot Lose Them,2,5,5
CUST_04068,179,17,2671.98,6,Champions,4,4,4
CUST_04069,11,23,6450.13,7,Champions,5,5,5
CUST_04070,282,7,772.31,4,Need Attention,3,3,2
CUST_04071,326,2,193.0,4,Need Attention,3,1,1
CUST_04072,70,8,1121.75,2,Potential Loyalists,4,3,3
CUST_04073,188,1,115.22,4,New Customers,4,1,1
CUST_04074,257,1,55.77,4,Need Attention,3,1,1
CUST_04075,785,2,344.86,5,Hibernating,1,1,2
CUST_04076,18,40,7096.84,3,Champions,5,5,5
CUST_04077,526,8,1267.9,1,At Risk,2,3,3
CUST_04078,182,8,1216.03,2,Potential Loyalists,4,3,3
CUST_04079,492,37,9400.08,3,Cannot Lose Them,2,5,5
CUST_04080,166,15,2805.11,6,Champions,4,4,4
CUST_04081,240,9,1865.46,6,Need Attention,3,3,4
CUST_04082,7,16,3173.59,2,Champions,5,4,4
CUST_04083,754,3,214.93,5,Hibernating,1,2,1
CUST_04084,561,2,240.75,1,Hibernating,1,1,1
CUST_04085,57,5,328.02,2,Potential Loyalists,5,2,2
CUST_04086,354,40,9333.31,3,Loyal Customers,3,5,5
CUST_04087,419,11,2578.37,6,Cannot Lose Them,2,4,4
CUST_04088,381,9,1282.76,1,At Risk,2,3,3
CUST_04089,15,15,2329.88,2,Champions,5,4,4
CUST_04090,557,9,1904.55,1,Cannot Lose Them,1,3,4
CUST_04091,436,11,1376.71,1,Loyal Customers,2,4,3
CUST_04092,245,2,126.75,4,Need Attention,3,1,1
CUST_04093,707,5,464.71999999999997,5,Hibernating,1,2,2
CUST_04094,610,12,1447.95,1,Loyal Customers,1,4,3
CUST_04095,25,8,1187.19,2,Potential Loyalists,5,3,3
CUST_04096,148,31,10069.05,3,Champions,4,5,5
CUST_04097,259,42,10835.21,3,Loyal Customers,3,5,5
CUST_04098,802,4,526.49,5,Hibernating,1,2,2
CUST_04099,84,4,262.46000000000004,2,Potential Loyalists,4,2,1
CUST_04100,535,2,135.57,1,Hibernating,1,1,1
CUST_04101,49,7,1117.88,2,Potential Loyalists,5,3,3
CUST_04102,249,2,205.03,4,Need Attention,3,1,1
CUST_04103,871,3,582.04,5,Hibernating,1,2,2
CUST_04104,321,23,6857.84,0,Loyal Customers,3,5,5
CUST_04105,198,36,10107.89,3,Champions,4,5,5
CUST_04106,317,1,25.2,4,Need Attention,3,1,1
CUST_04107,87,6,1098.19,2,Potential Loyalists,4,2,3
CUST_04108,762,1,30.45,5,Hibernating,1,1,1
CUST_04109,234,8,997.38,4,Need Attention,3,3,3
CUST_04110,153,8,822.53,2,Potential Loyalists,4,3,2
CUST_04111,775,2,577.26,5,Hibernating,1,1,2
CUST_04112,5,41,11675.94,3,Champions,5,5,5
CUST_04113,599,10,1085.33,1,Loyal Customers,1,4,3
CUST_04114,218,1,194.66,4,Need Attention,3,1,1
CUST_04115,286,1,103.68,4,Need Attention,3,1,1
CUST_04116,410,16,3205.92,6,Cannot Lose Them,2,4,4
CUST_04117,336,15,2814.63,6,Loyal Customers,3,4,4
CUST_04118,674,9,1762.26,1,Cannot Lose Them,1,3,4
CUST_04119,274,1,134.63,4,Need Attention,3,1,1
CUST_04120,363,13,1080.69,6,Loyal Customers,3,4,3
CUST_04121,426,21,5443.01,0,Cannot Lose Them,2,5,5
CUST_04122,42,10,1433.54,2,Loyal Customers,5,4,3
CUST_04123,115,13,2619.6,2,Champions,4,4,4
CUST_04124,129,31,8447.29,3,Champions,4,5,5
CUST_04125,489,3,259.61,1,Hibernating,2,2,1
CUST_04126,178,16,3330.6400000000003,6,Champions,4,4,4
CUST_04127,747,3,593.0999999999999,5,Hibernating,1,2,2
CUST_04128,729,1,23.11,5,Hibernating,1,1,1
CUST_04129,517,5,939.24,1,Hibernating,2,2,3
CUST_04130,273,21,6694.47,7,Loyal Customers,3,5,5
CUST_04131,37,13,2579.37,2,Champions,5,4,4
CUST_04132,190,3,375.43,4,Potential Loyalists,4,2,2
CUST_04133,16,8,1066.98,2,Potential Loyalists,5,3,3
CUST_04134,116,17,3377.59,6,Champions,4,4,4
CUST_04135,372,6,1251.88,4,Hibernating,2,2,3
CUST_04136,471,17,1647.79,6,Loyal Customers,2,4,3
CUST_04137,172,15,1812.15,6,Champions,4,4,4
CUST_04138,9,27,6819.43,7,Champions,5,5,5
CUST_04139,144,5,200.12,4,Potential Loyalists,4,2,1
CUST_04140,341,7,588.86,4,Need Attention,3,3,2
CUST_04141,203,14,2298.0299999999997,6,Champions,4,4,4
CUST_04142,285,41,10736.97,3,Loyal Customers,3,5,5
CUST_04143,252,2,85.98,4,Need Attention,3,1,1
CUST_04144,549,1,105.86,1,Hibernating,1,1,1
CUST_04145,513,11,2128.95,1,Cannot Lose Them,2,4,4
CUST_04146,28,14,1907.23,2,Champions,5,4,4
CUST_04147,245,6,720.33,4,Need Attention,3,2,2
CUST_04148,225,9,1621.85,4,Need Attention,3,3,3
CUST_04149,498,8,1120.99,1,At Risk,2,3,3
CUST_04150,70,33,10385.46,3,Champions,4,5,5
CUST_04151,263,1,11.35,4,Need Attention,3,1,1
CUST_04152,824,4,244.28,5,Hibernating,1,2,1
CUST_04153,263,8,877.92,4,Need Attention,3,3,3
CUST_04154,236,5,243.09,4,Need Attention,3,2,1
CUST_04155,301,11,1406.61,6,Loyal Customers,3,4,3
CUST_04156,6,21,6375.24,7,Champions,5,5,5
CUST_04157,92,5,1055.27,2,Potential Loyalists,4,2,3
CUST_04158,221,18,3208.76,6,Loyal Customers,3,5,4
CUST_04159,117,8,1033.1999999999998,2,Potential Loyalists,4,3,3
CUST_04160,478,11,1651.8,1,Loyal Customers,2,4,3
CUST_04161,292,29,5865.08,0,Loyal Customers,3,5,5
CUST_04162,464,1,33.52,1,Hibernating,2,1,1
CUST_04163,670,19,5699.48,0,Cannot Lose Them,1,5,5
CUST_04164,784,1,160.51,5,Hibernating,1,1,1
CUST_04165,13,29,6120.22,7,Champions,5,5,5
CUST_04166,70,5,594.7,2,Potential Loyalists,4,2,2
CUST_04167,161,2,242.4,4,New Customers,4,1,1
CUST_04168,154,15,1919.67,6,Champions,4,4,4
CUST_04169,437,6,424.03999999999996,1,Hibernating,2,2,2
CUST_04170,561,2,258.09999999999997,1,Hibernating,1,1,1
CUST_04171,250,36,9789.73,3,Loyal Customers,3,5,5
CUST_04172,565,2,84.82,1,Hibernating,1,1,1
CUST_04173,118,8,1064.7,2,Potential Loyalists,4,3,3
CUST_04174,18,11,1327.83,2,Loyal Customers,5,4,3
CUST_04175,196,9,1099.46,2,Potential Loyalists,4,3,3
CUST_04176,304,3,153.02,4,Need Attention,3,2,1
CUST_04177,382,11,2207.5099999999998,6,Cannot Lose Them,2,4,4
CUST_04178,14,6,976.05,2,Potential Loyalists,5,2,3
CUST_04179,173,11,1957.47,2,Champions,4,4,4
CUST_04180,538,7,620.48,1,At Risk,1,3,2
CUST_04181,318,1,96.79,4,Need Attention,3,1,1
CUST_04182,30,11,2215.98,2,Champions,5,4,4
CUST_04183,145,11,2150.6,2,Champions,4,4,4
CUST_04184,41,15,2564.54,2,Champions,5,4,4
CUST_04185,152,41,11873.62,3,Champions,4,5,5
CUST_04186,115,9,1691.35,2,Potential Loyalists,4,3,4
CUST_04187,370,15,3565.78,6,Cannot Lose Them,2,4,4
CUST_04188,423,10,1381.75,1,Loyal Customers,2,4,3
CUST_04189,36,10,2082.42,2,Champions,5,4,4
CUST_04190,208,1,237.65,4,New Customers,4,1,1
CUST_04191,856,1,325.28,5,Hibernating,1,1,2
CUST_04192,195,8,650.85,4,Potential Loyalists,4,3,2
CUST_04193,245,38,10101.45,3,Loyal Customers,3,5,5
CUST_04194,3,12,1525.69,2,Loyal Customers,5,4,3
CUST_04195,626,5,852.4200000000001,1,Hibernating,1,2,3
CUST_04196,5,8,1055.87,2,Potential Loyalists,5,3,3
CUST_04197,421,6,385.81,1,Hibernating,2,2,2
CUST_04198,3,13,1624.71,2,Loyal Customers,5,4,3
CUST_04199,282,16,2358.23,6,Loyal Customers,3,4,4
CUST_04200,63,5,786.2099999999999,2,Potential Loyalists,4,2,2
CUST_04201,28,9,847.46,2,Potential Loyalists,5,3,3
CUST_04202,65,7,900.98,2,Potential Loyalists,4,3,3
CUST_04203,351,3,279.43,4,Need Attention,3,2,2
CUST_04204,608,5,397.06,1,Hibernating,1,2,2
CUST_04205,54,33,8220.75,3,Champions,5,5,5
CUST_04206,517,7,832.91,1,At Risk,2,3,3
CUST_04207,786,1,24.61,5,Hibernating,1,1,1
CUST_04208,336,1,10.0,4,Need Attention,3,1,1
CUST_04209,327,17,3872.87,6,Loyal Customers,3,4,5
CUST_04210,93,8,1188.68,2,Potential Loyalists,4,3,3
CUST_04211,361,2,24.27,4,Need Attention,3,1,1
CUST_04212,433,19,4257.57,6,Cannot Lose Them,2,5,5
CUST_04213,24,10,1556.03,2,Loyal Customers,5,4,3
CUST_04214,81,6,650.01,2,Potential Loyalists,4,2,2
CUST_04215,152,6,653.53,4,Potential Loyalists,4,2,2
CUST_04216,371,16,3409.3,6,Cannot Lose Them,2,4,4
CUST_04217,8,9,1725.28,2,Potential Loyalists,5,3,4
CUST_04218,414,32,10651.54,3,Cannot Lose Them,2,5,5
CUST_04219,258,2,160.31,4,Need Attention,3,1,1
CUST_04220,229,29,9643.11,3,Loyal Customers,3,5,5
CUST_04221,3,12,1411.16,2,Loyal Customers,5,4,3
CUST_04222,591,2,270.53,1,Hibernating,1,1,2
CUST_04223,23,28,7091.11,7,Champions,5,5,5
CUST_04224,233,5,678.83,4,Need Attention,3,2,2
CUST_04225,484,35,8782.88,0,Cannot Lose Them,2,5,5
CUST_04226,13,30,9281.630000000001,3,Champions,5,5,5
CUST_04227,472,9,1507.81,1,At Risk,2,3,3
CUST_04228,37,9,914.19,2,Potential Loyalists,5,3,3
CUST_04229,921,1,30.22,5,Hibernating,1,1,1
CUST_04230,174,2,45.120000000000005,4,New Customers,4,1,1
CUST_04231,512,1,29.15,1,Hibernating,2,1,1
CUST_04232,492,1,24.63,1,Hibernating,2,1,1
CUST_04233,742,2,174.88,5,Hibernating,1,1,1
CUST_04234,168,2,452.01,4,New Customers,4,1,2
CUST_04235,640,1,211.81,5,Hibernating,1,1,1
CUST_04236,197,38,10278.87,3,Champions,4,5,5
CUST_04237,139,11,1731.44,2,Champions,4,4,4
CUST_04238,250,17,3131.96,6,Loyal Customers,3,4,4
CUST_04239,129,35,10215.15,3,Champions,4,5,5
CUST_04240,2,11,1949.8,2,Champions,5,4,4
CUST_04241,24,38,9533.34,3,Champions,5,5,5
CUST_04242,306,15,2910.47,6,Loyal Customers,3,4,4
CUST_04243,629,4,427.01,5,Hibernating,1,2,2
CUST_04244,68,4,251.14000000000001,2,Potential Loyalists,4,2,1
CUST_04245,419,26,6794.35,0,Cannot Lose Them,2,5,5
CUST_04246,726,5,389.24,5,Hibernating,1,2,2
CUST_04247,269,1,67.79,4,Need Attention,3,1,1
CUST_04248,180,2,110.03,4,New Customers,4,1,1
CUST_04249,754,6,993.75,5,Hibernating,1,2,3
CUST_04250,670,5,962.54,5,Hibernating,1,2,3
CUST_04251,248,27,4706.58,7,Loyal Customers,3,5,5
CUST_04252,201,17,2469.0299999999997,6,Champions,4,4,4
CUST_04253,268,1,67.03,4,Need Attention,3,1,1
CUST_04254,307,9,2372.94,6,Need Attention,3,3,4
CUST_04255,480,7,1097.27,1,At Risk,2,3,3
CUST_04256,370,14,2948.87,6,Cannot Lose Them,2,4,4
CUST_04257,340,16,2537.96,6,Loyal Customers,3,4,4
CUST_04258,327,20,4384.54,6,Loyal Customers,3,5,5
CUST_04259,261,6,1164.68,4,Need Attention,3,2,3
CUST_04260,335,15,1910.2,6,Loyal Customers,3,4,4
CUST_04261,270,36,11777.44,3,Loyal Customers,3,5,5
CUST_04262,19,14,2255.62,2,Champions,5,4,4
CUST_04263,22,6,792.0899999999999,2,Potential Loyalists,5,2,2
CUST_04264,404,31,9589.039999999999,3,Cannot Lose Them,2,5,5
CUST_04265,350,3,335.53,4,Need Attention,3,2,2
CUST_04266,737,1,176.19,5,Hibernating,1,1,1
CUST_04267,53,39,8775.81,3,Champions,5,5,5
CUST_04268,579,6,642.97,1,Hibernating,1,2,2
CUST_04269,510,8,968.8299999999999,1,At Risk,2,3,3
CUST_04270,19,13,1955.03,2,Champions,5,4,4
CUST_04271,573,23,4354.87,0,Cannot Lose Them,1,5,5
CUST_04272,501,36,11429.55,3,Cannot Lose Them,2,5,5
CUST_04273,34,11,1990.76,2,Champions,5,4,4
CUST_04274,30,9,1461.47,2,Potential Loyalists,5,3,3
CUST_04275,728,1,79.13,5,Hibernating,1,1,1
CUST_04276,697,22,5458.62,0,Cannot Lose Them,1,5,5
CUST_04277,59,9,1647.21,2,Potential Loyalists,4,3,3
CUST_04278,38,13,2019.28,2,Champions,5,4,4
CUST_04279,262,15,2799.41,6,Loyal Customers,3,4,4
CUST_04280,840,3,426.34000000000003,5,Hibernating,1,2,2
CUST_04281,5,19,5833.4400000000005,7,Champions,5,5,5
CUST_04282,341,24,5914.7,0,Loyal Customers,3,5,5
CUST_04283,51,36,9381.48,3,Champions,5,5,5
CUST_04284,186,6,657.21,4,Potential Loyalists,4,2,2
CUST_04285,30,9,1107.15,2,Potential Loyalists,5,3,3
CUST_04286,51,36,9850.44,3,Champions,5,5,5
CUST_04287,105,3,192.79,4,Potential Loyalists,4,2,1
CUST_04288,652,1,28.0,5,Hibernating,1,1,1
CUST_04289,197,1,29.79,4,New Customers,4,1,1
CUST_04290,139,30,8266.74,7,Champions,4,5,5
CUST_04291,10,26,6941.61,7,Champions,5,5,5
CUST_04292,251,17,2533.81,6,Loyal Customers,3,4,4
CUST_04293,59,2,155.33,2,New Customers,4,1,1
CUST_04294,24,10,1976.96,2,Champions,5,4,4
CUST_04295,455,33,10535.29,3,Cannot Lose Them,2,5,5
CUST_04296,2,12,3262.21,2,Champions,5,4,4
CUST_04297,643,5,441.06,5,Hibernating,1,2,2
CUST_04298,174,8,781.53,2,Potential Loyalists,4,3,2
CUST_04299,88,7,795.42,2,Potential Loyalists,4,3,2
CUST_04300,19,10,1591.95,2,Loyal Customers,5,4,3
CUST_04301,232,1,349.6,4,Need Attention,3,1,2
CUST_04302,438,6,979.29,1,Hibernating,2,2,3
CUST_04303,368,5,1060.18,4,Hibernating,2,2,3
CUST_04304,348,41,12868.25,3,Loyal Customers,3,5,5
CUST_04305,537,6,772.1999999999999,1,Hibernating,1,2,2
CUST_04306,337,29,7929.07,0,Loyal Customers,3,5,5
CUST_04307,321,8,924.62,4,Need Attention,3,3,3
CUST_04308,177,7,1208.79,4,Potential Loyalists,4,3,3
CUST_04309,92,8,1479.79,2,Potential Loyalists,4,3,3
CUST_04310,15,5,784.99,2,Potential Loyalists,5,2,2
CUST_04311,84,7,801.15,2,Potential Loyalists,4,3,2
CUST_04312,50,2,135.31,2,New Customers,5,1,1
CUST_04313,21,7,612.2,2,Potential Loyalists,5,3,2
CUST_04314,157,3,586.22,4,Potential Loyalists,4,2,2
CUST_04315,90,16,2005.13,2,Champions,4,4,4
CUST_04316,115,14,1976.8600000000001,2,Champions,4,4,4
CUST_04317,429,2,41.32,1,Hibernating,2,1,1
CUST_04318,75,17,2805.05,2,Champions,4,4,4
CUST_04319,22,26,9746.09,7,Champions,5,5,5
CUST_04320,193,6,447.36,4,Potential Loyalists,4,2,2
CUST_04321,534,1,81.16,1,Hibernating,1,1,1
CUST_04322,391,7,749.96,1,At Risk,2,3,2
CUST_04323,43,5,658.07,2,Potential Loyalists,5,2,2
CUST_04324,186,29,11288.21,3,Champions,4,5,5
CUST_04325,465,2,425.96,1,Hibernating,2,1,2
CUST_04326,82,2,94.97999999999999,4,New Customers,4,1,1
CUST_04327,128,12,2211.78,2,Champions,4,4,4
CUST_04328,63,15,2122.73,2,Champions,4,4,4
CUST_04329,7,9,572.37,2,Potential Loyalists,5,3,2
CUST_04330,131,8,988.67,2,Potential Loyalists,4,3,3
CUST_04331,607,2,276.79,1,Hibernating,1,1,2
CUST_04332,285,7,1135.16,4,Need Attention,3,3,3
CUST_04333,752,2,152.99,5,Hibernating,1,1,1
CUST_04334,102,6,802.21,2,Potential Loyalists,4,2,2
CUST_04335,190,5,1000.69,4,Potential Loyalists,4,2,3
CUST_04336,443,3,493.75,1,Hibernating,2,2,2
CUST_04337,28,12,1803.49,2,Champions,5,4,4
CUST_04338,434,5,348.43,1,Hibernating,2,2,2
CUST_04339,53,7,1301.47,2,Potential Loyalists,5,3,3
CUST_04340,918,1,178.09,5,Hibernating,1,1,1
CUST_04341,567,8,1327.73,1,At Risk,1,3,3
CUST_04342,868,2,123.66,5,Hibernating,1,1,1
CUST_04343,382,1,18.39,4,Hibernating,2,1,1
CUST_04344,193,7,916.3,4,Potential Loyalists,4,3,3
CUST_04345,472,9,1228.76,1,At Risk,2,3,3
CUST_04346,58,8,1459.2,2,Potential Loyalists,4,3,3
CUST_04347,605,1,74.79,5,Hibernating,1,1,1
CUST_04348,431,2,36.57,1,Hibernating,2,1,1
CUST_04349,354,3,568.01,4,Need Attention,3,2,2
CUST_04350,424,16,3408.16,6,Cannot Lose Them,2,4,4
CUST_04351,445,14,1891.61,6,Cannot Lose Them,2,4,4
CUST_04352,652,9,1778.54,1,Cannot Lose Them,1,3,4
CUST_04353,602,9,2158.25,1,Cannot Lose Them,1,3,4
CUST_04354,80,6,946.66,2,Potential Loyalists,4,2,3
CUST_04355,233,1,81.83,4,Need Attention,3,1,1
CUST_04356,28,10,1340.16,2,Loyal Customers,5,4,3
CUST_04357,253,24,11560.75,3,Loyal Customers,3,5,5
CUST_04358,98,9,779.39,2,Potential Loyalists,4,3,2
CUST_04359,431,2,139.51,1,Hibernating,2,1,1
CUST_04360,305,23,5090.21,0,Loyal Customers,3,5,5
CUST_04361,598,1,12.29,1,Hibernating,1,1,1
CUST_04362,497,24,7192.06,0,Cannot Lose Them,2,5,5
CUST_04363,19,16,2965.05,2,Champions,5,4,4
CUST_04364,23,19,3717.24,7,Champions,5,5,4
CUST_04365,146,15,2007.85,6,Champions,4,4,4
CUST_04366,92,17,3624.21,6,Champions,4,4,4
CUST_04367,50,5,908.56,2,Potential Loyalists,5,2,3
CUST_04368,335,13,2557.26,6,Loyal Customers,3,4,4
CUST_04369,103,10,2367.99,2,Champions,4,4,4
CUST_04370,463,9,1229.73,1,At Risk,2,3,3
CUST_04371,182,6,766.11,4,Potential Loyalists,4,2,2
CUST_04372,134,8,2363.35,2,Potential Loyalists,4,3,4
CUST_04373,324,35,9236.03,3,Loyal Customers,3,5,5
CUST_04374,78,7,1209.97,2,Potential Loyalists,4,3,3
CUST_04375,443,5,873.46,1,Hibernating,2,2,3
CUST_04376,616,5,1051.6,1,Hibernating,1,2,3
CUST_04377,418,1,7.39,1,Hibernating,2,1,1
CUST_04378,183,9,1353.45,2,Potential Loyalists,4,3,3
CUST_04379,348,40,12151.05,3,Loyal Customers,3,5,5
CUST_04380,524,11,1808.49,1,Cannot Lose Them,2,4,4
CUST_04381,621,4,549.84,1,Hibernating,1,2,2
CUST_04382,31,14,1820.82,2,Champions,5,4,4
CUST_04383,214,1,14.09,4,New Customers,4,1,1
CUST_04384,2,30,7710.08,7,Champions,5,5,5
CUST_04385,215,5,501.9,4,Potential Loyalists,4,2,2
CUST_04386,292,7,909.15,4,Need Attention,3,3,3
CUST_04387,22,8,1420.01,2,Potential Loyalists,5,3,3
CUST_04388,2,28,6777.3,7,Champions,5,5,5
CUST_04389,96,24,7159.06,7,Champions,4,5,5
CUST_04390,362,1,214.26,4,Need Attention,3,1,1
CUST_04391,60,16,2713.12,2,Champions,4,4,4
CUST_04392,220,11,2248.81,6,Loyal Customers,3,4,4
CUST_04393,36,10,2300.98,2,Champions,5,4,4
CUST_04394,379,3,682.38,4,Hibernating,2,2,2
CUST_04395,391,27,6421.94,0,Cannot Lose Them,2,5,5
CUST_04396,131,7,540.84,2,Potential Loyalists,4,3,2
CUST_04397,427,22,5935.05,0,Cannot Lose Them,2,5,5
CUST_04398,134,15,2273.0699999999997,6,Champions,4,4,4
CUST_04399,3,32,9307.19,3,Champions,5,5,5
CUST_04400,107,16,2941.23,6,Champions,4,4,4
CUST_04401,480,4,662.9100000000001,1,Hibernating,2,2,2
CUST_04402,233,7,827.77,4,Need Attention,3,3,2
CUST_04403,798,1,44.69,5,Hibernating,1,1,1
CUST_04404,611,3,365.2,1,Hibernating,1,2,2
CUST_04405,321,18,3894.67,6,Loyal Customers,3,5,5
CUST_04406,78,9,1277.17,2,Potential Loyalists,4,3,3
CUST_04407,395,1,206.3,4,Hibernating,2,1,1
CUST_04408,655,5,488.45,5,Hibernating,1,2,2
CUST_04409,444,3,450.74,1,Hibernating,2,2,2
CUST_04410,302,2,22.810000000000002,4,Need Attention,3,1,1
CUST_04411,18,10,1219.38,2,Loyal Customers,5,4,3
CUST_04412,276,19,5623.67,7,Loyal Customers,3,5,5
CUST_04413,386,17,3272.85,6,Cannot Lose Them,2,4,4
CUST_04414,538,6,1059.4,1,Hibernating,1,2,3
CUST_04415,1,30,8761.28,7,Champions,5,5,5
CUST_04416,180,16,2409.46,6,Champions,4,4,4
CUST_04417,105,42,12729.24,3,Champions,4,5,5
CUST_04418,182,2,167.59,4,New Customers,4,1,1
CUST_04419,393,36,11807.77,3,Cannot Lose Them,2,5,5
CUST_04420,474,1,153.82,1,Hibernating,2,1,1
CUST_04421,769,5,409.47,5,Hibernating,1,2,2
CUST_04422,427,9,1461.58,1,At Risk,2,3,3
CUST_04423,360,13,1767.18,6,Loyal Customers,3,4,4
CUST_04424,119,13,1987.29,2,Champions,4,4,4
CUST_04425,159,7,875.2,2,Potential Loyalists,4,3,3
CUST_04426,263,1,82.92,4,Need Attention,3,1,1
CUST_04427,136,9,1174.75,2,Potential Loyalists,4,3,3
CUST_04428,372,5,271.40999999999997,4,Hibernating,2,2,2
CUST_04429,353,4,662.0,4,Need Attention,3,2,2
CUST_04430,505,8,790.3199999999999,1,At Risk,2,3,2
CUST_04431,231,24,6726.01,7,Loyal Customers,3,5,5
CUST_04432,57,18,2414.11,2,Champions,5,5,4
CUST_04433,5,6,401.72999999999996,2,Potential Loyalists,5,2,2
CUST_04434,494,23,6317.61,0,Cannot Lose Them,2,5,5
CUST_04435,20,22,7212.28,7,Champions,5,5,5
CUST_04436,234,6,1073.94,4,Need Attention,3,2,3
CUST_04437,579,1,17.86,1,Hibernating,1,1,1
CUST_04438,414,1,112.4,1,Hibernating,2,1,1
CUST_04439,570,31,9410.08,0,Cannot Lose Them,1,5,5
CUST_04440,70,9,1567.56,2,Potential Loyalists,4,3,3
CUST_04441,98,15,1825.24,2,Champions,4,4,4
CUST_04442,302,37,11020.68,3,Loyal Customers,3,5,5
CUST_04443,55,8,1560.02,2,Potential Loyalists,5,3,3
CUST_04444,353,8,1102.08,4,Need Attention,3,3,3
CUST_04445,628,2,77.47,5,Hibernating,1,1,1
CUST_04446,164,3,697.8199999999999,4,Potential Loyalists,4,2,2
CUST_04447,175,37,11085.72,3,Champions,4,5,5
CUST_04448,718,6,301.71000000000004,5,Hibernating,1,2,2
CUST_04449,105,16,1763.51,2,Champions,4,4,4
CUST_04450,808,8,1146.06,5,At Risk,1,3,3
CUST_04451,439,10,1134.19,1,Loyal Customers,2,4,3
CUST_04452,288,5,817.71,4,Need Attention,3,2,2
CUST_04453,690,3,135.76999999999998,5,Hibernating,1,2,1
CUST_04454,80,6,1148.02,2,Potential Loyalists,4,2,3
CUST_04455,170,9,1473.02,2,Potential Loyalists,4,3,3
CUST_04456,798,1,104.11,5,Hibernating,1,1,1
CUST_04457,710,1,80.23,5,Hibernating,1,1,1
CUST_04458,402,13,1872.98,6,Cannot Lose Them,2,4,4
CUST_04459,1,8,1617.6799999999998,2,Potential Loyalists,5,3,3
CUST_04460,94,17,2757.79,2,Champions,4,4,4
CUST_04461,2,27,8402.06,7,Champions,5,5,5
CUST_04462,980,1,33.83,5,Hibernating,1,1,1
CUST_04463,385,11,2240.86,6,Cannot Lose Them,2,4,4
CUST_04464,9,9,1208.86,2,Potential Loyalists,5,3,3
CUST_04465,806,1,62.34,5,Hibernating,1,1,1
CUST_04466,59,18,2648.21,2,Champions,4,5,4
CUST_04467,464,14,2079.73,6,Cannot Lose Them,2,4,4
CUST_04468,459,7,359.59,1,At Risk,2,3,2
CUST_04469,760,2,166.64999999999998,5,Hibernating,1,1,1
CUST_04470,817,1,164.44,5,Hibernating,1,1,1
CUST_04471,56,5,524.31,2,Potential Loyalists,5,2,2
CUST_04472,118,34,8155.35,3,Champions,4,5,5
CUST_04473,225,14,1983.9,6,Loyal Customers,3,4,4
CUST_04474,36,10,1466.26,2,Loyal Customers,5,4,3
CUST_04475,439,1,102.84,1,Hibernating,2,1,1
CUST_04476,1,10,1776.37,2,Champions,5,4,4
CUST_04477,535,11,1564.11,1,Loyal Customers,1,4,3
CUST_04478,352,2,113.97,4,Need Attention,3,1,1
CUST_04479,538,19,7487.31,0,Cannot Lose Them,1,5,5
CUST_04480,435,3,615.13,1,Hibernating,2,2,2
CUST_04481,705,1,36.56,5,Hibernating,1,1,1
CUST_04482,273,7,874.6500000000001,4,Need Attention,3,3,3
CUST_04483,869,1,70.28,5,Hibernating,1,1,1
CUST_04484,68,33,5878.18,7,Champions,4,5,5
CUST_04485,76,7,237.57999999999998,2,Potential Loyalists,4,3,1
CUST_04486,77,2,451.36,2,New Customers,4,1,2
CUST_04487,11,12,2177.39,2,Champions,5,4,4
CUST_04488,310,8,664.05,4,Need Attention,3,3,2
CUST_04489,42,11,1385.67,2,Loyal Customers,5,4,3
CUST_04490,107,10,1871.19,2,Champions,4,4,4
CUST_04491,295,34,9687.43,3,Loyal Customers,3,5,5
CUST_04492,58,6,662.35,2,Potential Loyalists,4,2,2
CUST_04493,341,3,474.61,4,Need Attention,3,2,2
CUST_04494,65,6,1016.74,2,Potential Loyalists,4,2,3
CUST_04495,188,8,941.6999999999999,4,Potential Loyalists,4,3,3
CUST_04496,556,8,689.64,1,At Risk,1,3,2
CUST_04497,313,5,499.14,4,Need Attention,3,2,2
CUST_04498,152,15,3857.4,6,Champions,4,4,5
CUST_04499,291,40,11369.39,3,Loyal Customers,3,5,5
CUST_04500,918,1,37.68,5,Hibernating,1,1,1
CUST_04501,192,29,10384.84,3,Champions,4,5,5
CUST_04502,522,5,401.56,1,Hibernating,2,2,2
CUST_04503,472,24,6116.03,0,Cannot Lose Them,2,5,5
CUST_04504,122,3,374.32,4,Potential Loyalists,4,2,2
CUST_04505,334,38,9060.2,3,Loyal Customers,3,5,5
CUST_04506,15,11,1779.53,2,Champions,5,4,4
CUST_04507,518,9,1123.13,1,At Risk,2,3,3
CUST_04508,756,2,214.29000000000002,5,Hibernating,1,1,1
CUST_04509,33,6,932.3499999999999,2,Potential Loyalists,5,2,3
CUST_04510,792,4,537.12,5,Hibernating,1,2,2
CUST_04511,426,31,6537.51,0,Cannot Lose Them,2,5,5
CUST_04512,12,10,885.2,2,Loyal Customers,5,4,3
CUST_04513,226,6,387.06,4,Need Attention,3,2,2
CUST_04514,596,5,598.27,1,Hibernating,1,2,2
CUST_04515,46,23,5462.72,7,Champions,5,5,5
CUST_04516,615,2,328.0,5,Hibernating,1,1,2
CUST_04517,353,1,23.95,4,Need Attention,3,1,1
CUST_04518,36,7,1156.35,2,Potential Loyalists,5,3,3
CUST_04519,462,9,2221.61,1,Cannot Lose Them,2,3,4
CUST_04520,453,26,5902.04,0,Cannot Lose Them,2,5,5
CUST_04521,183,17,3201.97,6,Champions,4,4,4
CUST_04522,2,9,1801.66,2,Potential Loyalists,5,3,4
CUST_04523,7,11,2543.52,2,Champions,5,4,4
CUST_04524,287,38,11317.39,3,Loyal Customers,3,5,5
CUST_04525,86,20,5738.15,7,Champions,4,5,5
CUST_04526,565,3,594.1700000000001,1,Hibernating,1,2,2
CUST_04527,96,2,302.89,4,New Customers,4,1,2
CUST_04528,318,2,197.54000000000002,4,Need Attention,3,1,1
CUST_04529,393,14,2464.1,6,Cannot Lose Them,2,4,4
CUST_04530,398,3,622.67,1,Hibernating,2,2,2
CUST_04531,630,1,16.11,5,Hibernating,1,1,1
CUST_04532,574,12,2249.02,1,Cannot Lose Them,1,4,4
CUST_04533,2,23,4208.58,7,Champions,5,5,5
CUST_04534,378,1,256.47,4,Hibernating,2,1,1
CUST_04535,734,1,20.74,5,Hibernating,1,1,1
CUST_04536,19,30,7806.41,7,Champions,5,5,5
CUST_04537,759,4,633.89,5,Hibernating,1,2,2
CUST_04538,325,8,1274.3,4,Need Attention,3,3,3
CUST_04539,344,15,2480.12,6,Loyal Customers,3,4,4
CUST_04540,580,6,563.17,1,Hibernating,1,2,2
CUST_04541,889,1,24.19,5,Hibernating,1,1,1
CUST_04542,460,1,78.62,1,Hibernating,2,1,1
CUST_04543,81,9,582.12,2,Potential Loyalists,4,3,2
CUST_04544,537,7,538.24,1,At Risk,1,3,2
CUST_04545,176,16,1989.5300000000002,6,Champions,4,4,4
CUST_04546,518,30,8068.54,0,Cannot Lose Them,2,5,5
CUST_04547,533,27,7534.12,0,Cannot Lose Them,1,5,5
CUST_04548,834,4,758.71,5,Hibernating,1,2,2
CUST_04549,144,17,2618.2200000000003,6,Champions,4,4,4
CUST_04550,663,24,8375.19,0,Cannot Lose Them,1,5,5
CUST_04551,109,28,5782.13,7,Champions,4,5,5
CUST_04552,437,2,180.32999999999998,1,Hibernating,2,1,1
CUST_04553,328,14,2542.31,6,Loyal Customers,3,4,4
CUST_04554,655,5,989.2,5,Hibernating,1,2,3
CUST_04555,590,2,407.59000000000003,1,Hibernating,1,1,2
CUST_04556,455,8,888.31,1,At Risk,2,3,3
CUST_04557,167,9,1019.62,2,Potential Loyalists,4,3,3
CUST_04558,685,4,373.44,5,Hibernating,1,2,2
CUST_04559,447,3,322.43,1,Hibernating,2,2,2
CUST_04560,90,8,1388.16,2,Potential Loyalists,4,3,3
CUST_04561,631,5,712.06,1,Hibernating,1,2,2
CUST_04562,166,30,7512.17,7,Champions,4,5,5
CUST_04563,17,33,9184.78,3,Champions,5,5,5
CUST_04564,2,33,9826.95,3,Champions,5,5,5
CUST_04565,270,21,8015.41,7,Loyal Customers,3,5,5
CUST_04566,584,7,307.09000000000003,1,At Risk,1,3,2
CUST_04567,401,41,11558.4,3,Cannot Lose Them,2,5,5
CUST_04568,561,2,158.22,1,Hibernating,1,1,1
CUST_04569,509,31,8291.29,0,Cannot Lose Them,2,5,5
CUST_04570,303,10,2011.5600000000002,6,Loyal Customers,3,4,4
CUST_04571,579,13,1071.68,1,Loyal Customers,1,4,3
CUST_04572,23,8,1374.95,2,Potential Loyalists,5,3,3
CUST_04573,13,10,1229.02,2,Loyal Customers,5,4,3
CUST_04574,13,13,2652.58,2,Champions,5,4,4
CUST_04575,274,2,111.17,4,Need Attention,3,1,1
CUST_04576,342,10,1532.31,6,Loyal Customers,3,4,3
CUST_04577,82,34,11784.0,3,Champions,4,5,5
CUST_04578,291,7,967.72,4,Need Attention,3,3,3
CUST_04579,373,8,519.48,4,At Risk,2,3,2
CUST_04580,477,8,1112.23,1,At Risk,2,3,3
CUST_04581,407,1,246.19,1,Hibernating,2,1,1
CUST_04582,64,29,10169.05,3,Champions,4,5,5
CUST_04583,565,3,448.93,1,Hibernating,1,2,2
CUST_04584,250,7,679.17,4,Need Attention,3,3,2
CUST_04585,555,13,2898.68,1,Cannot Lose Them,1,4,4
CUST_04586,2,21,5565.3,7,Champions,5,5,5
CUST_04587,428,9,1048.97,1,At Risk,2,3,3
CUST_04588,156,6,627.5600000000001,4,Potential Loyalists,4,2,2
CUST_04589,401,8,1360.64,1,At Risk,2,3,3
CUST_04590,729,10,1135.09,5,Loyal Customers,1,4,3
CUST_04591,33,6,823.47,2,Potential Loyalists,5,2,2
CUST_04592,634,1,125.77,5,Hibernating,1,1,1
CUST_04593,6,9,851.12,2,Potential Loyalists,5,3,3
CUST_04594,440,14,2567.06,6,Cannot Lose Them,2,4,4
CUST_04595,695,2,98.49,5,Hibernating,1,1,1
CUST_04596,439,33,8132.79,0,Cannot Lose Them,2,5,5
CUST_04597,263,4,505.35,4,Need Attention,3,2,2
CUST_04598,30,17,2777.9300000000003,2,Champions,5,4,4
CUST_04599,810,1,32.43,5,Hibernating,1,1,1
CUST_04600,290,25,6987.71,0,Loyal Customers,3,5,5
CUST_04601,318,13,2226.93,6,Loyal Customers,3,4,4
CUST_04602,235,3,395.33,4,Need Attention,3,2,2
CUST_04603,394,33,8336.15,0,Cannot Lose Them,2,5,5
CUST_04604,459,4,562.87,1,Hibernating,2,2,2
CUST_04605,451,25,6701.03,0,Cannot Lose Them,2,5,5
CUST_04606,7,7,838.57,2,Potential Loyalists,5,3,3
CUST_04607,270,29,8531.74,3,Loyal Customers,3,5,5
CUST_04608,319,4,521.6700000000001,4,Need Attention,3,2,2
CUST_04609,545,2,49.36,1,Hibernating,1,1,1
CUST_04610,116,41,12845.41,3,Champions,4,5,5
CUST_04611,595,1,341.47,1,Hibernating,1,1,2
CUST_04612,248,30,7339.41,7,Loyal Customers,3,5,5
CUST_04613,1,9,1303.85,2,Potential Loyalists,5,3,3
CUST_04614,416,9,1079.82,1,At Risk,2,3,3
CUST_04615,267,3,221.76999999999998,4,Need Attention,3,2,1
CUST_04616,170,13,2414.59,6,Champions,4,4,4
CUST_04617,244,5,201.16,4,Need Attention,3,2,1
CUST_04618,727,4,258.36,5,Hibernating,1,2,1
CUST_04619,72,14,2609.9900000000002,2,Champions,4,4,4
CUST_04620,24,36,10960.94,3,Champions,5,5,5
CUST_04621,116,8,1016.73,2,Potential Loyalists,4,3,3
CUST_04622,699,4,390.19,5,Hibernating,1,2,2
CUST_04623,628,5,767.38,1,Hibernating,1,2,2
CUST_04624,29,16,3539.79,2,Champions,5,4,4
CUST_04625,408,5,939.41,1,Hibernating,2,2,3
CUST_04626,254,18,2019.1200000000001,6,Loyal Customers,3,5,4
CUST_04627,268,9,667.83,4,Need Attention,3,3,2
CUST_04628,60,7,953.95,2,Potential Loyalists,4,3,3
CUST_04629,140,10,1325.69,2,Loyal Customers,4,4,3
CUST_04630,239,3,360.07,4,Need Attention,3,2,2
CUST_04631,310,2,67.83,4,Need Attention,3,1,1
CUST_04632,291,1,51.66,4,Need Attention,3,1,1
CUST_04633,261,7,909.93,4,Need Attention,3,3,3
CUST_04634,435,8,1029.1100000000001,1,At Risk,2,3,3
CUST_04635,137,3,231.42000000000002,4,Potential Loyalists,4,2,1
CUST_04636,392,13,2511.48,6,Cannot Lose Them,2,4,4
CUST_04637,332,3,363.26,4,Need Attention,3,2,2
CUST_04638,627,5,900.45,1,Hibernating,1,2,3
CUST_04639,169,14,2723.48,6,Champions,4,4,4
CUST_04640,271,7,1096.33,4,Need Attention,3,3,3
CUST_04641,77,9,1994.47,2,Potential Loyalists,4,3,4
CUST_04642,157,33,7472.95,3,Champions,4,5,5
CUST_04643,204,30,7560.79,7,Champions,4,5,5
CUST_04644,353,15,2335.94,6,Loyal Customers,3,4,4
CUST_04645,3,15,1947.4,2,Champions,5,4,4
CUST_04646,14,23,7212.23,7,Champions,5,5,5
CUST_04647,697,22,4663.01,0,Cannot Lose Them,1,5,5
CUST_04648,102,9,1350.72,2,Potential Loyalists,4,3,3
CUST_04649,43,4,314.41,2,Potential Loyalists,5,2,2
CUST_04650,516,28,8324.52,0,Cannot Lose Them,2,5,5
CUST_04651,608,4,556.82,1,Hibernating,1,2,2
CUST_04652,516,7,418.44,1,At Risk,2,3,2
CUST_04653,475,6,796.1899999999999,1,Hibernating,2,2,2
CUST_04654,15,24,6606.0,7,Champions,5,5,5
CUST_04655,264,23,7467.41,7,Loyal Customers,3,5,5
CUST_04656,372,4,373.44,4,Hibernating,2,2,2
CUST_04657,545,1,48.29,1,Hibernating,1,1,1
CUST_04658,97,5,500.09999999999997,2,Potential Loyalists,4,2,2
CUST_04659,472,1,24.21,1,Hibernating,2,1,1
CUST_04660,359,14,1929.73,6,Loyal Customers,3,4,4
CUST_04661,377,3,421.64,4,Hibernating,2,2,2
CUST_04662,472,5,1104.01,1,Hibernating,2,2,3
CUST_04663,280,26,6597.52,0,Loyal Customers,3,5,5
CUST_04664,353,6,663.06,4,Need Attention,3,2,2
CUST_04665,263,1,176.34,4,Need Attention,3,1,1
CUST_04666,234,9,1152.6399999999999,4,Need Attention,3,3,3
CUST_04667,18,7,898.54,2,Potential Loyalists,5,3,3
CUST_04668,63,2,245.19,2,New Customers,4,1,1
CUST_04669,393,29,9103.53,0,Cannot Lose Them,2,5,5
CUST_04670,314,6,754.46,4,Need Attention,3,2,2
CUST_04671,372,5,590.53,4,Hibernating,2,2,2
CUST_04672,390,29,9968.29,3,Cannot Lose Them,2,5,5
CUST_04673,405,29,6746.139999999999,0,Cannot Lose Them,2,5,5
CUST_04674,181,10,1996.48,2,Champions,4,4,4
CUST_04675,703,10,1653.78,5,Loyal Customers,1,4,3
CUST_04676,345,22,8345.32,0,Loyal Customers,3,5,5
CUST_04677,35,7,1736.68,2,Potential Loyalists,5,3,4
CUST_04678,805,1,66.7,5,Hibernating,1,1,1
CUST_04679,19,10,1474.4099999999999,2,Loyal Customers,5,4,3
CUST_04680,371,37,8466.83,3,Cannot Lose Them,2,5,5
CUST_04681,10,29,6375.4400000000005,7,Champions,5,5,5
CUST_04682,82,2,122.67,4,New Customers,4,1,1
CUST_04683,574,28,6985.99,0,Cannot Lose Them,1,5,5
CUST_04684,181,14,2551.2599999999998,6,Champions,4,4,4
CUST_04685,407,2,83.44,1,Hibernating,2,1,1
CUST_04686,139,8,390.71000000000004,2,Potential Loyalists,4,3,2
CUST_04687,541,28,5844.43,0,Cannot Lose Them,1,5,5
CUST_04688,147,32,7917.41,3,Champions,4,5,5
CUST_04689,452,1,107.91,1,Hibernating,2,1,1
CUST_04690,70,26,7037.889999999999,7,Champions,4,5,5
CUST_04691,684,1,200.48,5,Hibernating,1,1,1
CUST_04692,432,1,104.63,1,Hibernating,2,1,1
CUST_04693,296,9,1654.16,6,Need Attention,3,3,4
CUST_04694,34,10,1640.87,2,Loyal Customers,5,4,3
CUST_04695,175,16,2209.13,6,Champions,4,4,4
CUST_04696,393,3,331.78999999999996,4,Hibernating,2,2,2
CUST_04697,472,2,116.89,1,Hibernating,2,1,1
CUST_04698,21,13,1851.56,2,Champions,5,4,4
CUST_04699,237,4,827.6700000000001,4,Need Attention,3,2,2
CUST_04700,3,24,5926.87,7,Champions,5,5,5
CUST_04701,487,8,949.5,1,At Risk,2,3,3
CUST_04702,649,1,28.18,5,Hibernating,1,1,1
CUST_04703,295,1,56.26,4,Need Attention,3,1,1
CUST_04704,204,39,10865.72,3,Champions,4,5,5
CUST_04705,711,2,82.51,5,Hibernating,1,1,1
CUST_04706,278,20,3675.12,6,Loyal Customers,3,5,4
CUST_04707,229,7,1211.88,4,Need Attention,3,3,3
CUST_04708,24,31,7359.52,7,Champions,5,5,5
CUST_04709,335,10,1730.04,6,Loyal Customers,3,4,4
CUST_04710,318,10,1553.85,6,Loyal Customers,3,4,3
CUST_04711,391,6,603.06,1,Hibernating,2,2,2
CUST_04712,544,1,44.94,1,Hibernating,1,1,1
CUST_04713,32,18,3228.92,2,Champions,5,5,4
CUST_04714,283,3,335.98,4,Need Attention,3,2,2
CUST_04715,459,5,388.84000000000003,1,Hibernating,2,2,2
CUST_04716,4,29,8950.14,7,Champions,5,5,5
CUST_04717,196,11,2266.81,6,Champions,4,4,4
CUST_04718,331,12,2163.87,6,Loyal Customers,3,4,4
CUST_04719,399,3,484.20000000000005,1,Hibernating,2,2,2
CUST_04720,53,5,304.0,2,Potential Loyalists,5,2,2
CUST_04721,77,13,1641.34,2,Loyal Customers,4,4,3
CUST_04722,184,2,183.60999999999999,4,New Customers,4,1,1
CUST_04723,392,29,8457.62,0,Cannot Lose Them,2,5,5
CUST_04724,42,12,2393.94,2,Champions,5,4,4
CUST_04725,340,4,515.49,4,Need Attention,3,2,2
CUST_04726,704,3,481.35,5,Hibernating,1,2,2
CUST_04727,30,25,7975.43,7,Champions,5,5,5
CUST_04728,619,2,171.57999999999998,5,Hibernating,1,1,1
CUST_04729,405,14,1700.06,6,Cannot Lose Them,2,4,4
CUST_04730,60,7,1046.99,2,Potential Loyalists,4,3,3
CUST_04731,521,4,543.53,1,Hibernating,2,2,2
CUST_04732,70,4,213.17000000000002,2,Potential Loyalists,4,2,1
CUST_04733,438,1,30.74,1,Hibernating,2,1,1
CUST_04734,103,6,532.12,2,Potential Loyalists,4,2,2
CUST_04735,606,1,66.0,5,Hibernating,1,1,1
CUST_04736,672,5,639.9000000000001,5,Hibernating,1,2,2
CUST_04737,39,2,164.19,2,New Customers,5,1,1
CUST_04738,36,41,10690.84,3,Champions,5,5,5
CUST_04739,89,37,10331.42,3,Champions,4,5,5
CUST_04740,21,5,1023.75,2,Potential Loyalists,5,2,3
CUST_04741,30,12,1459.68,2,Loyal Customers,5,4,3
CUST_04742,20,20,8040.5,7,Champions,5,5,5
CUST_04743,492,19,4454.74,0,Cannot Lose Them,2,5,5
CUST_04744,214,33,8163.38,3,Champions,4,5,5
CUST_04745,180,42,11971.74,3,Champions,4,5,5
CUST_04746,281,9,959.0100000000001,4,Need Attention,3,3,3
CUST_04747,25,14,2111.47,2,Champions,5,4,4
CUST_04748,592,3,528.18,1,Hibernating,1,2,2
CUST_04749,42,23,6506.67,7,Champions,5,5,5
CUST_04750,514,14,2151.6,6,Cannot Lose Them,2,4,4
CUST_04751,210,9,1948.41,2,Potential Loyalists,4,3,4
CUST_04752,175,7,1127.66,4,Potential Loyalists,4,3,3
CUST_04753,77,36,10209.35,3,Champions,4,5,5
CUST_04754,443,5,918.78,1,Hibernating,2,2,3
CUST_04755,27,15,2096.86,2,Champions,5,4,4
CUST_04756,179,28,6746.84,7,Champions,4,5,5
CUST_04757,599,3,178.85,1,Hibernating,1,2,1
CUST_04758,313,6,801.15,4,Need Attention,3,2,2
CUST_04759,206,14,3290.4300000000003,6,Champions,4,4,4
CUST_04760,204,4,176.46,4,Potential Loyalists,4,2,1
CUST_04761,361,1,37.67,4,Need Attention,3,1,1
CUST_04762,397,32,9270.09,3,Cannot Lose Them,2,5,5
CUST_04763,276,3,416.17,4,Need Attention,3,2,2
CUST_04764,167,2,113.09,4,New Customers,4,1,1
CUST_04765,6,23,7286.65,7,Champions,5,5,5
CUST_04766,11,5,691.95,2,Potential Loyalists,5,2,2
CUST_04767,4,21,4955.73,7,Champions,5,5,5
CUST_04768,455,12,2383.05,6,Cannot Lose Them,2,4,4
CUST_04769,334,9,1139.6,4,Need Attention,3,3,3
CUST_04770,161,5,500.68,4,Potential Loyalists,4,2,2
CUST_04771,275,1,18.72,4,Need Attention,3,1,1
CUST_04772,7,19,4939.68,7,Champions,5,5,5
CUST_04773,413,2,188.01,1,Hibernating,2,1,1
CUST_04774,100,7,1236.57,2,Potential Loyalists,4,3,3
CUST_04775,15,20,5032.99,7,Champions,5,5,5
CUST_04776,37,13,1532.15,2,Loyal Customers,5,4,3
CUST_04777,54,8,1107.68,2,Potential Loyalists,5,3,3
CUST_04778,290,3,260.82,4,Need Attention,3,2,1
CUST_04779,20,11,1778.53,2,Champions,5,4,4
CUST_04780,381,9,1549.22,1,At Risk,2,3,3
CUST_04781,444,8,1741.81,1,Cannot Lose Them,2,3,4
CUST_04782,361,9,1172.19,4,Need Attention,3,3,3
CUST_04783,689,5,915.16,5,Hibernating,1,2,3
CUST_04784,658,9,1520.33,1,At Risk,1,3,3
CUST_04785,948,1,85.35,5,Hibernating,1,1,1
CUST_04786,86,33,10419.22,3,Champions,4,5,5
CUST_04787,19,10,2855.34,2,Champions,5,4,4
CUST_04788,32,10,1384.1,2,Loyal Customers,5,4,3
CUST_04789,659,2,34.650000000000006,5,Hibernating,1,1,1
CUST_04790,587,10,1061.23,1,Loyal Customers,1,4,3
CUST_04791,566,10,1608.6200000000001,1,Loyal Customers,1,4,3
CUST_04792,442,18,5255.6900000000005,0,Cannot Lose Them,2,5,5
CUST_04793,34,25,7733.71,7,Champions,5,5,5
CUST_04794,426,2,235.58999999999997,1,Hibernating,2,1,1
CUST_04795,513,8,1317.71,1,At Risk,2,3,3
CUST_04796,338,29,7364.56,0,Loyal Customers,3,5,5
CUST_04797,734,4,203.37,5,Hibernating,1,2,1
CUST_04798,27,9,1506.73,2,Potential Loyalists,5,3,3
CUST_04799,417,31,7426.2,0,Cannot Lose Them,2,5,5
CUST_04800,767,20,7828.13,0,Cannot Lose Them,1,5,5
CUST_04801,49,37,7672.41,3,Champions,5,5,5
CUST_04802,31,13,2517.24,2,Champions,5,4,4
CUST_04803,481,1,22.72,1,Hibernating,2,1,1
CUST_04804,150,12,1320.0900000000001,2,Loyal Customers,4,4,3
CUST_04805,302,15,2706.76,6,Loyal Customers,3,4,4
CUST_04806,909,1,24.85,5,Hibernating,1,1,1
CUST_04807,340,15,1974.99,6,Loyal Customers,3,4,4
CUST_04808,715,3,558.08,5,Hibernating,1,2,2
CUST_04809,60,39,8507.34,3,Champions,4,5,5
CUST_04810,523,1,185.01,1,Hibernating,2,1,1
CUST_04811,285,41,12139.31,3,Loyal Customers,3,5,5
CUST_04812,365,15,2471.45,6,Loyal Customers,3,4,4
CUST_04813,541,1,13.55,1,Hibernating,1,1,1
CUST_04814,6,29,9415.97,3,Champions,5,5,5
CUST_04815,57,17,3795.2400000000002,2,Champions,5,4,4
CUST_04816,39,9,1579.07,2,Potential Loyalists,5,3,3
CUST_04817,426,6,523.95,1,Hibernating,2,2,2
CUST_04818,161,2,109.57,4,New Customers,4,1,1
CUST_04819,58,4,595.1899999999999,2,Potential Loyalists,4,2,2
CUST_04820,142,4,220.76999999999998,4,Potential Loyalists,4,2,1
CUST_04821,381,8,812.01,1,At Risk,2,3,2
CUST_04822,323,2,201.53,4,Need Attention,3,1,1
CUST_04823,21,5,627.85,2,Potential Loyalists,5,2,2
CUST_04824,889,3,119.94999999999999,5,Hibernating,1,2,1
CUST_04825,666,2,86.73,5,Hibernating,1,1,1
CUST_04826,212,11,796.99,2,Loyal Customers,4,4,2
CUST_04827,464,3,370.90999999999997,1,Hibernating,2,2,2
CUST_04828,371,15,3340.73,6,Cannot Lose Them,2,4,4
CUST_04829,277,3,164.03,4,Need Attention,3,2,1
CUST_04830,171,8,1642.3700000000001,2,Potential Loyalists,4,3,3
CUST_04831,415,2,55.25,1,Hibernating,2,1,1
CUST_04832,191,17,4096.25,6,Champions,4,4,5
CUST_04833,535,4,666.41,1,Hibernating,1,2,2
CUST_04834,444,19,5522.88,0,Cannot Lose Them,2,5,5
CUST_04835,488,15,1866.86,6,Cannot Lose Them,2,4,4
CUST_04836,526,3,179.82,1,Hibernating,2,2,1
CUST_04837,274,17,3097.61,6,Loyal Customers,3,4,4
CUST_04838,64,6,971.78,2,Potential Loyalists,4,2,3
CUST_04839,776,2,295.65,5,Hibernating,1,1,2
CUST_04840,594,12,1680.29,1,Cannot Lose Them,1,4,4
CUST_04841,680,6,418.28999999999996,5,Hibernating,1,2,2
CUST_04842,317,12,1511.54,6,Loyal Customers,3,4,3
CUST_04843,330,6,1295.74,4,Need Attention,3,2,3
CUST_04844,416,12,1414.74,6,Loyal Customers,2,4,3
CUST_04845,373,35,11426.02,3,Cannot Lose Them,2,5,5
CUST_04846,333,9,1645.26,6,Need Attention,3,3,3
CUST_04847,354,7,984.22,4,Need Attention,3,3,3
CUST_04848,266,10,2461.01,6,Loyal Customers,3,4,4
CUST_04849,770,2,148.86,5,Hibernating,1,1,1
CUST_04850,20,19,5281.75,7,Champions,5,5,5
CUST_04851,374,12,1985.15,6,Cannot Lose Them,2,4,4
CUST_04852,525,8,1484.36,1,At Risk,2,3,3
CUST_04853,95,18,2453.38,6,Champions,4,5,4
CUST_04854,158,2,80.94,4,New Customers,4,1,1
CUST_04855,214,5,749.74,4,Potential Loyalists,4,2,2
CUST_04856,938,1,281.53,5,Hibernating,1,1,2
CUST_04857,97,13,1858.51,2,Champions,4,4,4
CUST_04858,31,38,12287.05,3,Champions,5,5,5
CUST_04859,67,6,540.38,2,Potential Loyalists,4,2,2
CUST_04860,195,9,1743.4099999999999,2,Potential Loyalists,4,3,4
CUST_04861,298,14,3588.78,6,Loyal Customers,3,4,4
CUST_04862,20,15,3093.6,2,Champions,5,4,4
CUST_04863,245,21,5535.33,7,Loyal Customers,3,5,5
CUST_04864,239,11,2016.8700000000001,6,Loyal Customers,3,4,4
CUST_04865,441,32,9741.6,3,Cannot Lose Them,2,5,5
CUST_04866,739,1,119.94,5,Hibernating,1,1,1
CUST_04867,135,11,2078.48,2,Champions,4,4,4
CUST_04868,375,2,103.37,4,Hibernating,2,1,1
CUST_04869,88,4,605.8,2,Potential Loyalists,4,2,2
CUST_04870,688,2,36.36,5,Hibernating,1,1,1
CUST_04871,328,2,221.48000000000002,4,Need Attention,3,1,1
CUST_04872,111,4,181.14,4,Potential Loyalists,4,2,1
CUST_04873,21,40,8136.05,3,Champions,5,5,5
CUST_04874,641,1,44.79,5,Hibernating,1,1,1
CUST_04875,18,11,1557.71,2,Loyal Customers,5,4,3
CUST_04876,55,16,3633.09,2,Champions,5,4,4
CUST_04877,202,24,6380.88,7,Champions,4,5,5
CUST_04878,69,33,7521.76,7,Champions,4,5,5
CUST_04879,236,3,685.47,4,Need Attention,3,2,2
CUST_04880,149,8,958.49,2,Potential Loyalists,4,3,3
CUST_04881,128,14,2595.75,2,Champions,4,4,4
CUST_04882,638,2,112.12,5,Hibernating,1,1,1
CUST_04883,91,9,1136.1100000000001,2,Potential Loyalists,4,3,3
CUST_04884,460,9,1814.33,1,Cannot Lose Them,2,3,4
CUST_04885,524,25,8179.88,0,Cannot Lose Them,2,5,5
CUST_04886,279,8,1553.85,4,Need Attention,3,3,3
CUST_04887,537,13,2611.44,1,Cannot Lose Them,1,4,4
CUST_04888,321,1,22.24,4,Need Attention,3,1,1
CUST_04889,539,6,722.77,1,Hibernating,1,2,2
CUST_04890,351,37,9379.48,3,Loyal Customers,3,5,5
CUST_04891,271,11,1720.75,6,Loyal Customers,3,4,4
CUST_04892,773,5,710.29,5,Hibernating,1,2,2
CUST_04893,4,22,6295.4,7,Champions,5,5,5
CUST_04894,551,32,9114.630000000001,0,Cannot Lose Them,1,5,5
CUST_04895,246,7,1153.3400000000001,4,Need Attention,3,3,3
CUST_04896,46,7,469.35,2,Potential Loyalists,5,3,2
CUST_04897,18,24,6922.17,7,Champions,5,5,5
CUST_04898,149,3,223.15,4,Potential Loyalists,4,2,1
CUST_04899,420,20,6888.52,0,Cannot Lose Them,2,5,5
CUST_04900,135,12,1485.99,2,Loyal Customers,4,4,3
CUST_04901,177,2,77.3,4,New Customers,4,1,1
CUST_04902,195,7,1107.95,4,Potential Loyalists,4,3,3
CUST_04903,601,2,101.00999999999999,1,Hibernating,1,1,1
CUST_04904,213,29,7805.349999999999,7,Champions,4,5,5
CUST_04905,311,4,226.73,4,Need Attention,3,2,1
CUST_04906,36,16,1843.3799999999999,2,Champions,5,4,4
CUST_04907,797,3,746.76,5,Hibernating,1,2,2
CUST_04908,665,3,559.73,5,Hibernating,1,2,2
CUST_04909,428,1,122.3,1,Hibernating,2,1,1
CUST_04910,367,12,1564.6299999999999,6,Loyal Customers,2,4,3
CUST_04911,183,19,5734.76,7,Champions,4,5,5
CUST_04912,88,9,648.51,2,Potential Loyalists,4,3,2
CUST_04913,496,8,1041.22,1,At Risk,2,3,3
CUST_04914,863,1,68.48,5,Hibernating,1,1,1
CUST_04915,138,4,420.54,4,Potential Loyalists,4,2,2
CUST_04916,419,18,3020.28,6,Cannot Lose Them,2,5,4
CUST_04917,473,16,2767.6400000000003,6,Cannot Lose Them,2,4,4
CUST_04918,28,10,1948.5,2,Champions,5,4,4
CUST_04919,881,2,97.92,5,Hibernating,1,1,1
CUST_04920,390,9,1311.95,1,At Risk,2,3,3
CUST_04921,57,4,541.89,2,Potential Loyalists,5,2,2
CUST_04922,248,2,55.900000000000006,4,Need Attention,3,1,1
CUST_04923,55,12,2777.06,2,Champions,5,4,4
CUST_04924,409,11,1333.9399999999998,6,Loyal Customers,2,4,3
CUST_04925,79,7,718.09,2,Potential Loyalists,4,3,2
CUST_04926,313,8,785.01,4,Need Attention,3,3,2
CUST_04927,617,4,253.16,1,Hibernating,1,2,1
CUST_04928,144,15,2273.53,6,Champions,4,4,4
CUST_04929,507,5,879.1800000000001,1,Hibernating,2,2,3
CUST_04930,379,8,1120.35,1,At Risk,2,3,3
CUST_04931,802,1,95.98,5,Hibernating,1,1,1
CUST_04932,196,16,2784.52,6,Champions,4,4,4
CUST_04933,624,11,1311.5,1,Loyal Customers,1,4,3
CUST_04934,347,2,87.86,4,Need Attention,3,1,1
CUST_04935,231,12,2664.63,6,Loyal Customers,3,4,4
CUST_04936,214,7,524.06,4,Potential Loyalists,4,3,2
CUST_04937,537,8,1624.1599999999999,1,At Risk,1,3,3
CUST_04938,433,6,607.48,1,Hibernating,2,2,2
CUST_04939,839,1,112.75,5,Hibernating,1,1,1
CUST_04940,187,38,9238.99,3,Champions,4,5,5
CUST_04941,528,24,8177.13,0,Cannot Lose Them,2,5,5
CUST_04942,603,5,435.78,1,Hibernating,1,2,2
CUST_04943,602,2,130.28,1,Hibernating,1,1,1
CUST_04944,207,13,3037.35,6,Champions,4,4,4
CUST_04945,444,9,756.73,1,At Risk,2,3,2
CUST_04946,486,34,8760.07,0,Cannot Lose Them,2,5,5
CUST_04947,405,3,190.19,1,Hibernating,2,2,1
CUST_04948,749,6,333.72,5,Hibernating,1,2,2
CUST_04949,124,14,2578.3,2,Champions,4,4,4
CUST_04950,558,3,269.29,1,Hibernating,1,2,2
CUST_04951,310,4,928.66,4,Need Attention,3,2,3
CUST_04952,9,6,903.43,2,Potential Loyalists,5,2,3
CUST_04953,642,10,1518.1200000000001,1,Loyal Customers,1,4,3
CUST_04954,203,8,1448.85,4,Potential Loyalists,4,3,3
CUST_04955,411,8,1459.8300000000002,1,At Risk,2,3,3
CUST_04956,204,4,632.5600000000001,4,Potential Loyalists,4,2,2
CUST_04957,15,18,2749.5,2,Champions,5,5,4
CUST_04958,186,28,8560.86,7,Champions,4,5,5
CUST_04959,53,7,1222.38,2,Potential Loyalists,5,3,3
CUST_04960,2,33,12673.02,3,Champions,5,5,5
CUST_04961,244,2,47.120000000000005,4,Need Attention,3,1,1
CUST_04962,76,41,9173.57,3,Champions,4,5,5
CUST_04963,437,6,806.9399999999999,1,Hibernating,2,2,2
CUST_04964,260,8,1052.68,4,Need Attention,3,3,3
CUST_04965,386,25,4959.64,0,Cannot Lose Them,2,5,5
CUST_04966,29,8,1036.74,2,Potential Loyalists,5,3,3
CUST_04967,6,11,1881.98,2,Champions,5,4,4
CUST_04968,433,9,1730.87,1,Cannot Lose Them,2,3,4
CUST_04969,40,9,1417.16,2,Potential Loyalists,5,3,3
CUST_04970,216,27,9013.0,3,Champions,4,5,5
CUST_04971,544,1,6.51,1,Hibernating,1,1,1
CUST_04972,758,3,865.46,5,Hibernating,1,2,3
CUST_04973,611,1,268.92,5,Hibernating,1,1,2
CUST_04974,5,11,2279.1,2,Champions,5,4,4
CUST_04975,87,37,8473.77,3,Champions,4,5,5
CUST_04976,125,4,532.97,4,Potential Loyalists,4,2,2
CUST_04977,407,1,121.75,1,Hibernating,2,1,1
CUST_04978,848,1,18.32,5,Hibernating,1,1,1
CUST_04979,1,23,7535.45,7,Champions,5,5,5
CUST_04980,185,3,593.6,4,Potential Loyalists,4,2,2
CUST_04981,600,4,266.13,1,Hibernating,1,2,1
CUST_04982,347,9,2158.31,6,Need Attention,3,3,4
CUST_04983,560,5,419.15000000000003,1,Hibernating,1,2,2
CUST_04984,343,15,2401.52,6,Loyal Customers,3,4,4
CUST_04985,17,16,6001.51,7,Champions,5,4,5
CUST_04986,539,7,1195.02,1,At Risk,1,3,3
CUST_04987,109,4,775.22,2,Potential Loyalists,4,2,2
CUST_04988,472,4,633.0899999999999,1,Hibernating,2,2,2
CUST_04989,11,38,10722.38,3,Champions,5,5,5
CUST_04990,557,8,1146.4,1,At Risk,1,3,3
CUST_04991,391,3,945.95,4,Hibernating,2,2,3
CUST_04992,219,28,7239.33,7,Loyal Customers,3,5,5
CUST_04993,152,12,1430.1200000000001,2,Loyal Customers,4,4,3
CUST_04994,424,17,3084.02,6,Cannot Lose Them,2,4,4
CUST_04995,41,11,1719.94,2,Champions,5,4,4
CUST_04996,423,25,7762.33,0,Cannot Lose Them,2,5,5
CUST_04997,346,9,828.57,4,Need Attention,3,3,2
CUST_04998,406,37,9459.2,3,Cannot Lose Them,2,5,5
CUST_04999,148,9,1277.77,2,Potential Loyalists,4,3,3
CUST_05000,345,7,850.7,4,Need Attention,3,3,3
CUST_05001,387,16,3029.98,6,Cannot Lose Them,2,4,4
CUST_05002,38,7,1183.34,2,Potential Loyalists,5,3,3
CUST_05003,590,2,35.18,1,Hibernating,1,1,1
CUST_05004,312,10,2133.84,6,Loyal Customers,3,4,4
CUST_05005,503,14,2073.71,6,Cannot Lose Them,2,4,4
CUST_05006,556,34,8876.54,0,Cannot Lose Them,1,5,5
CUST_05007,316,13,2054.97,6,Loyal Customers,3,4,4
CUST_05008,368,9,1733.05,6,Cannot Lose Them,2,3,4
CUST_05009,330,1,97.7,4,Need Attention,3,1,1
CUST_05010,377,16,2058.3,6,Cannot Lose Them,2,4,4
CUST_05011,481,3,796.37,1,Hibernating,2,2,2
CUST_05012,11,27,7114.07,7,Champions,5,5,5
CUST_05013,100,2,250.98,4,New Customers,4,1,1
CUST_05014,445,2,107.68,1,Hibernating,2,1,1
CUST_05015,542,5,455.73,1,Hibernating,1,2,2
CUST_05016,173,10,2670.23,2,Champions,4,4,4
CUST_05017,603,2,131.3,1,Hibernating,1,1,1
CUST_05018,81,2,331.44,2,New Customers,4,1,2
CUST_05019,244,7,1109.0700000000002,4,Need Attention,3,3,3
CUST_05020,246,7,1583.19,4,Need Attention,3,3,3
CUST_05021,534,8,1210.78,1,At Risk,1,3,3
CUST_05022,933,1,25.43,5,Hibernating,1,1,1
CUST_05023,873,1,89.6,5,Hibernating,1,1,1
CUST_05024,775,8,1947.7,5,Cannot Lose Them,1,3,4
CUST_05025,426,41,15230.38,3,Cannot Lose Them,2,5,5
CUST_05026,569,2,80.46000000000001,1,Hibernating,1,1,1
CUST_05027,39,4,331.79,2,Potential Loyalists,5,2,2
CUST_05028,164,2,383.95000000000005,4,New Customers,4,1,2
CUST_05029,595,21,6256.51,0,Cannot Lose Them,1,5,5
CUST_05030,6,24,5898.049999999999,7,Champions,5,5,5
CUST_05031,9,11,1528.71,2,Loyal Customers,5,4,3
CUST_05032,650,1,17.24,5,Hibernating,1,1,1
CUST_05033,760,2,174.57000000000002,5,Hibernating,1,1,1
CUST_05034,270,6,684.26,4,Need Attention,3,2,2
CUST_05035,307,2,421.52,4,Need Attention,3,1,2
CUST_05036,492,2,55.39,1,Hibernating,2,1,1
CUST_05037,61,24,5723.01,7,Champions,4,5,5
CUST_05038,712,3,494.27,5,Hibernating,1,2,2
CUST_05039,142,6,859.01,2,Potential Loyalists,4,2,3
CUST_05040,104,8,643.25,2,Potential Loyalists,4,3,2
CUST_05041,85,6,674.25,2,Potential Loyalists,4,2,2
CUST_05042,7,12,1309.88,2,Loyal Customers,5,4,3
CUST_05043,512,5,388.15999999999997,1,Hibernating,2,2,2
CUST_05044,95,15,2698.61,2,Champions,4,4,4
CUST_05045,178,5,448.98,4,Potential Loyalists,4,2,2
CUST_05046,578,20,6514.2,0,Cannot Lose Them,1,5,5
CUST_05047,291,8,1583.27,4,Need Attention,3,3,3
CUST_05048,436,8,1502.06,1,At Risk,2,3,3
CUST_05049,369,1,148.98,4,Hibernating,2,1,1
CUST_05050,346,1,64.74,4,Need Attention,3,1,1
CUST_05051,83,2,27.74,4,New Customers,4,1,1
CUST_05052,38,9,1162.08,2,Potential Loyalists,5,3,3
CUST_05053,71,29,8051.61,7,Champions,4,5,5
CUST_05054,379,2,110.84,4,Hibernating,2,1,1
CUST_05055,250,22,5591.39,7,Loyal Customers,3,5,5
CUST_05056,178,10,1950.77,2,Champions,4,4,4
CUST_05057,17,12,2875.04,2,Champions,5,4,4
CUST_05058,216,17,2113.58,6,Champions,4,4,4
CUST_05059,506,6,835.89,1,Hibernating,2,2,3
CUST_05060,675,25,5679.13,0,Cannot Lose Them,1,5,5
CUST_05061,584,2,227.31,1,Hibernating,1,1,1
CUST_05062,217,11,2659.98,6,Loyal Customers,3,4,4
CUST_05063,592,2,205.71,1,Hibernating,1,1,1
CUST_05064,954,1,66.85,5,Hibernating,1,1,1
CUST_05065,169,14,1873.98,6,Champions,4,4,4
CUST_05066,299,39,9652.56,3,Loyal Customers,3,5,5
CUST_05067,142,9,1707.47,2,Potential Loyalists,4,3,4
CUST_05068,360,16,1590.57,6,Loyal Customers,3,4,3
CUST_05069,439,15,3555.13,6,Cannot Lose Them,2,4,4
CUST_05070,582,11,2630.96,1,Cannot Lose Them,1,4,4
CUST_05071,381,39,7889.87,3,Cannot Lose Them,2,5,5
CUST_05072,8,17,2811.99,2,Champions,5,4,4
CUST_05073,487,3,572.35,1,Hibernating,2,2,2
CUST_05074,273,1,172.72,4,Need Attention,3,1,1
CUST_05075,807,1,24.91,5,Hibernating,1,1,1
CUST_05076,600,7,680.2,1,At Risk,1,3,2
CUST_05077,62,38,9372.38,3,Champions,4,5,5
CUST_05078,308,18,2973.78,6,Loyal Customers,3,5,4
CUST_05079,21,20,5371.469999999999,7,Champions,5,5,5
CUST_05080,804,3,176.41,5,Hibernating,1,2,1
CUST_05081,340,14,2528.43,6,Loyal Customers,3,4,4
CUST_05082,573,8,1946.56,1,Cannot Lose Them,1,3,4
CUST_05083,142,13,2239.21,2,Champions,4,4,4
CUST_05084,85,23,7042.35,7,Champions,4,5,5
CUST_05085,49,13,2072.89,2,Champions,5,4,4
CUST_05086,635,2,300.11,5,Hibernating,1,1,2
CUST_05087,33,12,2440.4700000000003,2,Champions,5,4,4
CUST_05088,20,26,7302.2699999999995,7,Champions,5,5,5
CUST_05089,129,2,148.64,4,New Customers,4,1,1
CUST_05090,275,19,5552.47,7,Loyal Customers,3,5,5
CUST_05091,705,1,59.34,5,Hibernating,1,1,1
CUST_05092,441,7,542.99,1,At Risk,2,3,2
CUST_05093,48,17,2640.17,2,Champions,5,4,4
CUST_05094,121,6,519.12,2,Potential Loyalists,4,2,2
CUST_05095,253,2,335.64000000000004,4,Need Attention,3,1,2
CUST_05096,285,12,2014.29,6,Loyal Customers,3,4,4
CUST_05097,460,6,334.68,1,Hibernating,2,2,2
CUST_05098,419,7,1318.46,1,At Risk,2,3,3
CUST_05099,435,2,268.05,1,Hibernating,2,1,1
CUST_05100,255,3,239.73999999999998,4,Need Attention,3,2,1
CUST_05101,307,13,1728.1200000000001,6,Loyal Customers,3,4,4
CUST_05102,373,2,42.599999999999994,4,Hibernating,2,1,1
CUST_05103,181,1,68.75,4,New Customers,4,1,1
CUST_05104,113,2,186.97,4,New Customers,4,1,1
CUST_05105,233,3,539.54,4,Need Attention,3,2,2
CUST_05106,310,4,599.15,4,Need Attention,3,2,2
CUST_05107,439,26,8544.029999999999,0,Cannot Lose Them,2,5,5
CUST_05108,359,14,1892.23,6,Loyal Customers,3,4,4
CUST_05109,736,18,6889.34,0,Cannot Lose Them,1,5,5
CUST_05110,409,2,292.7,1,Hibernating,2,1,2
CUST_05111,8,5,383.04999999999995,2,Potential Loyalists,5,2,2
CUST_05112,2,13,2614.87,2,Champions,5,4,4
CUST_05113,449,13,2454.48,6,Cannot Lose Them,2,4,4
CUST_05114,60,41,14331.01,3,Champions,4,5,5
CUST_05115,512,8,866.96,1,At Risk,2,3,3
CUST_05116,52,25,4906.05,7,Champions,5,5,5
CUST_05117,50,6,551.0699999999999,2,Potential Loyalists,5,2,2
CUST_05118,55,6,508.58,2,Potential Loyalists,5,2,2
CUST_05119,248,38,9789.88,3,Loyal Customers,3,5,5
CUST_05120,1,26,8878.4,7,Champions,5,5,5
CUST_05121,84,6,634.49,2,Potential Loyalists,4,2,2
CUST_05122,462,16,2496.8,6,Cannot Lose Them,2,4,4
CUST_05123,199,25,7510.11,7,Champions,4,5,5
CUST_05124,474,12,1786.2,1,Cannot Lose Them,2,4,4
CUST_05125,32,9,1661.5700000000002,2,Potential Loyalists,5,3,4
CUST_05126,166,5,822.29,4,Potential Loyalists,4,2,2
CUST_05127,554,7,667.1,1,At Risk,1,3,2
CUST_05128,318,6,693.78,4,Need Attention,3,2,2
CUST_05129,171,17,3291.4,6,Champions,4,4,4
CUST_05130,50,7,1017.62,2,Potential Loyalists,5,3,3
CUST_05131,94,22,5729.56,7,Champions,4,5,5
CUST_05132,621,23,6765.7300000000005,0,Cannot Lose Them,1,5,5
CUST_05133,55,6,875.73,2,Potential Loyalists,5,2,3
CUST_05134,658,2,167.65,5,Hibernating,1,1,1
CUST_05135,620,12,1241.63,1,Loyal Customers,1,4,3
CUST_05136,573,4,456.27,1,Hibernating,1,2,2
CUST_05137,19,23,6740.8,7,Champions,5,5,5
CUST_05138,443,30,11114.44,3,Cannot Lose Them,2,5,5
CUST_05139,567,12,2359.27,1,Cannot Lose Them,1,4,4
CUST_05140,490,23,5070.37,0,Cannot Lose Them,2,5,5
CUST_05141,765,1,37.01,5,Hibernating,1,1,1
CUST_05142,678,21,4467.8,0,Cannot Lose Them,1,5,5
CUST_05143,150,17,2169.81,6,Champions,4,4,4
CUST_05144,751,2,376.70000000000005,5,Hibernating,1,1,2
CUST_05145,233,18,4149.83,6,Loyal Customers,3,5,5
CUST_05146,43,8,1723.95,2,Potential Loyalists,5,3,4
CUST_05147,291,17,1984.44,6,Loyal Customers,3,4,4
CUST_05148,81,15,1968.3999999999999,2,Champions,4,4,4
CUST_05149,8,32,7756.23,7,Champions,5,5,5
CUST_05150,368,9,1158.49,4,At Risk,2,3,3
CUST_05151,849,1,75.22,5,Hibernating,1,1,1
CUST_05152,510,4,578.45,1,Hibernating,2,2,2
CUST_05153,413,1,316.04,1,Hibernating,2,1,2
CUST_05154,46,9,1852.14,2,Potential Loyalists,5,3,4
CUST_05155,505,8,692.0699999999999,1,At Risk,2,3,2
CUST_05156,338,15,1918.7,6,Loyal Customers,3,4,4
CUST_05157,639,2,163.43,5,Hibernating,1,1,1
CUST_05158,295,14,1726.34,6,Loyal Customers,3,4,4
CUST_05159,137,3,128.9,4,Potential Loyalists,4,2,1
CUST_05160,453,27,9758.92,0,Cannot Lose Them,2,5,5
CUST_05161,502,1,26.16,1,Hibernating,2,1,1
CUST_05162,39,11,1762.8799999999999,2,Champions,5,4,4
CUST_05163,230,24,3816.5,6,Loyal Customers,3,5,4
CUST_05164,207,12,2652.24,6,Champions,4,4,4
CUST_05165,383,2,150.09,4,Hibernating,2,1,1
CUST_05166,528,9,1650.47,1,At Risk,2,3,3
CUST_05167,38,12,1239.58,2,Loyal Customers,5,4,3
CUST_05168,95,7,910.8000000000001,2,Potential Loyalists,4,3,3
CUST_05169,123,9,1569.67,2,Potential Loyalists,4,3,3
CUST_05170,473,8,1536.74,1,At Risk,2,3,3
CUST_05171,232,1,35.32,4,Need Attention,3,1,1
CUST_05172,340,3,232.65,4,Need Attention,3,2,1
CUST_05173,185,9,1932.6299999999999,2,Potential Loyalists,4,3,4
CUST_05174,166,8,650.78,2,Potential Loyalists,4,3,2
CUST_05175,1,7,354.76,2,Potential Loyalists,5,3,2
CUST_05176,247,2,216.17,4,Need Attention,3,1,1
CUST_05177,550,4,956.68,1,Hibernating,1,2,3
CUST_05178,665,7,698.46,5,At Risk,1,3,2
CUST_05179,440,15,1872.3,6,Cannot Lose Them,2,4,4
CUST_05180,20,11,1782.54,2,Champions,5,4,4
CUST_05181,429,1,85.05,1,Hibernating,2,1,1
CUST_05182,201,15,2630.55,6,Champions,4,4,4
CUST_05183,127,16,1748.8,2,Champions,4,4,4
CUST_05184,465,19,4615.01,0,Cannot Lose Them,2,5,5
CUST_05185,467,25,5334.15,0,Cannot Lose Them,2,5,5
CUST_05186,203,6,1181.58,4,Potential Loyalists,4,2,3
CUST_05187,585,6,1274.75,1,Hibernating,1,2,3
CUST_05188,369,3,339.36,4,Hibernating,2,2,2
CUST_05189,10,8,1341.52,2,Potential Loyalists,5,3,3
CUST_05190,605,5,784.99,1,Hibernating,1,2,2
CUST_05191,411,2,252.79000000000002,1,Hibernating,2,1,1
CUST_05192,310,1,15.05,4,Need Attention,3,1,1
CUST_05193,200,12,2734.13,6,Champions,4,4,4
CUST_05194,696,2,113.08,5,Hibernating,1,1,1
CUST_05195,572,8,755.03,1,At Risk,1,3,2
CUST_05196,555,4,861.05,1,Hibernating,1,2,3
CUST_05197,234,37,10033.41,3,Loyal Customers,3,5,5
CUST_05198,439,7,674.75,1,At Risk,2,3,2
CUST_05199,382,15,2136.84,6,Cannot Lose Them,2,4,4
CUST_05200,219,2,165.86,4,Need Attention,3,1,1
CUST_05201,234,17,1817.31,6,Loyal Customers,3,4,4
CUST_05202,404,17,2005.24,6,Cannot Lose Them,2,4,4
CUST_05203,192,16,2968.32,6,Champions,4,4,4
CUST_05204,44,13,2566.03,2,Champions,5,4,4
CUST_05205,558,10,1729.15,1,Cannot Lose Them,1,4,4
CUST_05206,28,8,1298.6399999999999,2,Potential Loyalists,5,3,3
CUST_05207,323,8,1669.8999999999999,4,Need Attention,3,3,4
CUST_05208,87,14,2245.7999999999997,2,Champions,4,4,4
CUST_05209,743,1,58.52,5,Hibernating,1,1,1
CUST_05210,399,19,5790.98,0,Cannot Lose Them,2,5,5
CUST_05211,393,10,1600.51,6,Loyal Customers,2,4,3
CUST_05212,199,1,354.34,4,New Customers,4,1,2
CUST_05213,200,2,124.75,4,New Customers,4,1,1
CUST_05214,257,6,646.15,4,Need Attention,3,2,2
CUST_05215,334,1,49.31,4,Need Attention,3,1,1
CUST_05216,576,8,1431.5,1,At Risk,1,3,3
CUST_05217,398,6,1072.8400000000001,1,Hibernating,2,2,3
CUST_05218,436,14,2698.45,6,Cannot Lose Them,2,4,4
CUST_05219,305,22,6369.67,0,Loyal Customers,3,5,5
CUST_05220,41,14,2677.58,2,Champions,5,4,4
CUST_05221,544,9,1689.49,1,Cannot Lose Them,1,3,4
CUST_05222,57,14,2897.68,2,Champions,5,4,4
CUST_05223,904,1,9.9,5,Hibernating,1,1,1
CUST_05224,640,4,532.89,5,Hibernating,1,2,2
CUST_05225,31,6,472.36,2,Potential Loyalists,5,2,2
CUST_05226,281,4,452.25,4,Need Attention,3,2,2
CUST_05227,382,8,585.95,1,At Risk,2,3,2
CUST_05228,322,2,69.64,4,Need Attention,3,1,1
CUST_05229,527,15,2989.19,6,Cannot Lose Them,2,4,4
CUST_05230,21,6,578.75,2,Potential Loyalists,5,2,2
CUST_05231,6,15,2792.95,2,Champions,5,4,4
CUST_05232,66,7,1094.91,2,Potential Loyalists,4,3,3
CUST_05233,187,16,2390.32,6,Champions,4,4,4
CUST_05234,468,6,568.75,1,Hibernating,2,2,2
CUST_05235,742,1,23.12,5,Hibernating,1,1,1
CUST_05236,598,10,1368.93,1,Loyal Customers,1,4,3
CUST_05237,722,5,467.81,5,Hibernating,1,2,2
CUST_05238,219,33,7494.9,3,Loyal Customers,3,5,5
CUST_05239,550,7,566.16,1,At Risk,1,3,2
CUST_05240,933,1,19.23,5,Hibernating,1,1,1
CUST_05241,349,18,5871.55,0,Loyal Customers,3,5,5
CUST_05242,567,14,2726.37,1,Cannot Lose Them,1,4,4
CUST_05243,636,2,28.22,5,Hibernating,1,1,1
CUST_05244,10,22,6270.32,7,Champions,5,5,5
CUST_05245,287,8,687.73,4,Need Attention,3,3,2
CUST_05246,625,2,392.03999999999996,5,Hibernating,1,1,2
CUST_05247,470,6,1147.99,1,Hibernating,2,2,3
CUST_05248,11,12,1891.73,2,Champions,5,4,4
CUST_05249,23,36,10277.2,3,Champions,5,5,5
CUST_05250,44,5,369.89,2,Potential Loyalists,5,2,2
CUST_05251,755,1,25.03,5,Hibernating,1,1,1
CUST_05252,582,1,43.51,1,Hibernating,1,1,1
CUST_05253,46,12,2115.2999999999997,2,Champions,5,4,4
CUST_05254,2,40,8633.39,3,Champions,5,5,5
CUST_05255,186,8,1289.24,2,Potential Loyalists,4,3,3
CUST_05256,632,1,32.68,5,Hibernating,1,1,1
CUST_05257,334,2,325.97,4,Need Attention,3,1,2
CUST_05258,3,18,4895.82,7,Champions,5,5,5
CUST_05259,279,16,2384.65,6,Loyal Customers,3,4,4
CUST_05260,522,8,1449.6299999999999,1,At Risk,2,3,3
CUST_05261,612,5,822.9200000000001,1,Hibernating,1,2,2
CUST_05262,137,2,139.08,4,New Customers,4,1,1
CUST_05263,130,10,1401.8899999999999,2,Loyal Customers,4,4,3
CUST_05264,22,38,11181.48,3,Champions,5,5,5
CUST_05265,527,4,872.6800000000001,1,Hibernating,2,2,3
CUST_05266,72,2,140.0,2,New Customers,4,1,1
CUST_05267,474,11,1925.41,1,Cannot Lose Them,2,4,4
CUST_05268,8,8,1060.05,2,Potential Loyalists,5,3,3
CUST_05269,233,1,55.22,4,Need Attention,3,1,1
CUST_05270,432,2,63.09,1,Hibernating,2,1,1
CUST_05271,498,1,49.27,1,Hibernating,2,1,1
CUST_05272,39,8,545.83,2,Potential Loyalists,5,3,2
CUST_05273,16,8,1018.77,2,Potential Loyalists,5,3,3
CUST_05274,16,14,1938.78,2,Champions,5,4,4
CUST_05275,593,1,172.76,1,Hibernating,1,1,1
CUST_05276,117,17,3102.08,6,Champions,4,4,4
CUST_05277,552,6,1083.3600000000001,1,Hibernating,1,2,3
CUST_05278,481,22,4102.37,0,Cannot Lose Them,2,5,5
CUST_05279,501,7,760.37,1,At Risk,2,3,2
CUST_05280,450,23,6877.99,0,Cannot Lose Them,2,5,5
CUST_05281,299,15,2657.87,6,Loyal Customers,3,4,4
CUST_05282,418,15,2781.56,6,Cannot Lose Them,2,4,4
CUST_05283,495,2,343.16999999999996,1,Hibernating,2,1,2
CUST_05284,359,29,8310.53,0,Loyal Customers,3,5,5
CUST_05285,121,16,3202.87,6,Champions,4,4,4
CUST_05286,829,1,98.0,5,Hibernating,1,1,1
CUST_05287,313,28,7838.06,0,Loyal Customers,3,5,5
CUST_05288,8,31,9875.9,3,Champions,5,5,5
CUST_05289,128,34,7793.8099999999995,3,Champions,4,5,5
CUST_05290,334,13,2015.47,6,Loyal Customers,3,4,4
CUST_05291,1,11,1005.07,2,Loyal Customers,5,4,3
CUST_05292,309,26,6270.45,0,Loyal Customers,3,5,5
CUST_05293,440,1,14.72,1,Hibernating,2,1,1
CUST_05294,79,19,6131.99,7,Champions,4,5,5
CUST_05295,479,8,922.2900000000001,1,At Risk,2,3,3
CUST_05296,353,38,11482.38,3,Loyal Customers,3,5,5
CUST_05297,136,10,1215.21,2,Loyal Customers,4,4,3
CUST_05298,539,8,816.24,1,At Risk,1,3,2
CUST_05299,28,13,1974.95,2,Champions,5,4,4
CUST_05300,239,1,50.69,4,Need Attention,3,1,1
CUST_05301,35,8,1275.63,2,Potential Loyalists,5,3,3
CUST_05302,190,10,1625.49,2,Loyal Customers,4,4,3
CUST_05303,404,6,682.52,1,Hibernating,2,2,2
CUST_05304,31,14,2630.41,2,Champions,5,4,4
CUST_05305,376,12,1698.17,6,Cannot Lose Them,2,4,4
CUST_05306,341,2,38.39,4,Need Attention,3,1,1
CUST_05307,369,10,1652.63,6,Loyal Customers,2,4,3
CUST_05308,118,2,171.15,4,New Customers,4,1,1
CUST_05309,56,12,2370.78,2,Champions,5,4,4
CUST_05310,661,4,577.62,5,Hibernating,1,2,2
CUST_05311,359,38,8557.65,3,Loyal Customers,3,5,5
CUST_05312,45,6,792.28,2,Potential Loyalists,5,2,2
CUST_05313,237,1,282.52,4,Need Attention,3,1,2
CUST_05314,386,23,5108.88,0,Cannot Lose Them,2,5,5
CUST_05315,213,38,12677.6,3,Champions,4,5,5
CUST_05316,62,8,850.51,2,Potential Loyalists,4,3,3
CUST_05317,741,2,451.18,5,Hibernating,1,1,2
CUST_05318,650,6,937.84,5,Hibernating,1,2,3
CUST_05319,223,24,5010.29,7,Loyal Customers,3,5,5
CUST_05320,829,2,139.26,5,Hibernating,1,1,1
CUST_05321,921,1,300.57,5,Hibernating,1,1,2
CUST_05322,687,24,6808.67,0,Cannot Lose Them,1,5,5
CUST_05323,552,7,612.22,1,At Risk,1,3,2
CUST_05324,528,2,465.51,1,Hibernating,2,1,2
CUST_05325,31,7,795.41,2,Potential Loyalists,5,3,2
CUST_05326,665,10,2111.66,1,Cannot Lose Them,1,4,4
CUST_05327,8,6,690.4499999999999,2,Potential Loyalists,5,2,2
CUST_05328,357,25,5994.320000000001,0,Loyal Customers,3,5,5
CUST_05329,795,1,35.03,5,Hibernating,1,1,1
CUST_05330,219,3,228.81,4,Need Attention,3,2,1
CUST_05331,398,13,1698.04,6,Cannot Lose Them,2,4,4
CUST_05332,274,16,2903.1,6,Loyal Customers,3,4,4
CUST_05333,3,5,496.53,2,Potential Loyalists,5,2,2
CUST_05334,217,14,2296.65,6,Loyal Customers,3,4,4
CUST_05335,798,1,16.47,5,Hibernating,1,1,1
CUST_05336,350,5,431.5,4,Need Attention,3,2,2
CUST_05337,693,5,865.72,5,Hibernating,1,2,3
CUST_05338,422,8,1067.82,1,At Risk,2,3,3
CUST_05339,371,3,273.44,4,Hibernating,2,2,2
CUST_05340,23,11,1559.38,2,Loyal Customers,5,4,3
CUST_05341,542,10,2241.53,1,Cannot Lose Them,1,4,4
CUST_05342,395,21,6199.63,0,Cannot Lose Them,2,5,5
CUST_05343,585,4,614.02,1,Hibernating,1,2,2
CUST_05344,56,5,504.17999999999995,2,Potential Loyalists,5,2,2
CUST_05345,215,3,231.16000000000003,4,Potential Loyalists,4,2,1
CUST_05346,7,21,6292.73,7,Champions,5,5,5
CUST_05347,169,9,1138.1499999999999,2,Potential Loyalists,4,3,3
CUST_05348,84,7,489.25,2,Potential Loyalists,4,3,2
CUST_05349,169,9,969.76,2,Potential Loyalists,4,3,3
CUST_05350,78,11,1797.72,2,Champions,4,4,4
CUST_05351,18,29,9112.91,7,Champions,5,5,5
CUST_05352,585,3,435.77,1,Hibernating,1,2,2
CUST_05353,360,6,530.69,4,Need Attention,3,2,2
CUST_05354,171,3,142.26999999999998,4,Potential Loyalists,4,2,1
CUST_05355,84,16,2340.98,2,Champions,4,4,4
CUST_05356,477,3,494.26,1,Hibernating,2,2,2
CUST_05357,395,9,832.37,1,At Risk,2,3,3
CUST_05358,647,21,6112.1,0,Cannot Lose Them,1,5,5
CUST_05359,283,12,1612.55,6,Loyal Customers,3,4,3
CUST_05360,334,14,2524.21,6,Loyal Customers,3,4,4
CUST_05361,85,9,872.16,2,Potential Loyalists,4,3,3
CUST_05362,321,17,4197.33,6,Loyal Customers,3,4,5
CUST_05363,337,17,2278.05,6,Loyal Customers,3,4,4
CUST_05364,393,1,29.06,4,Hibernating,2,1,1
CUST_05365,234,18,4746.39,6,Loyal Customers,3,5,5
CUST_05366,461,9,1442.8,1,At Risk,2,3,3
CUST_05367,96,12,2052.72,2,Champions,4,4,4
CUST_05368,133,11,1459.68,2,Loyal Customers,4,4,3
CUST_05369,14,13,1184.3600000000001,2,Loyal Customers,5,4,3
CUST_05370,247,15,2783.35,6,Loyal Customers,3,4,4
CUST_05371,362,11,1563.72,6,Loyal Customers,3,4,3
CUST_05372,224,28,5039.38,7,Loyal Customers,3,5,5
CUST_05373,112,5,1042.49,2,Potential Loyalists,4,2,3
CUST_05374,183,14,2532.31,6,Champions,4,4,4
CUST_05375,70,13,2339.45,2,Champions,4,4,4
CUST_05376,319,2,25.22,4,Need Attention,3,1,1
CUST_05377,314,4,376.4,4,Need Attention,3,2,2
CUST_05378,76,7,1041.13,2,Potential Loyalists,4,3,3
CUST_05379,139,17,2354.75,6,Champions,4,4,4
CUST_05380,534,2,35.29,1,Hibernating,1,1,1
CUST_05381,42,12,2125.42,2,Champions,5,4,4
CUST_05382,43,9,1398.79,2,Potential Loyalists,5,3,3
CUST_05383,102,8,1560.84,2,Potential Loyalists,4,3,3
CUST_05384,55,4,640.37,2,Potential Loyalists,5,2,2
CUST_05385,12,10,1492.87,2,Loyal Customers,5,4,3
CUST_05386,559,6,726.5799999999999,1,Hibernating,1,2,2
CUST_05387,562,2,47.53,1,Hibernating,1,1,1
CUST_05388,287,3,873.4100000000001,4,Need Attention,3,2,3
CUST_05389,246,5,309.13,4,Need Attention,3,2,2
CUST_05390,326,1,85.62,4,Need Attention,3,1,1
CUST_05391,517,4,524.02,1,Hibernating,2,2,2
CUST_05392,238,17,2883.17,6,Loyal Customers,3,4,4
CUST_05393,215,1,82.47,4,New Customers,4,1,1
CUST_05394,605,5,876.42,1,Hibernating,1,2,3
CUST_05395,417,7,1068.2,1,At Risk,2,3,3
CUST_05396,60,7,1622.3400000000001,2,Potential Loyalists,4,3,3
CUST_05397,374,24,7343.46,0,Cannot Lose Them,2,5,5
CUST_05398,388,6,1116.26,1,Hibernating,2,2,3
CUST_05399,18,37,11340.5,3,Champions,5,5,5
CUST_05400,408,10,1742.48,6,Cannot Lose Them,2,4,4
CUST_05401,602,5,242.42000000000002,1,Hibernating,1,2,1
CUST_05402,162,28,10529.64,3,Champions,4,5,5
CUST_05403,259,3,391.75,4,Need Attention,3,2,2
CUST_05404,634,6,1074.3999999999999,1,Hibernating,1,2,3
CUST_05405,290,10,2032.91,6,Loyal Customers,3,4,4
CUST_05406,38,8,1101.74,2,Potential Loyalists,5,3,3
CUST_05407,250,6,475.71,4,Need Attention,3,2,2
CUST_05408,3,23,7159.5,7,Champions,5,5,5
CUST_05409,112,20,3787.12,7,Champions,4,5,4
CUST_05410,355,1,9.45,4,Need Attention,3,1,1
CUST_05411,4,8,1047.39,2,Potential Loyalists,5,3,3
CUST_05412,261,17,2568.62,6,Loyal Customers,3,4,4
CUST_05413,225,3,472.26,4,Need Attention,3,2,2
CUST_05414,284,6,806.99,4,Need Attention,3,2,2
CUST_05415,14,5,467.24,2,Potential Loyalists,5,2,2
CUST_05416,276,9,1530.55,4,Need Attention,3,3,3
CUST_05417,43,5,766.92,2,Potential Loyalists,5,2,2
CUST_05418,322,1,38.87,4,Need Attention,3,1,1
CUST_05419,31,4,588.3299999999999,2,Potential Loyalists,5,2,2
CUST_05420,390,3,598.4300000000001,4,Hibernating,2,2,2
CUST_05421,227,41,12706.47,3,Loyal Customers,3,5,5
CUST_05422,323,1,19.18,4,Need Attention,3,1,1
CUST_05423,853,3,285.73,5,Hibernating,1,2,2
CUST_05424,332,2,35.36,4,Need Attention,3,1,1
CUST_05425,12,33,8261.869999999999,3,Champions,5,5,5
CUST_05426,35,30,6798.16,7,Champions,5,5,5
CUST_05427,376,14,3737.89,6,Cannot Lose Them,2,4,4
CUST_05428,650,9,1431.84,1,At Risk,1,3,3
CUST_05429,372,1,65.5,4,Hibernating,2,1,1
CUST_05430,89,11,1850.88,2,Champions,4,4,4
CUST_05431,572,12,2331.74,1,Cannot Lose Them,1,4,4
CUST_05432,367,41,12425.27,3,Cannot Lose Them,2,5,5
CUST_05433,13,10,1478.95,2,Loyal Customers,5,4,3
CUST_05434,831,1,15.83,5,Hibernating,1,1,1
CUST_05435,477,1,57.89,1,Hibernating,2,1,1
CUST_05436,594,4,443.51,1,Hibernating,1,2,2
CUST_05437,142,11,2549.9,2,Champions,4,4,4
CUST_05438,11,25,5851.43,7,Champions,5,5,5
CUST_05439,704,1,239.43,5,Hibernating,1,1,1
CUST_05440,146,18,2299.38,6,Champions,4,5,4
CUST_05441,20,7,669.53,2,Potential Loyalists,5,3,2
CUST_05442,75,9,1025.4099999999999,2,Potential Loyalists,4,3,3
CUST_05443,282,17,2652.47,6,Loyal Customers,3,4,4
CUST_05444,171,8,693.8000000000001,2,Potential Loyalists,4,3,2
CUST_05445,550,1,8.75,1,Hibernating,1,1,1
CUST_05446,249,6,687.17,4,Need Attention,3,2,2
CUST_05447,545,11,1730.35,1,Cannot Lose Them,1,4,4
CUST_05448,569,1,49.45,1,Hibernating,1,1,1
CUST_05449,637,2,117.94000000000001,5,Hibernating,1,1,1
CUST_05450,186,7,873.93,4,Potential Loyalists,4,3,3
CUST_05451,13,6,472.45,2,Potential Loyalists,5,2,2
CUST_05452,162,16,2316.56,6,Champions,4,4,4
CUST_05453,20,11,1472.8,2,Loyal Customers,5,4,3
CUST_05454,6,14,2496.89,2,Champions,5,4,4
CUST_05455,345,39,8090.12,3,Loyal Customers,3,5,5
CUST_05456,123,4,427.88,4,Potential Loyalists,4,2,2
CUST_05457,211,3,82.55,4,Potential Loyalists,4,2,1
CUST_05458,95,11,2081.69,2,Champions,4,4,4
CUST_05459,359,8,1255.18,4,Need Attention,3,3,3
CUST_05460,618,2,445.78999999999996,5,Hibernating,1,1,2
CUST_05461,309,15,2658.78,6,Loyal Customers,3,4,4
CUST_05462,372,7,697.75,4,At Risk,2,3,2
CUST_05463,417,2,65.98,1,Hibernating,2,1,1
CUST_05464,49,6,1729.38,2,Potential Loyalists,5,2,4
CUST_05465,244,15,2630.15,6,Loyal Customers,3,4,4
CUST_05466,62,30,7876.61,7,Champions,4,5,5
CUST_05467,26,4,359.52,2,Potential Loyalists,5,2,2
CUST_05468,370,14,2530.77,6,Cannot Lose Them,2,4,4
CUST_05469,668,4,260.09000000000003,5,Hibernating,1,2,1
CUST_05470,161,17,2977.0,6,Champions,4,4,4
CUST_05471,383,7,956.7,1,At Risk,2,3,3
CUST_05472,159,2,154.85999999999999,4,New Customers,4,1,1
CUST_05473,231,12,2374.63,6,Loyal Customers,3,4,4
CUST_05474,323,7,924.55,4,Need Attention,3,3,3
CUST_05475,464,9,1844.64,1,Cannot Lose Them,2,3,4
CUST_05476,328,28,7169.65,0,Loyal Customers,3,5,5
CUST_05477,65,2,239.81,2,New Customers,4,1,1
CUST_05478,129,8,1429.84,2,Potential Loyalists,4,3,3
CUST_05479,738,1,29.72,5,Hibernating,1,1,1
CUST_05480,14,11,1516.3,2,Loyal Customers,5,4,3
CUST_05481,655,1,167.54,5,Hibernating,1,1,1
CUST_05482,456,32,9753.119999999999,0,Cannot Lose Them,2,5,5
CUST_05483,563,6,714.1800000000001,1,Hibernating,1,2,2
CUST_05484,19,14,1793.3899999999999,2,Champions,5,4,4
CUST_05485,266,17,1853.33,6,Loyal Customers,3,4,4
CUST_05486,187,9,1340.58,2,Potential Loyalists,4,3,3
CUST_05487,322,5,504.17,4,Need Attention,3,2,2
CUST_05488,2,37,11110.94,3,Champions,5,5,5
CUST_05489,884,3,460.24,5,Hibernating,1,2,2
CUST_05490,8,19,4773.25,7,Champions,5,5,5
CUST_05491,22,13,3259.63,2,Champions,5,4,4
CUST_05492,2,9,1147.35,2,Potential Loyalists,5,3,3
CUST_05493,722,5,821.62,5,Hibernating,1,2,2
CUST_05494,29,5,474.46000000000004,2,Potential Loyalists,5,2,2
CUST_05495,48,41,8537.73,3,Champions,5,5,5
CUST_05496,358,6,738.66,4,Need Attention,3,2,2
CUST_05497,727,1,84.43,5,Hibernating,1,1,1
CUST_05498,805,3,265.06,5,Hibernating,1,2,1
CUST_05499,380,1,75.79,4,Hibernating,2,1,1
CUST_05500,480,10,866.5,1,Loyal Customers,2,4,3
CUST_05501,394,3,485.03,4,Hibernating,2,2,2
CUST_05502,257,2,123.57,4,Need Attention,3,1,1
CUST_05503,490,34,9720.6,0,Cannot Lose Them,2,5,5
CUST_05504,22,21,6083.13,7,Champions,5,5,5
CUST_05505,278,10,2050.7,6,Loyal Customers,3,4,4
CUST_05506,44,5,608.56,2,Potential Loyalists,5,2,2
CUST_05507,481,12,1557.28,1,Loyal Customers,2,4,3
CUST_05508,535,11,2191.82,1,Cannot Lose Them,1,4,4
CUST_05509,6,25,5607.57,7,Champions,5,5,5
CUST_05510,18,29,8608.07,7,Champions,5,5,5
CUST_05511,161,18,2931.19,6,Champions,4,5,4
CUST_05512,803,1,10.44,5,Hibernating,1,1,1
CUST_05513,541,5,238.39,1,Hibernating,1,2,1
CUST_05514,41,9,1512.77,2,Potential Loyalists,5,3,3
CUST_05515,389,1,193.86,4,Hibernating,2,1,1
CUST_05516,537,11,1726.6,1,Cannot Lose Them,1,4,4
CUST_05517,334,11,1959.98,6,Loyal Customers,3,4,4
CUST_05518,453,37,10295.44,3,Cannot Lose Them,2,5,5
CUST_05519,721,10,696.37,5,Loyal Customers,1,4,2
CUST_05520,233,10,1603.45,6,Loyal Customers,3,4,3
CUST_05521,67,6,977.5200000000001,2,Potential Loyalists,4,2,3
CUST_05522,30,17,2836.87,2,Champions,5,4,4
CUST_05523,368,2,60.31999999999999,4,Hibernating,2,1,1
CUST_05524,4,31,7687.78,7,Champions,5,5,5
CUST_05525,14,12,1853.6000000000001,2,Champions,5,4,4
CUST_05526,380,14,1576.59,6,Loyal Customers,2,4,3
CUST_05527,60,10,1205.22,2,Loyal Customers,4,4,3
CUST_05528,225,18,3605.33,6,Loyal Customers,3,5,4
CUST_05529,241,7,644.0799999999999,4,Need Attention,3,3,2
CUST_05530,572,11,1600.54,1,Loyal Customers,1,4,3
CUST_05531,284,18,2624.26,6,Loyal Customers,3,5,4
CUST_05532,681,4,799.43,5,Hibernating,1,2,2
CUST_05533,18,19,5513.17,7,Champions,5,5,5
CUST_05534,374,8,663.0699999999999,4,At Risk,2,3,2
CUST_05535,35,33,11445.81,3,Champions,5,5,5
CUST_05536,8,10,1775.17,2,Champions,5,4,4
CUST_05537,191,2,162.14,4,New Customers,4,1,1
CUST_05538,361,12,2432.07,6,Loyal Customers,3,4,4
CUST_05539,190,2,105.0,4,New Customers,4,1,1
CUST_05540,51,7,484.63,2,Potential Loyalists,5,3,2
CUST_05541,258,8,795.21,4,Need Attention,3,3,2
CUST_05542,25,15,2046.33,2,Champions,5,4,4
CUST_05543,266,29,8239.01,3,Loyal Customers,3,5,5
CUST_05544,120,6,579.77,2,Potential Loyalists,4,2,2
CUST_05545,24,9,1082.19,2,Potential Loyalists,5,3,3
CUST_05546,318,10,1220.46,6,Loyal Customers,3,4,3
CUST_05547,141,13,3031.95,6,Champions,4,4,4
CUST_05548,75,11,2870.82,2,Champions,4,4,4
CUST_05549,631,1,28.48,5,Hibernating,1,1,1
CUST_05550,228,1,23.56,4,Need Attention,3,1,1
CUST_05551,455,5,371.40000000000003,1,Hibernating,2,2,2
CUST_05552,9,8,724.35,2,Potential Loyalists,5,3,2
CUST_05553,10,24,5811.4400000000005,7,Champions,5,5,5
CUST_05554,447,1,43.62,1,Hibernating,2,1,1
CUST_05555,248,11,1995.5100000000002,6,Loyal Customers,3,4,4
CUST_05556,396,10,2504.77,6,Cannot Lose Them,2,4,4
CUST_05557,204,16,2049.78,6,Champions,4,4,4
CUST_05558,291,34,9045.96,3,Loyal Customers,3,5,5
CUST_05559,395,9,1912.79,1,Cannot Lose Them,2,3,4
CUST_05560,38,9,894.36,2,Potential Loyalists,5,3,3
CUST_05561,336,21,6992.39,0,Loyal Customers,3,5,5
CUST_05562,303,33,10415.7,3,Loyal Customers,3,5,5
CUST_05563,313,4,794.93,4,Need Attention,3,2,2
CUST_05564,491,11,2013.72,1,Cannot Lose Them,2,4,4
CUST_05565,270,9,1197.85,4,Need Attention,3,3,3
CUST_05566,411,4,669.8000000000001,1,Hibernating,2,2,2
CUST_05567,855,3,565.19,5,Hibernating,1,2,2
CUST_05568,401,20,5590.77,0,Cannot Lose Them,2,5,5
CUST_05569,720,4,300.62,5,Hibernating,1,2,2
CUST_05570,497,9,1502.82,1,At Risk,2,3,3
CUST_05571,429,29,8258.95,0,Cannot Lose Them,2,5,5
CUST_05572,393,2,97.67,4,Hibernating,2,1,1
CUST_05573,13,24,6139.51,7,Champions,5,5,5
CUST_05574,11,7,1010.03,2,Potential Loyalists,5,3,3
CUST_05575,756,4,469.74,5,Hibernating,1,2,2
CUST_05576,424,6,989.62,1,Hibernating,2,2,3
CUST_05577,275,3,341.82,4,Need Attention,3,2,2
CUST_05578,162,2,172.49,4,New Customers,4,1,1
CUST_05579,157,16,2104.5699999999997,6,Champions,4,4,4
CUST_05580,453,1,19.99,1,Hibernating,2,1,1
CUST_05581,120,31,6362.28,7,Champions,4,5,5
CUST_05582,510,11,1883.27,1,Cannot Lose Them,2,4,4
CUST_05583,277,32,9205.6,3,Loyal Customers,3,5,5
CUST_05584,103,41,12255.52,3,Champions,4,5,5
CUST_05585,325,16,2695.0699999999997,6,Loyal Customers,3,4,4
CUST_05586,363,2,347.04,4,Need Attention,3,1,2
CUST_05587,355,1,62.55,4,Need Attention,3,1,1
CUST_05588,397,21,8267.15,0,Cannot Lose Them,2,5,5
CUST_05589,203,29,9282.91,3,Champions,4,5,5
CUST_05590,452,16,2398.84,6,Cannot Lose Them,2,4,4
CUST_05591,677,2,54.25,5,Hibernating,1,1,1
CUST_05592,268,6,1513.8,4,Need Attention,3,2,3
CUST_05593,93,11,2035.72,2,Champions,4,4,4
CUST_05594,562,1,48.03,1,Hibernating,1,1,1
CUST_05595,50,8,1838.4299999999998,2,Potential Loyalists,5,3,4
CUST_05596,24,9,1998.5900000000001,2,Potential Loyalists,5,3,4
CUST_05597,511,9,1533.12,1,At Risk,2,3,3
CUST_05598,325,2,283.5,4,Need Attention,3,1,2
CUST_05599,322,15,3377.0699999999997,6,Loyal Customers,3,4,4
CUST_05600,315,11,2088.55,6,Loyal Customers,3,4,4
CUST_05601,310,2,177.37,4,Need Attention,3,1,1
CUST_05602,265,1,34.05,4,Need Attention,3,1,1
CUST_05603,536,22,7090.610000000001,0,Cannot Lose Them,1,5,5
CUST_05604,6,28,7280.72,7,Champions,5,5,5
CUST_05605,536,2,111.84,1,Hibernating,1,1,1
CUST_05606,37,34,10002.15,3,Champions,5,5,5
CUST_05607,14,25,6403.0,7,Champions,5,5,5
CUST_05608,528,2,156.42000000000002,1,Hibernating,2,1,1
CUST_05609,559,13,1683.29,1,Cannot Lose Them,1,4,4
CUST_05610,279,4,258.92999999999995,4,Need Attention,3,2,1
CUST_05611,423,2,50.17,1,Hibernating,2,1,1
CUST_05612,422,33,9600.710000000001,3,Cannot Lose Them,2,5,5
CUST_05613,689,4,598.98,5,Hibernating,1,2,2
CUST_05614,164,2,113.25,4,New Customers,4,1,1
CUST_05615,516,2,54.83,1,Hibernating,2,1,1
CUST_05616,305,15,3064.94,6,Loyal Customers,3,4,4
CUST_05617,540,8,1164.44,1,At Risk,1,3,3
CUST_05618,314,7,517.45,4,Need Attention,3,3,2
CUST_05619,43,18,2475.84,2,Champions,5,5,4
CUST_05620,42,16,1889.11,2,Champions,5,4,4
CUST_05621,1,8,1074.8600000000001,2,Potential Loyalists,5,3,3
CUST_05622,130,10,1997.1000000000001,2,Champions,4,4,4
CUST_05623,376,19,5995.12,0,Cannot Lose Them,2,5,5
CUST_05624,405,14,2606.29,6,Cannot Lose Them,2,4,4
CUST_05625,9,26,7590.25,7,Champions,5,5,5
CUST_05626,784,1,133.49,5,Hibernating,1,1,1
CUST_05627,351,3,129.32,4,Need Attention,3,2,1
CUST_05628,13,10,1704.82,2,Champions,5,4,4
CUST_05629,242,4,768.54,4,Need Attention,3,2,2
CUST_05630,14,21,5853.6,7,Champions,5,5,5
CUST_05631,613,18,5236.34,0,Cannot Lose Them,1,5,5
CUST_05632,99,9,953.58,2,Potential Loyalists,4,3,3
CUST_05633,795,1,35.96,5,Hibernating,1,1,1
CUST_05634,199,6,912.4,4,Potential Loyalists,4,2,3
CUST_05635,399,33,10638.12,3,Cannot Lose Them,2,5,5
CUST_05636,19,23,4811.99,7,Champions,5,5,5
CUST_05637,6,8,1502.5900000000001,2,Potential Loyalists,5,3,3
CUST_05638,88,6,940.03,2,Potential Loyalists,4,2,3
CUST_05639,124,12,1436.11,2,Loyal Customers,4,4,3
CUST_05640,554,2,232.99,1,Hibernating,1,1,1
CUST_05641,711,2,475.03999999999996,5,Hibernating,1,1,2
CUST_05642,376,20,4822.66,0,Cannot Lose Them,2,5,5
CUST_05643,87,3,355.03,2,Potential Loyalists,4,2,2
CUST_05644,100,12,1375.13,2,Loyal Customers,4,4,3
CUST_05645,55,14,2479.87,2,Champions,5,4,4
CUST_05646,396,9,1032.02,1,At Risk,2,3,3
CUST_05647,324,2,110.16,4,Need Attention,3,1,1
CUST_05648,436,16,2224.09,6,Cannot Lose Them,2,4,4
CUST_05649,19,17,3997.33,7,Champions,5,4,5
CUST_05650,23,14,2003.3700000000001,2,Champions,5,4,4
CUST_05651,547,5,837.79,1,Hibernating,1,2,3
CUST_05652,354,7,1356.33,4,Need Attention,3,3,3
CUST_05653,272,3,587.0799999999999,4,Need Attention,3,2,2
CUST_05654,556,1,91.72,1,Hibernating,1,1,1
CUST_05655,201,3,188.56,4,Potential Loyalists,4,2,1
CUST_05656,491,25,6122.66,0,Cannot Lose Them,2,5,5
CUST_05657,450,2,326.82,1,Hibernating,2,1,2
CUST_05658,300,22,7145.97,0,Loyal Customers,3,5,5
CUST_05659,381,1,22.66,4,Hibernating,2,1,1
CUST_05660,240,8,721.8199999999999,4,Need Attention,3,3,2
CUST_05661,35,8,1807.72,2,Potential Loyalists,5,3,4
CUST_05662,421,4,436.9,1,Hibernating,2,2,2
CUST_05663,242,25,7732.95,7,Loyal Customers,3,5,5
CUST_05664,142,6,1135.3200000000002,2,Potential Loyalists,4,2,3
CUST_05665,166,12,2096.23,2,Champions,4,4,4
CUST_05666,224,1,48.51,4,Need Attention,3,1,1
CUST_05667,205,38,12633.46,3,Champions,4,5,5
CUST_05668,386,2,75.75,4,Hibernating,2,1,1
CUST_05669,2,31,10011.78,3,Champions,5,5,5
CUST_05670,59,10,1901.3,2,Champions,4,4,4
CUST_05671,19,34,8738.92,3,Champions,5,5,5
CUST_05672,556,5,486.07,1,Hibernating,1,2,2
CUST_05673,4,26,7190.1,7,Champions,5,5,5
CUST_05674,529,13,1998.1200000000001,1,Cannot Lose Them,2,4,4
CUST_05675,610,7,668.5,1,At Risk,1,3,2
CUST_05676,339,7,531.71,4,Need Attention,3,3,2
CUST_05677,225,7,629.66,4,Need Attention,3,3,2
CUST_05678,33,7,1202.6799999999998,2,Potential Loyalists,5,3,3
CUST_05679,132,26,6245.62,7,Champions,4,5,5
CUST_05680,454,33,8556.68,0,Cannot Lose Them,2,5,5
CUST_05681,182,12,2229.03,6,Champions,4,4,4
CUST_05682,440,22,5525.3,0,Cannot Lose Them,2,5,5
CUST_05683,265,4,1149.25,4,Need Attention,3,2,3
CUST_05684,167,9,894.96,2,Potential Loyalists,4,3,3
CUST_05685,8,23,5204.04,7,Champions,5,5,5
CUST_05686,38,18,3311.06,2,Champions,5,5,4
CUST_05687,16,9,1027.54,2,Potential Loyalists,5,3,3
CUST_05688,47,9,1828.51,2,Potential Loyalists,5,3,4
CUST_05689,434,9,1582.1,1,At Risk,2,3,3
CUST_05690,212,5,840.2,4,Potential Loyalists,4,2,3
CUST_05691,515,2,100.98,1,Hibernating,2,1,1
CUST_05692,186,6,616.14,4,Potential Loyalists,4,2,2
CUST_05693,473,5,314.89,1,Hibernating,2,2,2
CUST_05694,153,16,3039.26,6,Champions,4,4,4
CUST_05695,771,3,718.8100000000001,5,Hibernating,1,2,2
CUST_05696,206,9,1349.1100000000001,2,Potential Loyalists,4,3,3
CUST_05697,87,8,589.11,2,Potential Loyalists,4,3,2
CUST_05698,9,32,11098.14,3,Champions,5,5,5
CUST_05699,227,6,836.3299999999999,4,Need Attention,3,2,3
CUST_05700,373,13,2595.2,6,Cannot Lose Them,2,4,4
CUST_05701,592,26,5544.63,0,Cannot Lose Them,1,5,5
CUST_05702,56,9,1358.9299999999998,2,Potential Loyalists,5,3,3
CUST_05703,222,17,3829.68,6,Loyal Customers,3,4,4
CUST_05704,278,4,198.36,4,Need Attention,3,2,1
CUST_05705,858,3,229.79999999999998,5,Hibernating,1,2,1
CUST_05706,60,5,662.04,2,Potential Loyalists,4,2,2
CUST_05707,370,10,1656.12,6,Cannot Lose Them,2,4,4
CUST_05708,19,8,1439.98,2,Potential Loyalists,5,3,3
CUST_05709,409,38,10665.03,3,Cannot Lose Them,2,5,5
CUST_05710,207,38,9462.48,3,Champions,4,5,5
CUST_05711,358,6,530.88,4,Need Attention,3,2,2
CUST_05712,339,2,98.25,4,Need Attention,3,1,1
CUST_05713,663,20,4061.95,0,Cannot Lose Them,1,5,5
CUST_05714,348,31,11000.27,3,Loyal Customers,3,5,5
CUST_05715,345,6,798.61,4,Need Attention,3,2,2
CUST_05716,10,6,959.16,2,Potential Loyalists,5,2,3
CUST_05717,14,34,9463.28,3,Champions,5,5,5
CUST_05718,10,14,2041.18,2,Champions,5,4,4
CUST_05719,24,5,617.9,2,Potential Loyalists,5,2,2
CUST_05720,473,2,259.96000000000004,1,Hibernating,2,1,1
CUST_05721,369,8,1938.67,6,Cannot Lose Them,2,3,4
CUST_05722,217,1,90.28,4,Need Attention,3,1,1
CUST_05723,359,37,8555.08,3,Loyal Customers,3,5,5
CUST_05724,879,3,326.39,5,Hibernating,1,2,2
CUST_05725,346,5,265.7,4,Need Attention,3,2,1
CUST_05726,300,18,3179.58,6,Loyal Customers,3,5,4
CUST_05727,407,18,1813.44,6,Cannot Lose Them,2,5,4
CUST_05728,241,8,599.25,4,Need Attention,3,3,2
CUST_05729,478,30,7561.99,0,Cannot Lose Them,2,5,5
CUST_05730,325,15,2739.09,6,Loyal Customers,3,4,4
CUST_05731,218,8,991.28,4,Need Attention,3,3,3
CUST_05732,133,30,9108.84,3,Champions,4,5,5
CUST_05733,493,23,4914.84,0,Cannot Lose Them,2,5,5
CUST_05734,458,2,287.02,1,Hibernating,2,1,2
CUST_05735,728,2,34.32,5,Hibernating,1,1,1
CUST_05736,474,1,74.36,1,Hibernating,2,1,1
CUST_05737,33,18,5416.07,7,Champions,5,5,5
CUST_05738,508,7,439.72,1,At Risk,2,3,2
CUST_05739,575,4,203.6,1,Hibernating,1,2,1
CUST_05740,726,4,299.85,5,Hibernating,1,2,2
CUST_05741,124,13,3038.1,2,Champions,4,4,4
CUST_05742,15,6,889.08,2,Potential Loyalists,5,2,3
CUST_05743,787,2,195.11,5,Hibernating,1,1,1
CUST_05744,602,27,9238.630000000001,0,Cannot Lose Them,1,5,5
CUST_05745,436,19,4910.66,0,Cannot Lose Them,2,5,5
CUST_05746,312,10,1491.73,6,Loyal Customers,3,4,3
CUST_05747,396,6,332.61,1,Hibernating,2,2,2
CUST_05748,383,4,552.2,4,Hibernating,2,2,2
CUST_05749,30,8,1441.29,2,Potential Loyalists,5,3,3
CUST_05750,148,7,741.05,2,Potential Loyalists,4,3,2
CUST_05751,79,8,1012.83,2,Potential Loyalists,4,3,3
CUST_05752,576,5,914.51,1,Hibernating,1,2,3
CUST_05753,13,22,5971.5599999999995,7,Champions,5,5,5
CUST_05754,661,2,217.3,5,Hibernating,1,1,1
CUST_05755,552,10,1158.22,1,Loyal Customers,1,4,3
CUST_05756,218,5,496.79,4,Need Attention,3,2,2
CUST_05757,216,2,84.87,4,New Customers,4,1,1
CUST_05758,278,13,2119.3199999999997,6,Loyal Customers,3,4,4
CUST_05759,4,9,1508.22,2,Potential Loyalists,5,3,3
CUST_05760,62,8,684.9,2,Potential Loyalists,4,3,2
CUST_05761,21,26,7502.3,7,Champions,5,5,5
CUST_05762,432,14,2296.08,6,Cannot Lose Them,2,4,4
CUST_05763,345,19,6138.21,0,Loyal Customers,3,5,5
CUST_05764,288,42,10337.58,3,Loyal Customers,3,5,5
CUST_05765,143,16,2586.0,6,Champions,4,4,4
CUST_05766,328,27,6894.71,0,Loyal Customers,3,5,5
CUST_05767,920,1,25.82,5,Hibernating,1,1,1
CUST_05768,23,17,4696.96,7,Champions,5,4,5
CUST_05769,81,28,7631.99,7,Champions,4,5,5
CUST_05770,102,9,979.4300000000001,2,Potential Loyalists,4,3,3
CUST_05771,765,2,368.8,5,Hibernating,1,1,2
CUST_05772,149,11,1199.42,2,Loyal Customers,4,4,3
CUST_05773,294,8,792.52,4,Need Attention,3,3,2
CUST_05774,420,1,305.84,1,Hibernating,2,1,2
CUST_05775,571,28,9238.26,0,Cannot Lose Them,1,5,5
CUST_05776,199,14,2690.96,6,Champions,4,4,4
CUST_05777,473,28,7780.33,0,Cannot Lose Them,2,5,5
CUST_05778,364,16,2944.97,6,Loyal Customers,3,4,4
CUST_05779,25,12,2417.5299999999997,2,Champions,5,4,4
CUST_05780,6,21,5222.16,7,Champions,5,5,5
CUST_05781,521,3,164.6,1,Hibernating,2,2,1
CUST_05782,387,5,630.06,1,Hibernating,2,2,2
CUST_05783,454,6,701.73,1,Hibernating,2,2,2
CUST_05784,632,7,438.12,1,At Risk,1,3,2
CUST_05785,835,2,273.31,5,Hibernating,1,1,2
CUST_05786,502,1,40.93,1,Hibernating,2,1,1
CUST_05787,16,8,1318.93,2,Potential Loyalists,5,3,3
CUST_05788,123,10,2022.45,2,Champions,4,4,4
CUST_05789,144,9,1704.53,2,Potential Loyalists,4,3,4
CUST_05790,201,2,343.65,4,New Customers,4,1,2
CUST_05791,219,8,836.9100000000001,4,Need Attention,3,3,3
CUST_05792,17,9,1314.04,2,Potential Loyalists,5,3,3
CUST_05793,25,8,947.76,2,Potential Loyalists,5,3,3
CUST_05794,840,1,89.29,5,Hibernating,1,1,1
CUST_05795,2,5,390.19,2,Potential Loyalists,5,2,2
CUST_05796,143,11,1497.42,2,Loyal Customers,4,4,3
CUST_05797,145,14,2765.5,6,Champions,4,4,4
CUST_05798,4,4,400.86,2,Potential Loyalists,5,2,2
CUST_05799,448,8,1454.58,1,At Risk,2,3,3
CUST_05800,955,1,15.69,5,Hibernating,1,1,1
CUST_05801,346,37,11094.17,3,Loyal Customers,3,5,5
CUST_05802,235,19,5762.27,7,Loyal Customers,3,5,5
CUST_05803,773,4,501.08,5,Hibernating,1,2,2
CUST_05804,43,21,5384.59,7,Champions,5,5,5
CUST_05805,420,8,1100.25,1,At Risk,2,3,3
CUST_05806,534,18,5595.39,0,Cannot Lose Them,1,5,5
CUST_05807,352,2,101.74,4,Need Attention,3,1,1
CUST_05808,113,6,892.88,2,Potential Loyalists,4,2,3
CUST_05809,5,13,2160.02,2,Champions,5,4,4
CUST_05810,453,23,7191.08,0,Cannot Lose Them,2,5,5
CUST_05811,686,10,2353.13,1,Cannot Lose Them,1,4,4
CUST_05812,101,16,1455.55,2,Loyal Customers,4,4,3
CUST_05813,511,14,2542.52,6,Cannot Lose Them,2,4,4
CUST_05814,7,31,7591.78,7,Champions,5,5,5
CUST_05815,15,18,5992.54,7,Champions,5,5,5
CUST_05816,670,6,833.46,5,Hibernating,1,2,3
CUST_05817,345,11,2570.53,6,Loyal Customers,3,4,4
CUST_05818,245,1,164.75,4,Need Attention,3,1,1
CUST_05819,71,19,3688.5499999999997,7,Champions,4,5,4
CUST_05820,568,3,490.8,1,Hibernating,1,2,2
CUST_05821,313,3,200.4,4,Need Attention,3,2,1
CUST_05822,391,15,2586.44,6,Cannot Lose Them,2,4,4
CUST_05823,16,4,376.27,2,Potential Loyalists,5,2,2
CUST_05824,272,1,22.56,4,Need Attention,3,1,1
CUST_05825,496,8,1461.04,1,At Risk,2,3,3
CUST_05826,375,2,356.89,4,Hibernating,2,1,2
CUST_05827,290,2,274.31,4,Need Attention,3,1,2
CUST_05828,266,2,154.57,4,Need Attention,3,1,1
CUST_05829,591,11,1804.45,1,Cannot Lose Them,1,4,4
CUST_05830,524,2,246.32999999999998,1,Hibernating,2,1,1
CUST_05831,201,18,4867.37,6,Champions,4,5,5
CUST_05832,182,8,809.32,4,Potential Loyalists,4,3,2
CUST_05833,21,14,2608.61,2,Champions,5,4,4
CUST_05834,34,6,1678.57,2,Potential Loyalists,5,2,4
CUST_05835,135,8,1626.6399999999999,2,Potential Loyalists,4,3,3
CUST_05836,36,30,8646.99,7,Champions,5,5,5
CUST_05837,512,3,320.1,1,Hibernating,2,2,2
CUST_05838,440,13,3038.88,6,Cannot Lose Them,2,4,4
CUST_05839,16,9,778.4,2,Potential Loyalists,5,3,2
CUST_05840,7,12,1834.72,2,Champions,5,4,4
CUST_05841,420,25,6022.42,0,Cannot Lose Them,2,5,5
CUST_05842,268,11,1760.9,6,Loyal Customers,3,4,4
CUST_05843,425,1,81.75,1,Hibernating,2,1,1
CUST_05844,153,17,2785.24,6,Champions,4,4,4
CUST_05845,542,6,720.99,1,Hibernating,1,2,2
CUST_05846,510,2,74.50999999999999,1,Hibernating,2,1,1
CUST_05847,611,26,8301.42,0,Cannot Lose Them,1,5,5
CUST_05848,660,2,233.8,5,Hibernating,1,1,1
CUST_05849,4,30,6585.75,7,Champions,5,5,5
CUST_05850,375,5,1065.72,4,Hibernating,2,2,3
CUST_05851,448,12,998.71,1,Loyal Customers,2,4,3
CUST_05852,1,8,937.93,2,Potential Loyalists,5,3,3
CUST_05853,62,5,287.25,2,Potential Loyalists,4,2,2
CUST_05854,490,1,173.38,1,Hibernating,2,1,1
CUST_05855,135,9,1816.44,2,Potential Loyalists,4,3,4
CUST_05856,66,7,1334.93,2,Potential Loyalists,4,3,3
CUST_05857,16,35,12345.38,3,Champions,5,5,5
CUST_05858,453,1,12.3,1,Hibernating,2,1,1
CUST_05859,164,6,608.25,4,Potential Loyalists,4,2,2
CUST_05860,820,1,153.87,5,Hibernating,1,1,1
CUST_05861,98,17,2192.91,2,Champions,4,4,4
CUST_05862,637,1,9.24,5,Hibernating,1,1,1
CUST_05863,4,9,937.78,2,Potential Loyalists,5,3,3
CUST_05864,78,27,6345.24,7,Champions,4,5,5
CUST_05865,146,21,4155.46,7,Champions,4,5,5
CUST_05866,389,20,4543.84,6,Cannot Lose Them,2,5,5
CUST_05867,281,9,659.14,4,Need Attention,3,3,2
CUST_05868,220,7,728.97,4,Need Attention,3,3,2
CUST_05869,392,37,10681.82,3,Cannot Lose Them,2,5,5
CUST_05870,3,11,2296.5,2,Champions,5,4,4
CUST_05871,103,18,3656.1,6,Champions,4,5,4
CUST_05872,699,6,846.1,5,Hibernating,1,2,3
CUST_05873,308,3,522.82,4,Need Attention,3,2,2
CUST_05874,187,5,359.21000000000004,4,Potential Loyalists,4,2,2
CUST_05875,760,5,343.29,5,Hibernating,1,2,2
CUST_05876,88,17,3108.8,6,Champions,4,4,4
CUST_05877,486,5,846.3399999999999,1,Hibernating,2,2,3
CUST_05878,327,6,925.15,4,Need Attention,3,2,3
CUST_05879,361,8,1383.85,4,Need Attention,3,3,3
CUST_05880,844,1,12.93,5,Hibernating,1,1,1
CUST_05881,530,11,1851.5700000000002,1,Cannot Lose Them,2,4,4
CUST_05882,222,18,4448.41,6,Loyal Customers,3,5,5
CUST_05883,536,3,229.51999999999998,1,Hibernating,1,2,1
CUST_05884,527,1,27.72,1,Hibernating,2,1,1
CUST_05885,700,4,392.49,5,Hibernating,1,2,2
CUST_05886,427,8,1226.88,1,At Risk,2,3,3
CUST_05887,741,1,42.6,5,Hibernating,1,1,1
CUST_05888,218,16,3502.16,6,Loyal Customers,3,4,4
CUST_05889,132,16,2233.46,6,Champions,4,4,4
CUST_05890,819,1,42.1,5,Hibernating,1,1,1
CUST_05891,150,3,289.22,4,Potential Loyalists,4,2,2
CUST_05892,20,9,1451.73,2,Potential Loyalists,5,3,3
CUST_05893,293,29,7821.89,0,Loyal Customers,3,5,5
CUST_05894,466,9,1308.65,1,At Risk,2,3,3
CUST_05895,272,7,945.1,4,Need Attention,3,3,3
CUST_05896,180,12,2374.2200000000003,6,Champions,4,4,4
CUST_05897,158,30,7380.49,7,Champions,4,5,5
CUST_05898,18,14,2586.9,2,Champions,5,4,4
CUST_05899,462,32,8067.56,0,Cannot Lose Them,2,5,5
CUST_05900,23,10,1279.99,2,Loyal Customers,5,4,3
CUST_05901,241,1,34.98,4,Need Attention,3,1,1
CUST_05902,40,12,1002.25,2,Loyal Customers,5,4,3
CUST_05903,457,6,862.47,1,Hibernating,2,2,3
CUST_05904,668,2,92.22,5,Hibernating,1,1,1
CUST_05905,688,2,97.82000000000001,5,Hibernating,1,1,1
CUST_05906,41,10,1690.17,2,Champions,5,4,4
CUST_05907,108,8,1243.69,2,Potential Loyalists,4,3,3
CUST_05908,49,4,491.67,2,Potential Loyalists,5,2,2
CUST_05909,318,10,2545.29,6,Loyal Customers,3,4,4
CUST_05910,483,14,2810.24,6,Cannot Lose Them,2,4,4
CUST_05911,73,4,601.28,2,Potential Loyalists,4,2,2
CUST_05912,18,10,1657.34,2,Champions,5,4,4
CUST_05913,179,2,116.89,4,New Customers,4,1,1
CUST_05914,345,1,22.64,4,Need Attention,3,1,1
CUST_05915,7,31,9143.61,3,Champions,5,5,5
CUST_05916,184,1,245.54,4,New Customers,4,1,1
CUST_05917,544,2,130.79,1,Hibernating,1,1,1
CUST_05918,215,2,368.97,4,New Customers,4,1,2
CUST_05919,2,10,1626.36,2,Loyal Customers,5,4,3
CUST_05920,506,1,67.7,1,Hibernating,2,1,1
CUST_05921,418,16,2619.4,6,Cannot Lose Them,2,4,4
CUST_05922,135,15,2250.88,6,Champions,4,4,4
CUST_05923,351,7,995.1199999999999,4,Need Attention,3,3,3
CUST_05924,294,15,3687.33,6,Loyal Customers,3,4,4
CUST_05925,3,14,2003.24,2,Champions,5,4,4
CUST_05926,247,2,69.49,4,Need Attention,3,1,1
CUST_05927,394,5,1160.82,1,Hibernating,2,2,3
CUST_05928,192,11,1810.38,6,Champions,4,4,4
CUST_05929,537,3,312.94,1,Hibernating,1,2,2
CUST_05930,139,26,4545.78,7,Champions,4,5,5
CUST_05931,173,18,2269.99,6,Champions,4,5,4
CUST_05932,683,21,4461.55,0,Cannot Lose Them,1,5,5
CUST_05933,639,8,959.6,1,At Risk,1,3,3
CUST_05934,463,14,1414.45,6,Loyal Customers,2,4,3
CUST_05935,164,1,25.86,4,New Customers,4,1,1
CUST_05936,6,33,7606.08,7,Champions,5,5,5
CUST_05937,98,29,7492.09,7,Champions,4,5,5
CUST_05938,195,2,114.86,4,New Customers,4,1,1
CUST_05939,295,9,1579.8,6,Need Attention,3,3,3
CUST_05940,445,5,870.15,1,Hibernating,2,2,3
CUST_05941,416,13,1616.24,6,Loyal Customers,2,4,3
CUST_05942,482,1,13.42,1,Hibernating,2,1,1
CUST_05943,828,1,15.8,5,Hibernating,1,1,1
CUST_05944,190,9,2310.7200000000003,2,Potential Loyalists,4,3,4
CUST_05945,220,7,484.03,4,Need Attention,3,3,2
CUST_05946,157,37,12509.22,3,Champions,4,5,5
CUST_05947,537,3,395.93,1,Hibernating,1,2,2
CUST_05948,373,35,7837.46,3,Cannot Lose Them,2,5,5
CUST_05949,126,7,815.39,2,Potential Loyalists,4,3,2
CUST_05950,374,6,842.94,4,Hibernating,2,2,3
CUST_05951,221,31,8178.93,3,Loyal Customers,3,5,5
CUST_05952,6,11,2427.79,2,Champions,5,4,4
CUST_05953,853,1,18.45,5,Hibernating,1,1,1
CUST_05954,523,10,1026.3,1,Loyal Customers,2,4,3
CUST_05955,586,11,2276.34,1,Cannot Lose Them,1,4,4
CUST_05956,11,25,5591.29,7,Champions,5,5,5
CUST_05957,215,6,732.94,4,Potential Loyalists,4,2,2
CUST_05958,17,22,4218.99,7,Champions,5,5,5
CUST_05959,347,20,7027.53,0,Loyal Customers,3,5,5
CUST_05960,591,9,625.33,1,At Risk,1,3,2
CUST_05961,80,17,3161.42,2,Champions,4,4,4
CUST_05962,189,14,1651.31,6,Loyal Customers,4,4,3
CUST_05963,25,16,2169.0,2,Champions,5,4,4
CUST_05964,195,9,1461.34,2,Potential Loyalists,4,3,3
CUST_05965,436,4,332.88,1,Hibernating,2,2,2
CUST_05966,293,1,49.34,4,Need Attention,3,1,1
CUST_05967,78,17,2665.29,2,Champions,4,4,4
CUST_05968,14,33,10087.02,3,Champions,5,5,5
CUST_05969,158,13,2570.94,6,Champions,4,4,4
CUST_05970,281,1,99.96,4,Need Attention,3,1,1
CUST_05971,204,5,1131.12,4,Potential Loyalists,4,2,3
CUST_05972,15,9,2012.45,2,Potential Loyalists,5,3,4
CUST_05973,681,5,270.92,5,Hibernating,1,2,2
CUST_05974,151,9,1183.72,2,Potential Loyalists,4,3,3
CUST_05975,735,1,259.49,5,Hibernating,1,1,1
CUST_05976,585,1,76.22,1,Hibernating,1,1,1
CUST_05977,215,2,169.28,4,New Customers,4,1,1
CUST_05978,232,15,1875.9,6,Loyal Customers,3,4,4
CUST_05979,698,5,494.39,5,Hibernating,1,2,2
CUST_05980,466,29,7850.51,0,Cannot Lose Them,2,5,5
CUST_05981,669,2,110.78,5,Hibernating,1,1,1
CUST_05982,415,3,452.21,1,Hibernating,2,2,2
CUST_05983,79,17,2447.85,2,Champions,4,4,4
CUST_05984,16,8,725.85,2,Potential Loyalists,5,3,2
CUST_05985,121,40,10955.22,3,Champions,4,5,5
CUST_05986,227,28,8681.24,3,Loyal Customers,3,5,5
CUST_05987,453,29,8842.56,0,Cannot Lose Them,2,5,5
CUST_05988,75,6,499.7,2,Potential Loyalists,4,2,2
CUST_05989,774,1,43.03,5,Hibernating,1,1,1
CUST_05990,5,26,7896.67,7,Champions,5,5,5
CUST_05991,325,3,586.65,4,Need Attention,3,2,2
CUST_05992,343,1,58.81,4,Need Attention,3,1,1
CUST_05993,265,35,7882.97,3,Loyal Customers,3,5,5
CUST_05994,422,22,4542.93,0,Cannot Lose Them,2,5,5
CUST_05995,46,11,2083.23,2,Champions,5,4,4
CUST_05996,33,9,1655.5900000000001,2,Potential Loyalists,5,3,4
CUST_05997,33,12,2391.13,2,Champions,5,4,4
CUST_05998,147,32,9073.42,3,Champions,4,5,5
CUST_05999,454,23,4905.41,0,Cannot Lose Them,2,5,5
CUST_06000,811,1,23.88,5,Hibernating,1,1,1
