customer_id,recency,frequency,monetary,r_score,f_score,m_score,rfm_score,segment,first_purchase,last_purchase,lifespan_days,avg_purchase_value,lifespan_years,purchases_per_year,estimated_clv
CUST_00001,77,5,584.12,4,2,2,422,Potential Loyalists,2024-01-06,2024-10-16,284,116.824,0.7775496235455168,6.430457746478873,2253.7
CUST_00002,291,3,266.06,3,1,1,311,Need Attention,2023-06-10,2024-03-16,280,88.68666666666667,0.7665982203969883,3.913392857142857,1041.2
CUST_00003,927,1,49.75,1,1,1,111,Hibernating,2022-06-19,2022-06-19,0,49.75,0.08213552361396304,12.175,1817.12
CUST_00004,450,1,94.75,2,1,1,211,Hibernating,2023-10-09,2023-10-09,0,94.75,0.08213552361396304,12.175,3460.74
CUST_00005,326,30,5536.91,3,5,5,355,Loyal Customers,2022-08-08,2024-02-10,551,184.56366666666665,1.5085557837097878,19.88656987295826,11011.01
CUST_00006,609,7,1174.3899999999999,1,2,3,123,Hibernating,2022-03-28,2023-05-03,401,167.76999999999998,1.0978781656399725,6.3759351620947635,3209.07
CUST_00007,261,3,368.61,3,1,1,311,Need Attention,2023-06-26,2024-04-15,294,122.87,0.8049281314168378,3.7270408163265305,1373.82
CUST_00008,40,8,1300.27,5,3,3,533,Potential Loyalists,2023-10-17,2024-11-22,402,162.53375,1.1006160164271048,7.26865671641791,3544.21
CUST_00009,476,1,187.28,2,1,1,211,Hibernating,2023-09-13,2023-09-13,0,187.28,0.08213552361396304,12.175,6840.4
CUST_00010,184,7,833.27,4,2,2,422,Potential Loyalists,2023-08-04,2024-07-01,332,119.03857142857143,0.9089664613278576,7.70105421686747,2750.17
CUST_00011,35,17,2512.7799999999997,5,4,4,544,Champions,2023-05-27,2024-11-27,550,147.8105882352941,1.5058179329226558,11.289545454545454,5006.14
CUST_00012,709,3,564.04,1,1,2,112,Hibernating,2022-08-11,2023-01-23,165,188.01333333333332,0.4517453798767967,6.6409090909090915,3745.74
CUST_00013,218,8,1051.29,3,3,3,333,Need Attention,2023-08-29,2024-05-28,273,131.41125,0.7474332648870636,10.703296703296704,4219.6
CUST_00014,20,8,1235.5900000000001,5,3,3,533,Potential Loyalists,2023-09-24,2024-12-12,445,154.44875000000002,1.218343600273785,6.5662921348314605,3042.47
CUST_00015,107,9,1042.29,4,3,3,433,Potential Loyalists,2023-03-10,2024-09-16,556,115.81,1.5222450376454484,5.912320143884892,2054.12
CUST_00016,719,1,22.4,1,1,1,111,Hibernating,2023-01-13,2023-01-13,0,22.4,0.08213552361396304,12.175,818.16
CUST_00017,304,3,308.59,3,1,1,311,Need Attention,2023-06-07,2024-03-03,270,102.86333333333333,0.7392197125256673,4.058333333333334,1252.36
CUST_00018,322,5,521.3,3,2,2,322,Need Attention,2023-07-10,2024-02-14,219,104.25999999999999,0.5995893223819302,8.33904109589041,2608.29
CUST_00019,583,3,161.42000000000002,1,1,1,111,Hibernating,2022-11-15,2023-05-29,195,53.80666666666667,0.5338809034907598,5.619230769230769,907.06
CUST_00020,596,7,793.1899999999999,1,2,2,122,Hibernating,2022-05-14,2023-05-16,367,113.31285714285714,1.0047912388774811,6.966621253405995,2368.22
CUST_00021,31,9,1106.12,5,3,3,533,Potential Loyalists,2023-12-27,2024-12-01,340,122.9022222222222,0.9308692676249144,9.668382352941176,3564.8
CUST_00022,483,14,1823.6499999999999,2,4,4,244,Cannot Lose Them,2022-04-27,2023-09-06,497,130.26071428571427,1.3607118412046544,10.288732394366196,4020.65
CUST_00023,833,1,96.81,1,1,1,111,Hibernating,2022-09-21,2022-09-21,0,96.81,0.08213552361396304,12.175,3535.99
CUST_00024,486,34,8546.960000000001,2,5,5,255,Cannot Lose Them,2022-02-11,2023-09-03,569,251.38117647058826,1.5578370978781657,21.82513181019332,16459.28
CUST_00025,209,1,12.63,3,1,1,311,Need Attention,2024-06-06,2024-06-06,0,12.63,0.08213552361396304,12.175,461.31
CUST_00026,51,13,2121.77,4,4,4,444,Champions,2023-06-17,2024-11-11,513,163.21307692307693,1.404517453798768,9.255847953216374,4532.03
CUST_00027,42,19,5175.79,5,5,5,555,Champions,2022-09-30,2024-11-20,782,272.41,2.1409993155373033,8.874360613810742,7252.39
CUST_00028,662,3,363.96,1,1,1,111,Hibernating,2022-07-25,2023-03-11,229,121.32,0.6269678302532512,4.784934497816594,1741.52
CUST_00029,50,11,2193.29,4,4,4,444,Champions,2023-10-28,2024-11-12,381,199.39,1.0431211498973305,10.545275590551181,6307.87
CUST_00030,23,5,826.97,5,2,2,522,Potential Loyalists,2024-03-23,2024-12-09,261,165.394,0.7145790554414785,6.997126436781609,3471.85
CUST_00031,303,5,568.56,3,2,2,322,Need Attention,2023-07-16,2024-03-04,232,113.71199999999999,0.6351813826146475,7.8717672413793105,2685.34
CUST_00032,74,10,1656.06,4,3,3,433,Potential Loyalists,2023-10-01,2024-10-19,384,165.606,1.051334702258727,9.51171875,4725.59
CUST_00033,217,9,773.7,3,3,2,332,Need Attention,2022-12-07,2024-05-29,539,85.96666666666667,1.4757015742642026,6.098794063079778,1572.88
CUST_00034,10,7,1213.13,5,2,3,523,Potential Loyalists,2024-01-31,2024-12-22,326,173.30428571428573,0.892539356605065,7.842791411042945,4077.57
CUST_00035,80,5,480.48,4,2,2,422,Potential Loyalists,2024-01-02,2024-10-13,285,96.096,0.7802874743326489,6.407894736842105,1847.32
CUST_00036,307,1,38.7,3,1,1,311,Need Attention,2024-02-29,2024-02-29,0,38.7,0.08213552361396304,12.175,1413.52
CUST_00037,67,7,1158.16,4,2,3,423,Potential Loyalists,2023-09-21,2024-10-26,401,165.45142857142858,1.0978781656399725,6.3759351620947635,3164.72
CUST_00038,54,9,1265.5900000000001,4,3,3,433,Potential Loyalists,2023-11-27,2024-11-08,347,140.62111111111113,0.9500342231348392,9.473342939481267,3996.46
CUST_00039,726,5,931.45,1,2,2,122,Hibernating,2022-04-26,2023-01-06,255,186.29000000000002,0.6981519507186859,7.161764705882352,4002.5
CUST_00040,603,22,3269.79,1,5,4,154,Cannot Lose Them,2022-03-19,2023-05-09,416,148.62681818181818,1.1389459274469542,19.316105769230766,8612.67
CUST_00041,707,3,221.14,1,1,1,111,Hibernating,2022-07-07,2023-01-25,202,73.71333333333332,0.5530458590006845,5.4245049504950495,1199.58
CUST_00042,449,9,697.44,2,3,2,232,At Risk,2022-10-16,2023-10-10,359,77.49333333333334,0.9828884325804244,9.156685236768803,2128.75
CUST_00043,534,22,5509.96,1,5,5,155,Cannot Lose Them,2022-04-19,2023-07-17,454,250.4527272727273,1.242984257357974,17.69933920704846,13298.54
CUST_00044,664,1,10.75,1,1,1,111,Hibernating,2023-03-09,2023-03-09,0,10.75,0.08213552361396304,12.175,392.64
CUST_00045,20,26,4674.1,5,5,5,555,Champions,2023-09-16,2024-12-12,453,179.77307692307693,1.2402464065708418,20.9635761589404,11306.06
CUST_00046,282,3,176.65,3,1,1,311,Need Attention,2023-04-27,2024-03-25,333,58.88333333333333,0.9117043121149897,3.290540540540541,581.27
CUST_00047,603,7,898.6999999999999,1,2,2,122,Hibernating,2022-03-31,2023-05-09,404,128.38571428571427,1.106091718001369,6.328589108910891,2437.5
CUST_00048,260,7,1099.28,3,2,3,323,Need Attention,2023-03-19,2024-04-16,394,157.04,1.0787132101300478,6.489213197969543,3057.2
CUST_00049,571,27,4821.1,1,5,5,155,Cannot Lose Them,2022-04-08,2023-06-10,428,178.55925925925928,1.1718001368925393,23.041471962616825,12342.8
CUST_00050,475,13,1689.79,2,4,3,243,Loyal Customers,2022-07-10,2023-09-14,431,129.98384615384614,1.1800136892539357,11.016821345707656,4296.03
CUST_00051,473,10,1239.6000000000001,2,3,3,233,At Risk,2022-03-29,2023-09-16,536,123.96000000000001,1.4674880219028064,6.814365671641791,2534.13
CUST_00052,297,29,5256.2,3,5,5,355,Loyal Customers,2022-09-13,2024-03-10,544,181.24827586206897,1.4893908281998631,19.47104779411765,10587.28
CUST_00053,353,1,28.27,2,1,1,211,Hibernating,2024-01-14,2024-01-14,0,28.27,0.08213552361396304,12.175,1032.56
CUST_00054,429,2,392.44,2,1,1,211,Hibernating,2023-06-10,2023-10-30,142,196.22,0.3887748117727584,5.144366197183098,3028.28
CUST_00055,457,9,1060.88,2,3,3,233,At Risk,2022-12-06,2023-10-02,300,117.87555555555556,0.8213552361396304,10.957500000000001,3874.86
CUST_00056,102,24,4373.75,4,5,5,455,Champions,2023-08-30,2024-09-21,388,182.23958333333334,1.0622861054072552,22.592783505154642,12351.9
CUST_00057,592,3,257.71000000000004,1,1,1,111,Hibernating,2022-09-07,2023-05-20,255,85.90333333333335,0.6981519507186859,4.297058823529412,1107.4
CUST_00058,13,9,1838.4,5,3,4,534,Potential Loyalists,2024-03-12,2024-12-19,282,204.26666666666668,0.7720739219712526,11.65691489361702,7143.36
CUST_00059,567,2,593.45,1,1,2,112,Hibernating,2022-12-26,2023-06-14,170,296.725,0.4654346338124572,4.297058823529412,3825.13
CUST_00060,40,10,1634.45,5,3,3,533,Potential Loyalists,2023-12-07,2024-11-22,351,163.445,0.9609856262833676,10.405982905982906,5102.42
CUST_00061,34,5,417.26,5,2,2,522,Potential Loyalists,2024-03-11,2024-11-28,262,83.452,0.7173169062286106,6.970419847328245,1745.09
CUST_00062,53,5,544.51,4,2,2,422,Potential Loyalists,2024-02-08,2024-11-09,275,108.902,0.7529089664613279,6.640909090909091,2169.62
CUST_00063,4,29,4971.57,5,5,5,555,Champions,2023-06-10,2024-12-28,567,171.43344827586205,1.5523613963039014,18.681216931216934,9607.76
CUST_00064,406,9,1901.75,2,3,4,234,Cannot Lose Them,2022-12-24,2023-11-22,333,211.30555555555554,0.9117043121149897,9.871621621621623,6257.79
CUST_00065,260,10,765.69,3,3,2,332,Need Attention,2022-09-21,2024-04-16,573,76.569,1.568788501026694,6.37434554973822,1464.23
CUST_00066,18,35,7055.42,5,5,5,555,Champions,2022-11-18,2024-12-14,757,201.58342857142858,2.0725530458590007,16.887384412153235,10212.65
CUST_00067,354,11,2551.59,2,4,4,244,Cannot Lose Them,2022-11-11,2024-01-13,428,231.96272727272728,1.1718001368925393,9.387266355140188,6532.49
CUST_00068,484,32,6886.030000000001,2,5,5,255,Cannot Lose Them,2022-03-07,2023-09-05,547,215.18843750000002,1.4976043805612593,21.36745886654479,13794.09
CUST_00069,93,2,213.12,4,1,1,411,New Customers,2024-06-24,2024-09-30,98,106.56,0.2683093771389459,7.454081632653061,2382.92
CUST_00070,595,3,138.75,1,1,1,111,Hibernating,2022-10-22,2023-05-17,207,46.25,0.5667351129363449,5.293478260869565,734.47
CUST_00071,855,2,168.70999999999998,1,1,1,111,Hibernating,2022-06-04,2022-08-30,87,84.35499999999999,0.23819301848049282,8.39655172413793,2124.87
CUST_00072,24,23,4549.97,5,5,5,555,Champions,2023-09-19,2024-12-08,446,197.82478260869567,1.2210814510609171,18.835762331838566,11178.54
CUST_00073,484,33,7667.25,2,5,5,255,Cannot Lose Them,2022-03-21,2023-09-05,533,232.3409090909091,1.45927446954141,22.613977485928707,15762.46
CUST_00074,784,2,502.81,1,1,2,112,Hibernating,2022-07-12,2022-11-09,120,251.405,0.32854209445585214,6.0875,4591.28
CUST_00075,28,15,2873.7,5,4,4,544,Champions,2024-01-13,2024-12-04,326,191.57999999999998,0.892539356605065,16.805981595092025,9659.07
CUST_00076,88,4,989.29,4,2,3,423,Potential Loyalists,2024-03-03,2024-10-05,216,247.3225,0.5913757700205339,6.763888888888889,5018.59
CUST_00077,248,15,2619.13,3,4,4,344,Loyal Customers,2023-02-28,2024-04-28,425,174.60866666666666,1.163586584531143,12.891176470588235,6752.73
CUST_00078,202,27,5709.0,3,5,5,355,Loyal Customers,2023-02-26,2024-06-13,473,211.44444444444446,1.2950034223134839,20.84936575052854,13225.45
CUST_00079,366,10,1189.01,2,3,3,233,At Risk,2023-02-07,2024-01-01,328,118.901,0.8980150581793293,11.135670731707316,3972.13
CUST_00080,591,6,597.36,1,2,2,122,Hibernating,2022-07-21,2023-05-21,304,99.56,0.8323066392881588,7.208881578947368,2153.15
CUST_00081,66,3,303.34000000000003,4,1,1,411,New Customers,2024-01-11,2024-10-27,290,101.11333333333334,0.7939767282683093,3.778448275862069,1146.15
CUST_00082,339,26,5072.87,2,5,5,255,Cannot Lose Them,2022-10-12,2024-01-28,473,195.11038461538462,1.2950034223134839,20.077167019027485,11751.79
CUST_00083,313,11,1796.87,3,4,3,343,Loyal Customers,2023-03-01,2024-02-23,359,163.35181818181817,0.9828884325804244,11.19150417827298,5484.46
CUST_00084,595,3,156.16,1,1,1,111,Hibernating,2022-11-28,2023-05-17,170,52.053333333333335,0.4654346338124572,6.445588235294118,1006.54
CUST_00085,646,3,425.44,1,1,2,112,Hibernating,2022-07-14,2023-03-27,256,141.81333333333333,0.7008898015058179,4.2802734375,1821.0
CUST_00086,17,3,188.18,5,1,1,511,New Customers,2024-05-15,2024-12-15,214,62.72666666666667,0.5859000684462696,5.1203271028037385,963.54
CUST_00087,491,3,419.35,2,1,2,212,Hibernating,2023-03-20,2023-08-29,162,139.78333333333333,0.44353182751540043,6.763888888888888,2836.44
CUST_00088,158,10,843.3899999999999,4,3,2,432,Potential Loyalists,2023-02-04,2024-07-27,539,84.33899999999998,1.4757015742642026,6.776437847866419,1714.55
CUST_00089,473,12,1419.91,2,4,3,243,Loyal Customers,2022-07-25,2023-09-16,418,118.32583333333334,1.1444216290212184,10.485645933014354,3722.17
CUST_00090,405,4,666.86,2,2,2,222,Hibernating,2023-05-08,2023-11-23,199,166.715,0.5448323066392882,7.341708542713568,3671.92
CUST_00091,22,7,975.33,5,2,2,522,Potential Loyalists,2023-10-02,2024-12-10,435,139.33285714285714,1.1909650924024642,5.877586206896551,2456.82
CUST_00092,690,1,127.57,1,1,1,111,Hibernating,2023-02-11,2023-02-11,0,127.57,0.08213552361396304,12.175,4659.49
CUST_00093,692,16,3283.45,1,4,4,144,Cannot Lose Them,2022-06-08,2023-02-09,246,205.215625,0.6735112936344969,23.75609756097561,14625.37
CUST_00094,9,9,1124.33,5,3,3,533,Potential Loyalists,2024-03-10,2024-12-23,288,124.92555555555555,0.7885010266940452,11.4140625,4277.72
CUST_00095,645,8,1795.6299999999999,1,3,3,133,At Risk,2022-06-21,2023-03-28,280,224.45374999999999,0.7665982203969883,10.435714285714287,7027.01
CUST_00096,280,4,335.8,3,2,1,321,Need Attention,2023-08-06,2024-03-27,234,83.95,0.6406570841889117,6.2435897435897445,1572.45
CUST_00097,82,10,790.32,4,3,2,432,Potential Loyalists,2023-02-06,2024-10-11,613,79.03200000000001,1.678302532511978,5.958401305057096,1412.71
CUST_00098,480,18,3801.2799999999997,2,4,5,245,Cannot Lose Them,2022-10-20,2023-09-09,324,211.1822222222222,0.8870636550308009,20.291666666666664,12855.72
CUST_00099,289,1,40.2,3,1,1,311,Need Attention,2024-03-18,2024-03-18,0,40.2,0.08213552361396304,12.175,1468.31
CUST_00100,19,31,7267.650000000001,5,5,5,555,Champions,2023-06-09,2024-12-13,553,234.4403225806452,1.514031485284052,20.4751356238698,14400.59
CUST_00101,32,5,402.4,5,2,2,522,Potential Loyalists,2024-03-03,2024-11-30,272,80.47999999999999,0.7446954140999316,6.714154411764706,1621.07
CUST_00102,574,1,12.57,1,1,1,111,Hibernating,2023-06-07,2023-06-07,0,12.57,0.08213552361396304,12.175,459.12
CUST_00103,292,10,1999.65,3,3,4,334,Need Attention,2023-03-09,2024-03-15,372,199.965,1.0184804928131417,9.818548387096774,5890.1
CUST_00104,289,7,1435.29,3,2,3,323,Need Attention,2022-12-31,2024-03-18,443,205.04142857142855,1.212867898699521,5.771444695259594,3550.16
CUST_00105,364,9,979.01,2,3,2,232,At Risk,2022-06-21,2024-01-03,561,108.77888888888889,1.5359342915811087,5.8596256684491985,1912.21
CUST_00106,91,9,784.89,4,3,2,432,Potential Loyalists,2023-12-02,2024-10-02,305,87.21,0.8350444900752909,10.777868852459017,2819.81
CUST_00107,636,22,4892.17,1,5,5,155,Cannot Lose Them,2022-04-05,2023-04-06,366,222.37136363636364,1.002053388090349,21.954918032786885,14646.44
CUST_00108,250,5,939.8,3,2,2,322,Need Attention,2023-07-17,2024-04-26,284,187.95999999999998,0.7775496235455168,6.430457746478873,3626.01
CUST_00109,644,3,380.28,1,1,1,111,Hibernating,2022-11-09,2023-03-29,140,126.75999999999999,0.38329911019849416,7.826785714285714,2976.37
CUST_00110,402,16,3569.15,2,4,5,245,Cannot Lose Them,2022-06-08,2023-11-26,536,223.071875,1.4674880219028064,10.902985074626866,7296.45
CUST_00111,286,2,117.06,3,1,1,311,Need Attention,2023-11-18,2024-03-21,124,58.53,0.3394934976043806,5.891129032258064,1034.42
CUST_00112,888,1,139.18,1,1,1,111,Hibernating,2022-07-28,2022-07-28,0,139.18,0.08213552361396304,12.175,5083.55
CUST_00113,897,1,109.76,1,1,1,111,Hibernating,2022-07-19,2022-07-19,0,109.76,0.08213552361396304,12.175,4008.98
CUST_00114,531,1,51.66,1,1,1,111,Hibernating,2023-07-20,2023-07-20,0,51.66,0.08213552361396304,12.175,1886.88
CUST_00115,418,7,1200.09,2,2,3,223,Hibernating,2022-11-29,2023-11-10,346,171.44142857142856,0.947296372347707,7.389450867052023,3800.57
CUST_00116,393,2,50.8,2,1,1,211,Hibernating,2023-09-29,2023-12-05,67,25.4,0.1834360027378508,10.902985074626866,830.81
CUST_00117,438,6,626.71,2,2,2,222,Hibernating,2022-12-16,2023-10-21,309,104.45166666666667,0.8459958932238193,7.092233009708738,2222.39
CUST_00118,6,19,2987.52,5,5,4,554,Champions,2024-02-17,2024-12-26,313,157.2378947368421,0.8569472963723477,22.171725239616613,10458.71
CUST_00119,16,18,4324.14,5,4,5,545,Champions,2024-01-11,2024-12-16,340,240.23000000000002,0.9308692676249144,19.336764705882352,13935.81
CUST_00120,610,5,560.5500000000001,1,2,2,122,Hibernating,2022-09-04,2023-05-02,240,112.11000000000001,0.6570841889117043,7.609375,2559.26
CUST_00121,693,4,990.3900000000001,1,2,3,123,Hibernating,2022-07-10,2023-02-08,213,247.59750000000003,0.5831622176591376,6.859154929577465,5094.93
CUST_00122,493,7,1197.23,2,2,3,223,Hibernating,2022-08-15,2023-08-27,377,171.03285714285715,1.0321697467488022,6.78183023872679,3479.75
CUST_00123,560,11,2456.58,1,4,4,144,Cannot Lose Them,2022-05-23,2023-06-21,394,223.32545454545453,1.0787132101300478,10.197335025380712,6831.97
CUST_00124,38,5,236.14,5,2,1,521,Potential Loyalists,2024-02-16,2024-11-24,282,47.227999999999994,0.7720739219712526,6.476063829787234,917.55
CUST_00125,361,22,4550.51,2,5,5,255,Cannot Lose Them,2023-01-13,2024-01-06,358,206.84136363636364,0.9801505817932923,22.445530726256983,13927.99
CUST_00126,47,8,878.68,4,3,2,432,Potential Loyalists,2023-07-04,2024-11-15,500,109.835,1.3689253935660506,5.844,1925.63
CUST_00127,479,9,1824.0700000000002,2,3,4,234,Cannot Lose Them,2022-12-03,2023-09-10,281,202.67444444444448,0.7693360711841205,11.698398576512455,7112.9
CUST_00128,194,31,8204.44,3,5,5,355,Loyal Customers,2023-01-06,2024-06-21,532,264.6593548387097,1.4565366187542779,21.283364661654137,16898.52
CUST_00129,295,7,1226.35,3,2,3,323,Need Attention,2023-03-15,2024-03-12,363,175.19285714285712,0.9938398357289527,7.043388429752066,3701.85
CUST_00130,343,3,210.17,2,1,1,211,Hibernating,2023-05-25,2024-01-24,244,70.05666666666666,0.6680355920602327,4.490778688524591,943.83
CUST_00131,6,28,5376.53,5,5,5,555,Champions,2023-07-26,2024-12-26,519,192.01892857142857,1.4209445585215605,19.705202312138727,11351.32
CUST_00132,435,10,1649.78,2,3,3,233,At Risk,2022-12-30,2023-10-24,298,164.978,0.8158795345653662,12.256711409395972,6066.26
CUST_00133,755,17,4299.27,1,4,5,145,Cannot Lose Them,2022-04-12,2022-12-08,240,252.89823529411768,0.6570841889117043,25.871875000000003,19628.85
CUST_00134,194,2,279.32,3,1,1,311,Need Attention,2024-02-05,2024-06-21,137,139.66,0.3750855578370979,5.3321167883211675,2234.05
CUST_00135,160,2,356.15999999999997,4,1,1,411,New Customers,2024-03-22,2024-07-25,125,178.07999999999998,0.34223134839151265,5.844,3122.1
CUST_00136,70,6,575.8000000000001,4,2,2,422,Potential Loyalists,2024-01-04,2024-10-23,293,95.96666666666668,0.8021902806297057,7.479522184300341,2153.35
CUST_00137,149,11,2766.45,4,4,4,444,Champions,2023-07-27,2024-08-05,375,251.49545454545452,1.0266940451745379,10.714,8083.57
CUST_00138,261,2,507.84,3,1,2,312,Need Attention,2023-11-25,2024-04-15,142,253.92,0.3887748117727584,5.144366197183098,3918.77
CUST_00139,727,18,4208.44,1,4,5,145,Cannot Lose Them,2022-02-13,2023-01-05,326,233.8022222222222,0.892539356605065,20.16717791411043,14145.39
CUST_00140,404,10,1898.29,2,3,4,234,Cannot Lose Them,2022-09-25,2023-11-24,425,189.829,1.163586584531143,8.594117647058823,4894.24
CUST_00141,107,12,2244.17,4,4,4,444,Champions,2023-08-24,2024-09-16,389,187.01416666666668,1.0650239561943875,11.267352185089972,6321.46
CUST_00142,653,6,1647.61,1,2,3,123,Hibernating,2022-05-09,2023-03-20,315,274.60166666666663,0.8624229979466119,6.957142857142857,5731.33
CUST_00143,130,15,1206.8,4,4,3,443,Loyal Customers,2022-10-30,2024-08-24,664,80.45333333333333,1.8179329226557153,8.25112951807229,1991.49
CUST_00144,229,30,5975.22,3,5,5,355,Loyal Customers,2022-11-01,2024-05-17,563,199.174,1.541409993155373,19.462699822380106,11629.39
CUST_00145,352,16,2066.59,2,4,4,244,Cannot Lose Them,2022-05-15,2024-01-15,610,129.161875,1.6700889801505818,9.580327868852459,3712.24
CUST_00146,5,23,6030.77,5,5,5,555,Champions,2023-08-17,2024-12-27,498,262.2073913043478,1.3634496919917864,16.86897590361446,13269.51
CUST_00147,158,29,5262.06,4,5,5,455,Champions,2023-04-10,2024-07-27,474,181.4503448275862,1.297741273100616,22.346518987341774,12164.35
CUST_00148,167,4,903.36,4,2,2,422,Potential Loyalists,2023-12-18,2024-07-18,213,225.84,0.5831622176591376,6.859154929577465,4647.21
CUST_00149,202,3,148.87,3,1,1,311,Need Attention,2023-11-10,2024-06-13,216,49.623333333333335,0.5913757700205339,5.072916666666667,755.21
CUST_00150,689,5,578.14,1,2,2,122,Hibernating,2022-07-08,2023-02-12,219,115.628,0.5995893223819302,8.33904109589041,2892.68
CUST_00151,607,2,377.96000000000004,1,1,1,111,Hibernating,2022-11-29,2023-05-05,157,188.98000000000002,0.42984257357973993,4.6528662420382165,2637.9
CUST_00152,513,2,29.12,2,1,1,211,Hibernating,2023-03-08,2023-08-07,152,14.56,0.4161533196440794,4.805921052631579,209.92
CUST_00153,27,4,928.91,5,2,2,522,Potential Loyalists,2024-04-21,2024-12-05,228,232.2275,0.6242299794661191,6.407894736842105,4464.27
CUST_00154,713,19,4549.9,1,5,5,155,Cannot Lose Them,2022-01-31,2023-01-19,353,239.46842105263156,0.9664613278576317,19.659348441926348,14123.38
CUST_00155,451,14,2176.2,2,4,4,244,Cannot Lose Them,2022-05-01,2023-10-08,525,155.44285714285712,1.4373716632443532,9.74,4542.04
CUST_00156,47,18,2557.68,4,4,4,444,Champions,2023-12-25,2024-11-15,326,142.09333333333333,0.892539356605065,20.16717791411043,8596.86
CUST_00157,10,8,669.3199999999999,5,3,2,532,Potential Loyalists,2023-07-27,2024-12-22,514,83.66499999999999,1.4072553045859,5.684824902723736,1426.86
CUST_00158,209,11,1939.5,3,4,4,344,Loyal Customers,2023-05-09,2024-06-06,394,176.3181818181818,1.0787132101300478,10.197335025380712,5393.93
CUST_00159,618,9,2589.37,1,3,4,134,Cannot Lose Them,2022-06-27,2023-04-24,301,287.7077777777778,0.8240930869267625,10.92109634551495,9426.25
CUST_00160,399,1,13.2,2,1,1,211,Hibernating,2023-11-29,2023-11-29,0,13.2,0.08213552361396304,12.175,482.13
CUST_00161,287,1,150.41,3,1,1,311,Need Attention,2024-03-20,2024-03-20,0,150.41,0.08213552361396304,12.175,5493.73
CUST_00162,172,2,199.81,4,1,1,411,New Customers,2024-02-20,2024-07-13,144,99.905,0.3942505133470226,5.072916666666666,1520.43
CUST_00163,69,6,753.3,4,2,2,422,Potential Loyalists,2024-01-26,2024-10-24,272,125.55,0.7446954140999316,8.056985294117647,3034.66
CUST_00164,141,8,639.64,4,3,2,432,Potential Loyalists,2023-05-20,2024-08-13,451,79.955,1.2347707049965777,6.478935698447893,1554.07
CUST_00165,67,8,1144.19,4,3,3,433,Potential Loyalists,2024-01-31,2024-10-26,269,143.02375,0.7364818617385352,10.862453531598513,4660.77
CUST_00166,14,5,561.22,5,2,2,522,Potential Loyalists,2024-01-30,2024-12-18,323,112.244,0.8843258042436687,5.654024767801857,1903.89
CUST_00167,134,5,452.07,4,2,2,422,Potential Loyalists,2023-11-11,2024-08-20,283,90.414,0.7748117727583846,6.453180212014135,1750.37
CUST_00168,29,17,4062.73,5,4,5,545,Champions,2024-02-04,2024-12-03,303,238.98411764705884,0.8295687885010267,20.492574257425744,14692.2
CUST_00169,69,7,653.59,4,2,2,422,Potential Loyalists,2023-09-19,2024-10-24,401,93.37,1.0978781656399725,6.3759351620947635,1785.96
CUST_00170,796,17,2721.2200000000003,1,4,4,144,Cannot Lose Them,2022-01-22,2022-10-28,279,160.07176470588237,0.7638603696098563,22.25537634408602,10687.37
CUST_00171,190,5,953.7099999999999,3,2,2,322,Need Attention,2023-10-01,2024-06-25,268,190.742,0.7337440109514032,6.814365671641791,3899.36
CUST_00172,7,11,2477.46,5,4,4,544,Champions,2023-12-11,2024-12-25,380,225.22363636363636,1.0403832991101984,10.573026315789475,7143.89
CUST_00173,32,8,1370.69,5,3,3,533,Potential Loyalists,2024-02-24,2024-11-30,280,171.33625,0.7665982203969883,10.435714285714287,5364.05
CUST_00174,439,8,831.13,2,3,2,232,At Risk,2022-10-15,2023-10-20,370,103.89125,1.0130047912388775,7.897297297297297,2461.38
CUST_00175,433,12,1732.07,2,4,3,243,Loyal Customers,2022-08-08,2023-10-26,444,144.33916666666667,1.215605749486653,9.871621621621621,4274.58
CUST_00176,4,23,5073.3,5,5,5,555,Champions,2023-12-01,2024-12-28,393,220.5782608695652,1.0759753593429158,21.375954198473284,14145.21
CUST_00177,19,8,1043.7,5,3,3,533,Potential Loyalists,2023-10-04,2024-12-13,436,130.4625,1.1937029431895962,6.70183486238532,2623.01
CUST_00178,19,20,3647.7999999999997,5,5,5,555,Champions,2024-01-03,2024-12-13,345,182.39,0.944558521560575,21.17391304347826,11585.73
CUST_00179,174,3,529.43,4,1,2,412,New Customers,2023-12-02,2024-07-11,222,176.47666666666666,0.6078028747433265,4.9358108108108105,2613.17
CUST_00180,187,28,5967.82,3,5,5,355,Loyal Customers,2023-02-22,2024-06-28,492,213.13642857142855,1.3470225872689938,20.786585365853657,13291.14
CUST_00181,37,16,2832.38,5,4,4,544,Champions,2023-03-08,2024-11-25,628,177.02375,1.7193702943189597,9.305732484076433,4942.01
CUST_00182,617,2,79.75,1,1,1,111,Hibernating,2023-02-02,2023-04-25,82,39.875,0.2245037645448323,8.908536585365853,1065.68
CUST_00183,265,8,1346.06,3,3,3,333,Need Attention,2023-01-25,2024-04-11,442,168.2575,1.2101300479123889,6.610859728506787,3336.98
CUST_00184,417,19,4027.21,2,5,5,255,Cannot Lose Them,2022-10-21,2023-11-11,386,211.9584210526316,1.056810403832991,17.97862694300518,11432.16
CUST_00185,636,2,282.25,1,1,1,111,Hibernating,2022-10-27,2023-04-06,161,141.125,0.4407939767282683,4.537267080745342,1920.97
CUST_00186,46,7,1041.6200000000001,4,2,3,423,Potential Loyalists,2023-10-26,2024-11-16,387,148.80285714285716,1.0595482546201231,6.606589147286822,2949.24
CUST_00187,26,9,1189.2,5,3,3,533,Potential Loyalists,2024-02-23,2024-12-06,287,132.13333333333333,0.785763175906913,11.453832752613241,4540.3
CUST_00188,14,35,6012.400000000001,5,5,5,555,Champions,2023-04-20,2024-12-18,608,171.78285714285715,1.6646132785763177,21.025904605263158,10835.67
CUST_00189,807,1,44.17,1,1,1,111,Hibernating,2022-10-17,2022-10-17,0,44.17,0.08213552361396304,12.175,1613.31
CUST_00190,37,8,2344.34,5,3,4,534,Potential Loyalists,2023-12-31,2024-11-25,330,293.0425,0.9034907597535934,8.854545454545455,7784.27
CUST_00191,48,6,1111.85,4,2,3,423,Potential Loyalists,2023-12-19,2024-11-14,331,185.3083333333333,0.9062286105407256,6.620845921450151,3680.69
CUST_00192,90,36,9171.82,4,5,5,455,Champions,2022-12-25,2024-10-03,648,254.77277777777778,1.7741273100616017,20.291666666666664,15509.29
CUST_00193,502,23,4828.68,2,5,5,255,Cannot Lose Them,2022-05-29,2023-08-18,446,209.94260869565218,1.2210814510609171,18.835762331838566,11863.29
CUST_00194,28,8,742.81,5,3,2,532,Potential Loyalists,2023-07-22,2024-12-04,501,92.85125,1.3716632443531827,5.832335329341317,1624.62
CUST_00195,587,23,5264.21,1,5,5,155,Cannot Lose Them,2022-03-11,2023-05-25,440,228.87869565217392,1.2046543463381245,19.092613636363637,13109.68
CUST_00196,116,13,2127.47,4,4,4,444,Champions,2023-04-11,2024-09-07,515,163.65153846153845,1.4099931553730323,9.21990291262136,4526.55
CUST_00197,42,14,2242.49,5,4,4,544,Champions,2023-05-19,2024-11-20,551,160.17785714285714,1.5085557837097878,9.280399274047188,4459.54
CUST_00198,1,34,6976.82,5,5,5,555,Champions,2023-03-06,2024-12-31,666,205.2005882352941,1.8234086242299794,18.646396396396398,11478.75
CUST_00199,499,2,132.28,2,1,1,211,Hibernating,2023-06-10,2023-08-21,72,66.14,0.1971252566735113,10.145833333333332,2013.14
CUST_00200,166,23,5707.83,4,5,5,455,Champions,2023-06-05,2024-07-19,410,248.16652173913045,1.1225188227241616,20.489634146341462,15254.52
CUST_00201,213,18,3825.16,3,4,5,345,Loyal Customers,2022-09-01,2024-06-02,640,212.5088888888889,1.7522245037645447,10.27265625,6549.09
CUST_00202,93,18,3173.96,4,4,4,444,Champions,2022-12-17,2024-09-30,653,176.3311111111111,1.787816563997262,10.068147013782543,5325.98
CUST_00203,1,9,1604.8899999999999,5,3,3,533,Potential Loyalists,2023-12-23,2024-12-31,374,178.3211111111111,1.0239561943874058,8.789438502673798,4702.03
CUST_00204,447,3,219.9,2,1,1,211,Hibernating,2023-01-26,2023-10-12,259,73.3,0.7091033538672142,4.230694980694981,930.33
CUST_00205,23,6,592.37,5,2,2,522,Potential Loyalists,2024-01-09,2024-12-09,335,98.72833333333334,0.917180013689254,6.54179104477612,1937.58
CUST_00206,276,26,4526.2699999999995,3,5,5,355,Loyal Customers,2022-12-29,2024-03-31,458,174.08730769230766,1.2539356605065024,20.73471615720524,10828.95
CUST_00207,261,8,1319.8400000000001,3,3,3,333,Need Attention,2023-07-14,2024-04-15,276,164.98000000000002,0.75564681724846,10.58695652173913,5239.91
CUST_00208,243,18,4555.08,3,4,5,345,Loyal Customers,2022-10-11,2024-05-03,570,253.06,1.5605749486652978,11.534210526315789,8756.54
CUST_00209,77,16,2814.91,4,4,4,444,Champions,2024-01-14,2024-10-16,276,175.931875,0.75564681724846,21.17391304347826,11175.5
CUST_00210,2,21,3601.03,5,5,5,555,Champions,2024-01-13,2024-12-30,352,171.47761904761904,0.9637234770704997,21.790482954545453,11209.74
CUST_00211,229,10,1465.82,3,3,3,333,Need Attention,2023-03-11,2024-05-17,433,146.582,1.1854893908281998,8.435334872979215,3709.4
CUST_00212,212,9,734.06,3,3,2,332,Need Attention,2022-11-13,2024-06-03,568,81.56222222222222,1.5550992470910336,5.787411971830985,1416.1
CUST_00213,532,15,3882.71,1,4,5,145,Cannot Lose Them,2022-11-17,2023-07-19,244,258.8473333333333,0.6680355920602327,22.453893442622952,17436.39
CUST_00214,171,30,6296.19,4,5,5,455,Champions,2023-03-11,2024-07-14,491,209.873,1.3442847364818618,22.316700610997962,14051.02
CUST_00215,393,17,4009.59,2,4,5,245,Cannot Lose Them,2022-07-09,2023-12-05,514,235.85823529411766,1.4072553045859,12.080252918287938,8547.68
CUST_00216,123,7,453.15,4,2,2,422,Potential Loyalists,2023-08-31,2024-08-31,366,64.73571428571428,1.002053388090349,6.985655737704918,1356.66
CUST_00217,243,36,8148.68,3,5,5,355,Loyal Customers,2022-06-26,2024-05-03,677,226.35222222222222,1.8535249828884326,19.42245199409158,13188.95
CUST_00218,39,9,1316.76,5,3,3,533,Potential Loyalists,2024-01-03,2024-11-23,325,146.30666666666667,0.8898015058179329,10.114615384615384,4439.51
CUST_00219,49,10,1524.56,4,3,3,433,Potential Loyalists,2023-12-24,2024-11-13,325,152.456,0.8898015058179329,11.238461538461538,5140.11
CUST_00220,379,2,128.35999999999999,2,1,1,211,Hibernating,2023-08-01,2023-12-19,140,64.17999999999999,0.38329911019849416,5.217857142857143,1004.65
CUST_00221,23,9,1369.95,5,3,3,533,Potential Loyalists,2023-07-26,2024-12-09,502,152.21666666666667,1.374401095140315,6.548306772908366,2990.28
CUST_00222,490,8,998.44,2,3,3,233,At Risk,2022-04-08,2023-08-30,509,124.805,1.3935660506502396,5.740667976424361,2149.39
CUST_00223,154,6,788.21,4,2,2,422,Potential Loyalists,2023-09-11,2024-07-31,324,131.36833333333334,0.8870636550308009,6.763888888888888,2665.68
CUST_00224,64,5,351.58000000000004,4,2,1,421,Potential Loyalists,2024-02-02,2024-10-29,270,70.316,0.7392197125256673,6.763888888888889,1426.83
CUST_00225,504,6,833.6800000000001,2,2,2,222,Hibernating,2022-11-13,2023-08-16,276,138.9466666666667,0.75564681724846,7.940217391304348,3309.8
CUST_00226,519,1,95.35,1,1,1,111,Hibernating,2023-08-01,2023-08-01,0,95.35,0.08213552361396304,12.175,3482.66
CUST_00227,291,7,723.68,3,2,2,322,Need Attention,2023-01-03,2024-03-16,438,103.38285714285713,1.1991786447638604,5.837328767123288,1810.44
CUST_00228,328,13,2153.0,3,4,4,344,Loyal Customers,2022-09-29,2024-02-08,497,165.6153846153846,1.3607118412046544,9.553822937625755,4746.78
CUST_00229,240,4,288.97,3,2,1,321,Need Attention,2023-12-01,2024-05-06,157,72.2425,0.42984257357973993,9.305732484076433,2016.81
CUST_00230,18,24,4067.3599999999997,5,5,5,555,Champions,2024-01-08,2024-12-14,341,169.47333333333333,0.9336071184120466,25.70674486803519,13069.82
CUST_00231,292,17,2750.84,3,4,4,344,Loyal Customers,2022-03-09,2024-03-15,737,161.81411764705882,2.0177960301163584,8.425033921302578,4089.87
CUST_00232,489,30,5509.09,2,5,5,255,Cannot Lose Them,2022-03-29,2023-08-31,520,183.63633333333334,1.4236824093086926,21.072115384615387,11608.82
CUST_00233,308,18,3784.74,3,4,5,345,Loyal Customers,2022-04-18,2024-02-28,681,210.26333333333332,1.864476386036961,9.65418502202643,6089.76
CUST_00234,628,6,869.29,1,2,2,122,Hibernating,2022-04-08,2023-04-14,371,144.88166666666666,1.0157426420260096,5.907008086253369,2567.45
CUST_00235,28,17,3356.04,5,4,4,544,Champions,2024-01-20,2024-12-04,319,197.41411764705882,0.8733744010951403,19.46473354231975,11527.84
CUST_00236,13,8,1066.44,5,3,3,533,Potential Loyalists,2023-07-29,2024-12-19,509,133.305,1.3935660506502396,5.740667976424361,2295.78
CUST_00237,3,10,2106.52,5,3,4,534,Potential Loyalists,2024-01-12,2024-12-29,352,210.652,0.9637234770704997,10.376420454545455,6557.44
CUST_00238,612,9,2108.39,1,3,4,134,Cannot Lose Them,2022-06-18,2023-04-30,316,234.26555555555555,0.865160848733744,10.402689873417721,7310.98
CUST_00239,653,1,128.38,1,1,1,111,Hibernating,2023-03-20,2023-03-20,0,128.38,0.08213552361396304,12.175,4689.08
CUST_00240,221,2,120.38,3,1,1,311,Need Attention,2024-03-15,2024-05-25,71,60.19,0.1943874058863792,10.288732394366196,1857.84
CUST_00241,18,18,4175.28,5,4,5,545,Champions,2024-01-01,2024-12-14,348,231.95999999999998,0.9527720739219713,18.892241379310345,13146.73
CUST_00242,181,24,5346.58,4,5,5,455,Champions,2023-02-28,2024-07-04,492,222.77416666666667,1.3470225872689938,17.817073170731707,11907.55
CUST_00243,582,2,40.64,1,1,1,111,Hibernating,2023-02-08,2023-05-30,111,20.32,0.30390143737166325,6.581081081081081,401.18
CUST_00244,180,10,1182.1100000000001,4,3,3,433,Potential Loyalists,2023-09-14,2024-07-05,295,118.21100000000001,0.8076659822039699,12.38135593220339,4390.84
CUST_00245,880,1,70.27,1,1,1,111,Hibernating,2022-08-05,2022-08-05,0,70.27,0.08213552361396304,12.175,2566.61
CUST_00246,435,18,3981.25,2,4,5,245,Cannot Lose Them,2022-11-02,2023-10-24,356,221.18055555555554,0.974674880219028,18.467696629213485,12254.09
CUST_00247,175,3,120.88999999999999,4,1,1,411,New Customers,2023-12-12,2024-07-10,211,40.29666666666666,0.5776865160848734,5.193127962085308,627.8
CUST_00248,370,2,217.26999999999998,2,1,1,211,Hibernating,2023-09-30,2023-12-28,89,108.63499999999999,0.243668720054757,8.207865168539326,2674.98
CUST_00249,429,9,909.58,2,3,2,232,At Risk,2022-05-01,2023-10-30,547,101.06444444444445,1.4976043805612593,6.009597806215722,1822.07
CUST_00250,248,14,1930.48,3,4,4,344,Loyal Customers,2022-12-31,2024-04-28,484,137.89142857142858,1.325119780971937,10.565082644628099,4370.5
CUST_00251,271,10,1030.25,3,3,3,333,Need Attention,2022-08-16,2024-04-05,598,103.025,1.6372347707049966,6.107859531772576,1887.79
CUST_00252,41,2,101.14,5,1,1,511,New Customers,2024-06-02,2024-11-21,172,50.57,0.47091033538672145,4.247093023255814,644.33
CUST_00253,15,28,6865.64,5,5,5,555,Champions,2023-07-20,2024-12-17,516,245.20142857142858,1.4127310061601643,19.819767441860463,14579.51
CUST_00254,99,17,3175.8199999999997,4,4,4,444,Champions,2023-01-20,2024-09-24,613,186.81294117647056,1.678302532511978,10.129282218597064,5676.84
CUST_00255,43,6,880.8100000000001,5,2,2,522,Potential Loyalists,2024-01-25,2024-11-19,299,146.80166666666668,0.8186173853524983,7.329431438127091,3227.92
CUST_00256,298,19,4987.570000000001,3,5,5,355,Loyal Customers,2023-05-18,2024-03-09,296,262.50368421052633,0.810403832991102,23.44510135135135,18463.28
CUST_00257,50,5,904.97,4,2,2,422,Potential Loyalists,2024-03-01,2024-11-12,256,180.994,0.7008898015058179,7.1337890625,3873.52
CUST_00258,526,3,110.59,1,1,1,111,Hibernating,2023-01-02,2023-07-25,204,36.86333333333334,0.5585215605749486,5.371323529411765,594.01
CUST_00259,546,20,4810.51,1,5,5,155,Cannot Lose Them,2022-09-04,2023-07-05,304,240.52550000000002,0.8323066392881588,24.029605263157894,17339.2
CUST_00260,254,3,214.65,3,1,1,311,Need Attention,2023-09-11,2024-04-22,224,71.55,0.6132785763175906,4.891741071428572,1050.01
CUST_00261,109,6,1438.56,4,2,3,423,Potential Loyalists,2023-10-18,2024-09-14,332,239.76,0.9089664613278576,6.600903614457831,4747.9
CUST_00262,34,15,3601.0,5,4,5,545,Champions,2023-05-08,2024-11-28,570,240.06666666666666,1.5605749486652978,9.611842105263158,6922.45
CUST_00263,677,25,5248.36,1,5,5,155,Cannot Lose Them,2022-02-24,2023-02-24,365,209.93439999999998,0.999315537303217,25.017123287671232,15755.86
CUST_00264,578,27,5395.59,1,5,5,155,Cannot Lose Them,2022-03-02,2023-06-03,458,199.83666666666667,1.2539356605065024,21.532205240174672,12908.77
CUST_00265,39,5,551.05,5,2,2,522,Potential Loyalists,2024-03-27,2024-11-23,241,110.21,0.6598220396988365,7.577800829875518,2505.45
CUST_00266,279,26,5290.14,3,5,5,355,Loyal Customers,2022-12-30,2024-03-28,454,203.46692307692308,1.242984257357974,20.91740088105727,12768.0
CUST_00267,723,2,381.9,1,1,1,111,Hibernating,2022-07-22,2023-01-09,171,190.95,0.4681724845995893,4.271929824561403,2447.17
CUST_00268,126,3,271.24,4,1,1,411,New Customers,2024-01-07,2024-08-28,234,90.41333333333334,0.6406570841889117,4.682692307692308,1270.13
CUST_00269,130,10,1358.47,4,3,3,433,Potential Loyalists,2023-08-05,2024-08-24,385,135.847,1.054072553045859,9.487012987012987,3866.35
CUST_00270,251,16,2870.5,3,4,4,344,Loyal Customers,2022-06-13,2024-04-25,682,179.40625,1.8672142368240932,8.56891495601173,4611.95
CUST_00271,652,1,70.35,1,1,1,111,Hibernating,2023-03-21,2023-03-21,0,70.35,0.08213552361396304,12.175,2569.53
CUST_00272,24,18,2981.45,5,4,4,544,Champions,2024-01-08,2024-12-08,335,165.6361111111111,0.917180013689254,19.625373134328356,9752.01
CUST_00273,160,25,3889.07,4,5,5,455,Champions,2023-05-16,2024-07-25,436,155.5628,1.1937029431895962,20.943233944954127,9773.96
CUST_00274,651,20,3929.45,1,5,5,155,Cannot Lose Them,2022-02-16,2023-03-22,399,196.4725,1.0924024640657084,18.30827067669173,10791.22
CUST_00275,465,8,998.42,2,3,3,233,At Risk,2022-11-23,2023-09-24,305,124.8025,0.8350444900752909,9.580327868852459,3586.95
CUST_00276,316,10,583.54,3,3,2,332,Need Attention,2022-08-08,2024-02-20,561,58.354,1.5359342915811087,6.510695187165775,1139.78
CUST_00277,756,5,668.35,1,2,2,122,Hibernating,2022-04-12,2022-12-07,239,133.67000000000002,0.6543463381245722,7.641213389121339,3064.2
CUST_00278,218,19,2741.6,3,5,4,354,Loyal Customers,2022-08-30,2024-05-28,637,144.29473684210527,1.7440109514031485,10.89442700156986,4716.03
CUST_00279,401,9,1305.2,2,3,3,233,At Risk,2022-06-04,2023-11-27,541,145.02222222222224,1.4811772758384667,6.076247689463956,2643.57
CUST_00280,718,1,100.99,1,1,1,111,Hibernating,2023-01-14,2023-01-14,0,100.99,0.08213552361396304,12.175,3688.66
CUST_00281,517,2,46.0,2,1,1,211,Hibernating,2023-05-20,2023-08-03,75,23.0,0.2053388090349076,9.74,672.06
CUST_00282,23,9,1663.23,5,3,3,533,Potential Loyalists,2024-03-11,2024-12-09,273,184.80333333333334,0.7474332648870636,12.041208791208792,6675.77
CUST_00283,298,9,1210.52,3,3,3,333,Need Attention,2022-08-31,2024-03-09,556,134.50222222222223,1.5222450376454484,5.912320143884892,2385.66
CUST_00284,42,9,1590.93,5,3,3,533,Potential Loyalists,2023-11-30,2024-11-20,356,176.77,0.974674880219028,9.233848314606742,4896.8
CUST_00285,9,29,7644.21,5,5,5,555,Champions,2023-06-16,2024-12-23,556,263.59344827586204,1.5222450376454484,19.050809352517984,15065.01
CUST_00286,569,9,1037.32,1,3,3,133,At Risk,2022-08-02,2023-06-12,314,115.25777777777778,0.8596851471594799,10.468949044585987,3619.88
CUST_00287,536,6,439.71,1,2,2,122,Hibernating,2022-07-18,2023-07-15,362,73.285,0.9911019849418207,6.053867403314917,1330.97
CUST_00288,255,8,515.29,3,3,2,332,Need Attention,2023-01-28,2024-04-21,449,64.41125,1.2292950034223136,6.507795100222717,1257.53
CUST_00289,174,4,491.74,4,2,2,422,Potential Loyalists,2023-11-14,2024-07-11,240,122.935,0.6570841889117043,6.0875,2245.1
CUST_00290,329,3,484.03,3,1,2,312,Need Attention,2023-08-15,2024-02-07,176,161.34333333333333,0.48186173853524983,6.2258522727272725,3013.5
CUST_00291,300,10,2506.71,3,3,4,334,Need Attention,2023-02-10,2024-03-07,391,250.671,1.0704996577686516,9.341432225063938,7024.88
CUST_00292,219,2,164.22,3,1,1,311,Need Attention,2024-01-20,2024-05-27,128,82.11,0.35044490075290896,5.70703125,1405.81
CUST_00293,152,8,869.8,4,3,2,432,Potential Loyalists,2023-05-05,2024-08-02,455,108.725,1.2457221081451062,6.421978021978021,2094.69
CUST_00294,41,13,2568.02,5,4,4,544,Champions,2023-08-29,2024-11-21,450,197.54,1.2320328542094456,10.551666666666666,6253.13
CUST_00295,427,2,210.92000000000002,2,1,1,211,Hibernating,2023-08-10,2023-11-01,83,105.46000000000001,0.2272416153319644,8.801204819277109,2784.53
CUST_00296,130,35,6831.67,4,5,5,455,Champions,2023-01-04,2024-08-24,598,195.19057142857142,1.6372347707049966,21.377508361204015,12518.06
CUST_00297,16,17,2654.99,5,4,4,544,Champions,2023-03-08,2024-12-16,649,156.17588235294116,1.7768651608487338,9.567411402157164,4482.6
CUST_00298,483,3,507.38,2,1,2,212,Hibernating,2022-10-31,2023-09-06,310,169.12666666666667,0.8487337440109514,3.5346774193548387,1793.42
CUST_00299,11,21,4426.91,5,5,5,555,Champions,2024-02-24,2024-12-21,301,210.80523809523808,0.8240930869267625,25.482558139534884,16115.57
CUST_00300,347,23,6314.99,2,5,5,255,Cannot Lose Them,2023-01-03,2024-01-20,382,274.5647826086956,1.0458590006844628,21.991492146596855,18114.27
CUST_00301,1,17,2486.0,5,4,4,544,Champions,2023-05-31,2024-12-31,580,146.23529411764707,1.5879534565366187,10.705603448275863,4696.61
CUST_00302,966,1,112.86,1,1,1,111,Hibernating,2022-05-11,2022-05-11,0,112.86,0.08213552361396304,12.175,4122.21
CUST_00303,322,16,2583.36,3,4,4,344,Loyal Customers,2022-08-06,2024-02-14,557,161.46,1.5249828884325805,10.491921005385997,5082.08
CUST_00304,145,12,2187.66,4,4,4,444,Champions,2023-05-26,2024-08-09,441,182.30499999999998,1.2073921971252566,9.938775510204083,5435.67
CUST_00305,244,8,1116.84,3,3,3,333,Need Attention,2022-12-28,2024-05-02,491,139.605,1.3442847364818618,5.95112016293279,2492.42
CUST_00306,170,9,2265.66,4,3,4,434,Potential Loyalists,2023-02-07,2024-07-15,524,251.73999999999998,1.434633812457221,6.27337786259542,4737.78
CUST_00307,50,6,859.21,4,2,2,422,Potential Loyalists,2023-10-04,2024-11-12,405,143.20166666666668,1.108829568788501,5.411111111111111,2324.64
CUST_00308,26,12,2463.1,5,4,4,544,Champions,2023-08-10,2024-12-06,484,205.25833333333333,1.325119780971937,9.055785123966942,5576.33
CUST_00309,120,8,1240.92,4,3,3,433,Potential Loyalists,2023-11-12,2024-09-03,296,155.115,0.810403832991102,9.871621621621621,4593.71
CUST_00310,269,13,1542.6200000000001,3,4,3,343,Loyal Customers,2022-12-22,2024-04-07,472,118.66307692307693,1.2922655715263518,10.059851694915254,3581.2
CUST_00311,190,6,679.91,3,2,2,322,Need Attention,2023-09-23,2024-06-25,276,113.31833333333333,0.75564681724846,7.940217391304348,2699.32
CUST_00312,710,9,1402.6299999999999,1,3,3,133,At Risk,2022-05-16,2023-01-22,251,155.84777777777776,0.6872005475701575,13.096613545816732,6123.23
CUST_00313,5,22,4131.17,5,5,5,555,Champions,2023-12-19,2024-12-27,374,187.78045454545455,1.0239561943874058,21.48529411764706,12103.55
CUST_00314,364,2,100.92,2,1,1,211,Hibernating,2023-11-02,2024-01-03,62,50.46,0.1697467488021903,11.782258064516128,1783.6
CUST_00315,27,5,786.75,5,2,2,522,Potential Loyalists,2024-02-29,2024-12-05,280,157.35,0.7665982203969883,6.522321428571429,3078.86
CUST_00316,520,9,1536.64,1,3,3,133,At Risk,2022-08-23,2023-07-31,342,170.73777777777778,0.9363449691991786,9.611842105263158,4923.31
CUST_00317,595,13,2453.25,1,4,4,144,Cannot Lose Them,2022-02-17,2023-05-17,454,188.71153846153845,1.242984257357974,10.458700440528634,5921.03
CUST_00318,442,11,1923.8400000000001,2,4,4,244,Cannot Lose Them,2022-09-23,2023-10-17,389,174.89454545454547,1.0650239561943875,10.32840616966581,5419.15
CUST_00319,554,2,49.59,1,1,1,111,Hibernating,2023-03-17,2023-06-27,102,24.795,0.2792607802874743,7.161764705882353,532.73
CUST_00320,431,17,4585.37,2,4,5,245,Cannot Lose Them,2022-12-28,2023-10-28,304,269.72764705882355,0.8323066392881588,20.42516447368421,16527.69
CUST_00321,66,16,2972.45,4,4,4,444,Champions,2023-05-23,2024-10-27,523,185.778125,1.431895961670089,11.173996175908222,6227.65
CUST_00322,4,18,5417.25,5,4,5,545,Champions,2024-01-08,2024-12-28,355,300.9583333333333,0.971937029431896,18.519718309859154,16720.99
CUST_00323,29,16,3235.36,5,4,4,544,Champions,2023-04-08,2024-12-03,605,202.21,1.6563997262149213,9.659504132231405,5859.74
CUST_00324,2,33,7462.04,5,5,5,555,Champions,2023-05-28,2024-12-30,582,226.12242424242424,1.593429158110883,20.710051546391753,14049.02
CUST_00325,324,19,2906.73,3,5,4,354,Loyal Customers,2022-03-12,2024-02-12,702,152.9857894736842,1.9219712525667352,9.88568376068376,4537.11
CUST_00326,23,5,373.41,5,2,1,521,Potential Loyalists,2024-01-28,2024-12-09,316,74.682,0.865160848733744,5.779272151898734,1294.82
CUST_00327,274,3,389.48,3,1,1,311,Need Attention,2023-06-17,2024-04-02,290,129.82666666666668,0.7939767282683093,3.778448275862069,1471.63
CUST_00328,109,9,1307.26,4,3,3,433,Potential Loyalists,2023-05-01,2024-09-14,502,145.2511111111111,1.374401095140315,6.548306772908366,2853.45
CUST_00329,552,28,6579.67,1,5,5,155,Cannot Lose Them,2022-04-16,2023-06-29,439,234.9882142857143,1.2019164955509924,23.29612756264237,16422.95
CUST_00330,88,15,2543.94,4,4,4,444,Champions,2023-04-12,2024-10-05,542,169.596,1.483915126625599,10.108394833948338,5143.03
CUST_00331,26,10,1803.3,5,3,4,534,Potential Loyalists,2024-01-14,2024-12-06,327,180.32999999999998,0.8952772073921971,11.169724770642203,6042.71
CUST_00332,380,4,224.16,2,2,1,221,Hibernating,2023-05-24,2023-12-18,208,56.04,0.5694729637234771,7.024038461538461,1180.88
CUST_00333,438,15,2005.8,2,4,4,244,Cannot Lose Them,2022-05-16,2023-10-21,523,133.72,1.431895961670089,10.475621414913958,4202.4
CUST_00334,194,7,1105.69,3,2,3,323,Need Attention,2023-06-30,2024-06-21,357,157.9557142857143,0.9774127310061602,7.161764705882352,3393.72
CUST_00335,631,2,187.82,1,1,1,111,Hibernating,2022-12-20,2023-04-11,112,93.91,0.3066392881587953,6.522321428571429,1837.53
CUST_00336,682,3,116.99,1,1,1,111,Hibernating,2022-09-07,2023-02-19,165,38.99666666666666,0.4517453798767967,6.6409090909090915,776.92
CUST_00337,57,8,1292.8700000000001,4,3,3,433,Potential Loyalists,2023-10-02,2024-11-05,400,161.60875000000001,1.0951403148528405,7.305000000000001,3541.66
CUST_00338,347,1,239.99,2,1,1,211,Hibernating,2024-01-20,2024-01-20,0,239.99,0.08213552361396304,12.175,8765.63
CUST_00339,10,13,2323.88,5,4,4,544,Champions,2023-07-12,2024-12-22,529,178.76000000000002,1.4483230663928817,8.975897920604915,4813.59
CUST_00340,786,4,323.95,1,2,1,121,Hibernating,2022-04-23,2022-11-07,198,80.9875,0.5420944558521561,7.378787878787878,1792.77
CUST_00341,274,18,2156.46,3,4,4,344,Loyal Customers,2022-03-29,2024-04-02,735,119.80333333333334,2.0123203285420943,8.944897959183674,3214.89
CUST_00342,735,3,213.94,1,1,1,111,Hibernating,2022-05-12,2022-12-28,230,71.31333333333333,0.6297056810403833,4.764130434782609,1019.24
CUST_00343,269,16,2369.03,3,4,4,344,Loyal Customers,2022-05-20,2024-04-07,688,148.064375,1.8836413415468858,8.494186046511627,3773.06
CUST_00344,6,11,1920.88,5,4,4,544,Champions,2023-10-21,2024-12-26,432,174.62545454545455,1.1827515400410678,9.300347222222221,4872.23
CUST_00345,81,24,3971.4,4,5,5,455,Champions,2023-08-16,2024-10-12,423,165.475,1.158110882956879,20.72340425531915,10287.62
CUST_00346,18,7,750.3299999999999,5,2,2,522,Potential Loyalists,2023-11-10,2024-12-14,400,107.18999999999998,1.0951403148528405,6.391875000000001,2055.44
CUST_00347,522,5,480.75,1,2,2,122,Hibernating,2022-12-22,2023-07-29,219,96.15,0.5995893223819302,8.33904109589041,2405.4
CUST_00348,43,12,2468.4,5,4,4,544,Champions,2023-08-26,2024-11-19,451,205.70000000000002,1.2347707049965777,9.71840354767184,5997.23
CUST_00349,287,15,1932.54,3,4,4,344,Loyal Customers,2022-08-29,2024-03-20,569,128.83599999999998,1.5578370978781657,9.628734622144112,3721.58
CUST_00350,187,3,409.53999999999996,3,1,2,312,Need Attention,2023-07-21,2024-06-28,343,136.51333333333332,0.9390828199863107,3.194606413994169,1308.32
CUST_00351,249,23,4846.9800000000005,3,5,5,355,Loyal Customers,2023-02-17,2024-04-27,435,210.73826086956524,1.1909650924024642,19.31206896551724,12209.38
CUST_00352,880,1,98.57,1,1,1,111,Hibernating,2022-08-05,2022-08-05,0,98.57,0.08213552361396304,12.175,3600.27
CUST_00353,418,32,5936.52,2,5,5,255,Cannot Lose Them,2022-04-07,2023-11-10,582,185.51625,1.593429158110883,20.082474226804123,11176.88
CUST_00354,230,20,4413.35,3,5,5,355,Loyal Customers,2023-06-27,2024-05-16,324,220.66750000000002,0.8870636550308009,22.546296296296294,14925.7
CUST_00355,7,21,2786.93,5,5,4,554,Champions,2024-01-17,2024-12-25,343,132.71095238095236,0.9390828199863107,22.362244897959183,8903.14
CUST_00356,718,2,40.72,1,1,1,111,Hibernating,2022-08-19,2023-01-14,148,20.36,0.405201916495551,4.9358108108108105,301.48
CUST_00357,21,25,5376.1900000000005,5,5,5,555,Champions,2023-10-07,2024-12-11,431,215.04760000000002,1.1800136892539357,21.186194895591647,13668.12
CUST_00358,318,20,3761.28,3,5,5,355,Loyal Customers,2023-02-15,2024-02-18,368,188.06400000000002,1.0075290896646132,19.85054347826087,11199.52
CUST_00359,805,2,85.53999999999999,1,1,1,111,Hibernating,2022-06-14,2022-10-19,127,42.769999999999996,0.34770704996577684,5.751968503937008,738.04
CUST_00360,48,9,2087.59,4,3,4,434,Potential Loyalists,2024-01-22,2024-11-14,297,231.95444444444445,0.813141683778234,11.068181818181818,7701.94
CUST_00361,32,7,791.3,5,2,2,522,Potential Loyalists,2024-03-30,2024-11-30,245,113.04285714285713,0.6707734428473648,10.435714285714285,3539.05
CUST_00362,328,8,723.3100000000001,3,3,2,332,Need Attention,2023-01-02,2024-02-08,402,90.41375000000001,1.1006160164271048,7.26865671641791,1971.56
CUST_00363,18,13,1471.54,5,4,3,543,Loyal Customers,2023-10-09,2024-12-14,432,113.19538461538461,1.1827515400410678,10.991319444444445,3732.5
CUST_00364,159,9,1839.7900000000002,4,3,4,434,Potential Loyalists,2023-11-06,2024-07-26,263,204.42111111111114,0.7200547570157426,12.499049429657795,7665.21
CUST_00365,371,13,2777.53,2,4,4,244,Cannot Lose Them,2022-09-23,2023-12-27,460,213.65615384615387,1.2594113620807665,10.322282608695653,6616.26
CUST_00366,281,2,65.16,3,1,1,311,Need Attention,2024-01-06,2024-03-26,80,32.58,0.2190280629705681,9.13125,892.49
CUST_00367,947,1,269.02,1,1,1,111,Hibernating,2022-05-30,2022-05-30,0,269.02,0.08213552361396304,12.175,9825.96
CUST_00368,256,3,187.94,3,1,1,311,Need Attention,2023-08-16,2024-04-20,248,62.64666666666667,0.6789869952087612,4.418346774193548,830.38
CUST_00369,626,5,619.87,1,2,2,122,Hibernating,2022-05-30,2023-04-16,321,123.974,0.8788501026694046,5.689252336448598,2115.96
CUST_00370,494,8,813.43,2,3,2,232,At Risk,2022-06-05,2023-08-26,447,101.67875,1.2238193018480492,6.5369127516778525,1994.0
CUST_00371,10,8,1393.4099999999999,5,3,3,533,Potential Loyalists,2024-02-14,2024-12-22,312,174.17624999999998,0.8542094455852156,9.365384615384615,4893.68
CUST_00372,153,24,4567.68,4,5,5,455,Champions,2023-05-12,2024-08-01,447,190.32000000000002,1.2238193018480492,19.610738255033556,11196.95
CUST_00373,326,18,4068.58,3,4,5,345,Loyal Customers,2023-03-02,2024-02-10,345,226.03222222222223,0.944558521560575,19.056521739130435,12922.16
CUST_00374,64,4,628.3699999999999,4,2,2,422,Potential Loyalists,2024-03-31,2024-10-29,212,157.09249999999997,0.5804243668720055,6.891509433962264,3247.81
CUST_00375,204,10,1335.48,3,3,3,333,Need Attention,2023-07-09,2024-06-11,338,133.548,0.9253935660506503,10.80621301775148,4329.44
CUST_00376,370,15,4573.12,2,4,5,245,Cannot Lose Them,2023-04-30,2023-12-28,242,304.87466666666666,0.6625598904859685,22.639462809917354,20706.6
CUST_00377,88,2,402.40999999999997,4,1,2,412,New Customers,2024-05-13,2024-10-05,145,201.20499999999998,0.39698836413415467,5.037931034482759,3040.97
CUST_00378,337,3,248.89000000000001,3,1,1,311,Need Attention,2023-06-22,2024-01-30,222,82.96333333333334,0.6078028747433265,4.9358108108108105,1228.47
CUST_00379,266,10,1243.6,3,3,3,333,Need Attention,2023-06-02,2024-04-10,313,124.35999999999999,0.8569472963723477,11.669329073482428,4353.59
CUST_00380,640,9,964.6600000000001,1,3,2,132,At Risk,2022-05-13,2023-04-02,324,107.18444444444445,0.8870636550308009,10.145833333333332,3262.43
CUST_00381,633,2,392.91,1,1,1,111,Hibernating,2022-12-01,2023-04-09,129,196.455,0.3531827515400411,5.662790697674418,3337.45
CUST_00382,400,39,8509.48,2,5,5,255,Cannot Lose Them,2022-02-02,2023-11-28,664,218.19179487179485,1.8179329226557153,21.45293674698795,14042.56
CUST_00383,644,4,529.5699999999999,1,2,2,122,Hibernating,2022-08-08,2023-03-29,233,132.39249999999998,0.6379192334017796,6.2703862660944205,2490.46
CUST_00384,508,5,646.28,2,2,2,222,Hibernating,2022-11-16,2023-08-12,269,129.256,0.7364818617385352,6.7890334572490705,2632.57
CUST_00385,598,5,716.13,1,2,2,122,Hibernating,2022-09-08,2023-05-14,248,143.226,0.6789869952087612,7.36391129032258,3164.11
CUST_00386,368,29,6059.63,2,5,5,255,Cannot Lose Them,2022-08-30,2023-12-30,487,208.95275862068965,1.3333333333333333,21.75,13634.17
CUST_00387,207,10,2024.93,3,3,4,334,Need Attention,2023-09-04,2024-06-08,278,202.493,0.7611225188227242,13.138489208633093,7981.36
CUST_00388,226,10,937.78,3,3,2,332,Need Attention,2022-10-07,2024-05-20,591,93.77799999999999,1.6180698151950719,6.180203045685279,1738.7
CUST_00389,218,18,3040.24,3,4,4,344,Loyal Customers,2022-05-27,2024-05-28,732,168.9022222222222,2.004106776180698,8.98155737704918,4551.01
CUST_00390,10,9,1554.1,5,3,3,533,Potential Loyalists,2024-03-08,2024-12-22,289,172.67777777777778,0.7912388774811773,11.374567474048442,5892.41
CUST_00391,3,24,4972.22,5,5,5,555,Champions,2023-11-22,2024-12-29,403,207.17583333333334,1.103353867214237,21.75186104218362,13519.38
CUST_00392,7,10,1429.0,5,3,3,533,Potential Loyalists,2024-02-09,2024-12-25,320,142.9,0.8761122518822724,11.4140625,4893.21
CUST_00393,394,15,1789.26,2,4,3,243,Loyal Customers,2022-06-27,2023-12-04,525,119.284,1.4373716632443532,10.435714285714285,3734.44
CUST_00394,204,18,3267.81,3,4,4,344,Loyal Customers,2022-11-08,2024-06-11,581,181.545,1.5906913073237507,11.315834767641997,6163.0
CUST_00395,486,8,1343.8600000000001,2,3,3,233,At Risk,2022-07-11,2023-09-03,419,167.98250000000002,1.1471594798083504,6.973747016706444,3514.4
CUST_00396,750,1,65.09,1,1,1,111,Hibernating,2022-12-13,2022-12-13,0,65.09,0.08213552361396304,12.175,2377.41
CUST_00397,17,15,2748.75,5,4,4,544,Champions,2023-05-23,2024-12-15,572,183.25,1.566050650239562,9.578234265734267,5265.63
CUST_00398,292,14,1502.52,3,4,3,343,Loyal Customers,2022-08-07,2024-03-15,586,107.32285714285715,1.6043805612594113,8.726109215017065,2809.53
CUST_00399,17,9,1604.26,5,3,3,533,Potential Loyalists,2024-02-04,2024-12-15,315,178.2511111111111,0.8624229979466119,10.435714285714285,5580.53
CUST_00400,344,4,363.70000000000005,2,2,1,221,Hibernating,2023-08-06,2024-01-23,170,90.92500000000001,0.4654346338124572,8.594117647058823,2344.26
CUST_00401,719,3,430.33000000000004,1,1,2,112,Hibernating,2022-06-27,2023-01-13,200,143.44333333333336,0.5475701574264202,5.478750000000001,2357.67
CUST_00402,232,18,3760.56,3,4,5,345,Loyal Customers,2023-07-13,2024-05-14,306,208.92,0.837782340862423,21.485294117647058,13466.12
CUST_00403,240,2,133.25,3,1,1,311,Need Attention,2023-12-10,2024-05-06,148,66.625,0.405201916495551,4.9358108108108105,986.55
CUST_00404,216,3,192.67000000000002,3,1,1,311,Need Attention,2023-12-13,2024-05-30,169,64.22333333333334,0.46269678302532513,6.483727810650888,1249.22
CUST_00405,409,9,1418.51,2,3,3,233,At Risk,2022-06-16,2023-11-19,521,157.61222222222221,1.4264202600958247,6.309500959692898,2983.36
CUST_00406,22,33,9527.63,5,5,5,555,Champions,2023-02-15,2024-12-10,664,288.7160606060606,1.8179329226557153,18.152484939759034,15722.74
CUST_00407,95,27,5734.5599999999995,4,5,5,455,Champions,2023-07-03,2024-09-28,453,212.3911111111111,1.2402464065708418,21.769867549668874,13871.18
CUST_00408,113,14,1846.93,4,4,4,444,Champions,2023-03-13,2024-09-10,547,131.92357142857142,1.4976043805612593,9.348263254113347,3699.77
CUST_00409,36,5,426.22,5,2,2,522,Potential Loyalists,2024-03-19,2024-11-26,252,85.244,0.6899383983572895,7.247023809523809,1853.3
CUST_00410,599,3,332.90999999999997,1,1,1,111,Hibernating,2022-09-28,2023-05-13,227,110.96999999999998,0.621492128678987,4.827092511013216,1606.99
CUST_00411,115,11,1458.19,4,4,3,443,Loyal Customers,2023-09-17,2024-09-08,357,132.56272727272727,0.9774127310061602,11.254201680672269,4475.66
CUST_00412,11,31,5861.69,5,5,5,555,Champions,2023-05-27,2024-12-21,574,189.08677419354837,1.571526351813826,19.72604529616725,11189.8
CUST_00413,457,14,2230.2200000000003,2,4,4,244,Cannot Lose Them,2022-05-12,2023-10-02,508,159.3014285714286,1.3908281998631074,10.065944881889765,4810.56
CUST_00414,361,3,452.40000000000003,2,1,2,212,Hibernating,2023-05-05,2024-01-06,246,150.8,0.6735112936344969,4.454268292682927,2015.11
CUST_00415,18,23,4132.92,5,5,5,555,Champions,2023-12-26,2024-12-14,354,179.6921739130435,0.9691991786447639,23.73093220338983,12792.79
CUST_00416,79,8,1113.27,4,3,3,433,Potential Loyalists,2023-08-25,2024-10-14,416,139.15875,1.1389459274469542,7.024038461538461,2932.37
CUST_00417,29,7,726.4100000000001,5,2,2,522,Potential Loyalists,2024-02-18,2024-12-03,289,103.77285714285715,0.7912388774811773,8.84688581314879,2754.2
CUST_00418,630,1,176.81,1,1,1,111,Hibernating,2023-04-12,2023-04-12,0,176.81,0.08213552361396304,12.175,6457.99
CUST_00419,378,7,966.17,2,2,2,222,Hibernating,2022-09-12,2023-12-20,464,138.0242857142857,1.270362765229295,5.510237068965517,2281.64
CUST_00420,167,2,71.72,4,1,1,411,New Customers,2024-04-18,2024-07-18,91,35.86,0.24914442162902123,8.027472527472527,863.6
CUST_00421,200,1,152.08,3,1,1,311,Need Attention,2024-06-15,2024-06-15,0,152.08,0.08213552361396304,12.175,5554.72
CUST_00422,197,17,2873.19,3,4,4,344,Loyal Customers,2022-11-13,2024-06-18,583,169.01117647058823,1.596167008898015,10.650514579759863,5400.17
CUST_00423,9,9,1247.18,5,3,3,533,Potential Loyalists,2024-03-10,2024-12-23,288,138.57555555555555,0.7885010266940452,11.4140625,4745.13
CUST_00424,95,19,3862.2400000000002,4,5,5,455,Champions,2023-08-31,2024-09-28,394,203.27578947368423,1.0787132101300478,17.613578680203048,10741.24
CUST_00425,24,14,3245.44,5,4,4,544,Champions,2023-08-07,2024-12-08,489,231.81714285714287,1.3388090349075976,10.457055214723926,7272.37
CUST_00426,15,26,6856.65,5,5,5,555,Champions,2023-09-11,2024-12-17,463,263.71730769230766,1.267624914442163,20.510799136069114,16227.16
CUST_00427,537,7,744.71,1,2,2,122,Hibernating,2022-07-24,2023-07-14,355,106.38714285714286,0.971937029431896,7.202112676056338,2298.64
CUST_00428,364,4,876.39,2,2,2,222,Hibernating,2023-07-08,2024-01-03,179,219.0975,0.49007529089664614,8.162011173184357,5364.83
CUST_00429,225,6,963.93,3,2,2,322,Need Attention,2023-05-19,2024-05-21,368,160.655,1.0075290896646132,5.955163043478262,2870.18
CUST_00430,735,2,35.43,1,1,1,111,Hibernating,2022-07-12,2022-12-28,169,17.715,0.46269678302532513,4.322485207100591,229.72
CUST_00431,203,13,2012.8899999999999,3,4,4,344,Loyal Customers,2023-01-11,2024-06-12,518,154.8376923076923,1.4182067077344285,9.166505791505791,4257.96
CUST_00432,80,13,2126.92,4,4,4,444,Champions,2023-06-22,2024-10-13,479,163.60923076923078,1.3114305270362765,9.912839248434238,4865.5
CUST_00433,205,10,1517.7,3,3,3,333,Need Attention,2023-03-01,2024-06-10,467,151.77,1.2785763175906912,7.821199143468951,3561.07
CUST_00434,102,18,3660.92,4,4,5,445,Champions,2023-12-11,2024-09-21,285,203.38444444444445,0.7802874743326489,23.068421052631578,14075.27
CUST_00435,345,5,471.84000000000003,2,2,2,222,Hibernating,2023-04-14,2024-01-22,283,94.36800000000001,0.7748117727583846,6.453180212014135,1826.92
CUST_00436,286,11,1162.3,3,4,3,343,Loyal Customers,2023-01-15,2024-03-21,431,105.66363636363636,1.1800136892539357,9.321925754060326,2954.97
CUST_00437,1,12,1646.28,5,4,3,543,Loyal Customers,2023-11-21,2024-12-31,406,137.19,1.111567419575633,10.795566502463055,4443.13
CUST_00438,61,6,705.36,4,2,2,422,Potential Loyalists,2023-11-30,2024-11-01,337,117.56,0.9226557152635181,6.502967359050445,2293.47
CUST_00439,63,12,2357.48,4,4,4,444,Champions,2023-09-22,2024-10-30,404,196.45666666666668,1.106091718001369,10.849009900990099,6394.08
CUST_00440,133,12,2818.44,4,4,4,444,Champions,2023-08-06,2024-08-21,381,234.87,1.0431211498973305,11.503937007874017,8105.79
CUST_00441,528,27,7051.78,1,5,5,155,Cannot Lose Them,2022-03-11,2023-07-23,499,261.17703703703705,1.3661875427789185,19.76302605210421,15484.95
CUST_00442,402,3,333.36,2,1,1,211,Hibernating,2023-04-22,2023-11-26,218,111.12,0.5968514715947981,5.026376146788991,1675.59
CUST_00443,341,15,3522.55,2,4,5,245,Cannot Lose Them,2023-05-10,2024-01-26,261,234.83666666666667,0.7145790554414785,20.991379310344826,14788.64
CUST_00444,358,5,1152.52,2,2,3,223,Hibernating,2023-04-17,2024-01-09,267,230.504,0.731006160164271,6.839887640449438,4729.86
CUST_00445,660,2,254.59,1,1,1,111,Hibernating,2023-01-07,2023-03-13,65,127.295,0.17796030116358658,11.23846153846154,4291.8
CUST_00446,788,1,7.33,1,1,1,111,Hibernating,2022-11-05,2022-11-05,0,7.33,0.08213552361396304,12.175,267.73
CUST_00447,199,4,538.92,3,2,2,322,Need Attention,2023-11-26,2024-06-16,203,134.73,0.5557837097878165,7.197044334975369,2908.97
CUST_00448,459,16,2580.35,2,4,4,244,Cannot Lose Them,2022-03-10,2023-09-30,569,161.271875,1.5578370978781657,10.270650263620386,4969.1
CUST_00449,359,7,673.8299999999999,2,2,2,222,Hibernating,2023-01-10,2024-01-08,363,96.26142857142857,0.9938398357289527,7.043388429752066,2034.02
CUST_00450,412,3,207.02,2,1,1,211,Hibernating,2023-03-11,2023-11-16,250,69.00666666666667,0.6844626967830253,4.383,907.37
CUST_00451,6,8,1440.29,5,3,3,533,Potential Loyalists,2024-02-18,2024-12-26,312,180.03625,0.8542094455852156,9.365384615384615,5058.33
CUST_00452,1,14,2179.89,5,4,4,544,Champions,2023-08-02,2024-12-31,517,155.70642857142857,1.4154688569472964,9.890715667311412,4620.14
CUST_00453,13,20,4430.4,5,5,5,555,Champions,2024-01-21,2024-12-19,333,221.51999999999998,0.9117043121149897,21.936936936936938,14578.41
CUST_00454,471,4,352.53999999999996,2,2,1,221,Hibernating,2023-04-21,2023-09-18,150,88.13499999999999,0.4106776180698152,9.74,2575.3
CUST_00455,6,24,4682.55,5,5,5,555,Champions,2023-11-17,2024-12-26,405,195.10625000000002,1.108829568788501,21.644444444444446,12668.9
CUST_00456,466,1,88.11,2,1,1,211,Hibernating,2023-09-23,2023-09-23,0,88.11,0.08213552361396304,12.175,3218.22
CUST_00457,9,18,5610.29,5,4,5,545,Champions,2024-02-14,2024-12-23,313,311.6827777777778,0.8569472963723477,21.004792332268373,19640.5
CUST_00458,27,8,865.14,5,3,2,532,Potential Loyalists,2023-08-12,2024-12-05,481,108.1425,1.3169062286105406,6.0748440748440755,1970.85
CUST_00459,143,6,782.65,4,2,2,422,Potential Loyalists,2023-10-29,2024-08-11,287,130.44166666666666,0.785763175906913,7.635888501742161,2988.11
CUST_00460,25,5,561.49,5,2,2,522,Potential Loyalists,2024-04-03,2024-12-07,248,112.298,0.6789869952087612,7.36391129032258,2480.86
CUST_00461,97,12,2143.28,4,4,4,444,Champions,2023-07-15,2024-09-26,439,178.60666666666668,1.2019164955509924,9.984054669703873,5349.66
CUST_00462,7,10,1884.61,5,3,4,534,Potential Loyalists,2023-12-13,2024-12-25,378,188.46099999999998,1.0349075975359343,9.662698412698413,5463.13
CUST_00463,332,10,1413.52,3,3,3,333,Need Attention,2022-09-05,2024-02-04,517,141.352,1.4154688569472964,7.064796905222437,2995.87
CUST_00464,33,14,2690.87,5,4,4,544,Champions,2023-05-09,2024-11-29,570,192.20499999999998,1.5605749486652978,8.971052631578948,5172.84
CUST_00465,136,5,302.53999999999996,4,2,1,421,Potential Loyalists,2024-01-25,2024-08-18,206,60.507999999999996,0.5639972621492129,8.865291262135923,1609.26
CUST_00466,212,6,809.95,3,2,2,322,Need Attention,2023-08-18,2024-06-03,290,134.99166666666667,0.7939767282683093,7.556896551724138,3060.35
CUST_00467,520,21,4355.27,1,5,5,155,Cannot Lose Them,2022-08-31,2023-07-31,334,207.39380952380955,0.9144421629021219,22.964820359281436,14288.28
CUST_00468,211,6,862.38,3,2,2,322,Need Attention,2023-08-10,2024-06-04,299,143.73,0.8186173853524983,7.329431438127091,3160.38
CUST_00469,35,6,1154.32,5,2,3,523,Potential Loyalists,2023-12-01,2024-11-27,362,192.38666666666666,0.9911019849418207,6.053867403314917,3494.05
CUST_00470,41,5,1122.71,5,2,3,523,Potential Loyalists,2024-03-25,2024-11-21,241,224.542,0.6598220396988365,7.577800829875518,5104.6
CUST_00471,2,18,4602.53,5,4,5,545,Champions,2024-01-26,2024-12-30,339,255.6961111111111,0.9281314168377823,19.393805309734514,14876.76
CUST_00472,530,3,546.36,1,1,2,112,Hibernating,2022-11-22,2023-07-21,241,182.12,0.6598220396988365,4.546680497925311,2484.12
CUST_00473,516,4,427.76,2,2,2,222,Hibernating,2023-01-24,2023-08-04,192,106.94,0.5256673511293635,7.609375,2441.24
CUST_00474,164,2,321.78999999999996,4,1,1,411,New Customers,2024-02-13,2024-07-21,159,160.89499999999998,0.4353182751540041,4.59433962264151,2217.62
CUST_00475,105,4,441.42,4,2,2,422,Potential Loyalists,2024-03-08,2024-09-18,194,110.355,0.5311430527036276,7.530927835051547,2493.23
CUST_00476,482,20,6176.74,2,5,5,255,Cannot Lose Them,2022-09-03,2023-09-07,369,308.837,1.0102669404517455,19.79674796747967,18341.9
CUST_00477,268,3,125.49000000000001,3,1,1,311,Need Attention,2023-08-15,2024-04-08,237,41.830000000000005,0.648870636550308,4.6234177215189876,580.19
CUST_00478,530,3,340.94,1,1,1,111,Hibernating,2022-12-22,2023-07-21,211,113.64666666666666,0.5776865160848734,5.193127962085308,1770.55
CUST_00479,283,19,2460.44,3,5,4,354,Loyal Customers,2022-04-01,2024-03-24,723,129.49684210526317,1.9794661190965093,9.598547717842324,3728.94
CUST_00480,41,3,503.57,5,1,2,512,New Customers,2024-03-08,2024-11-21,258,167.85666666666665,0.7063655030800822,4.247093023255814,2138.71
CUST_00481,238,9,1012.44,3,3,3,333,Need Attention,2023-01-09,2024-05-08,485,112.49333333333334,1.3278576317590691,6.777835051546392,2287.38
CUST_00482,8,35,6369.25,5,5,5,555,Champions,2023-04-17,2024-12-24,617,181.97857142857143,1.6892539356605065,20.719205834683954,11311.35
CUST_00483,711,20,5214.47,1,5,5,155,Cannot Lose Them,2022-01-18,2023-01-21,368,260.7235,1.0075290896646132,19.85054347826087,15526.51
CUST_00484,14,26,5259.41,5,5,5,555,Champions,2023-09-28,2024-12-18,447,202.285,1.2238193018480492,21.24496644295302,12892.61
CUST_00485,16,14,2922.79,5,4,4,544,Champions,2023-08-14,2024-12-16,490,208.7707142857143,1.3415468856947297,10.435714285714285,6536.01
CUST_00486,30,9,2097.5,5,3,4,534,Potential Loyalists,2023-05-07,2024-12-02,575,233.05555555555554,1.5742642026009583,5.71695652173913,3997.11
CUST_00487,655,2,197.41,1,1,1,111,Hibernating,2022-12-23,2023-03-18,85,98.705,0.2327173169062286,8.594117647058823,2544.85
CUST_00488,546,2,206.53,1,1,1,111,Hibernating,2023-04-23,2023-07-05,73,103.265,0.1998631074606434,10.006849315068493,3100.07
CUST_00489,213,21,4858.99,3,5,5,355,Loyal Customers,2023-06-08,2024-06-02,360,231.38047619047617,0.9856262833675564,21.306250000000002,14789.55
CUST_00490,598,8,958.6700000000001,1,3,2,132,At Risk,2022-06-28,2023-05-14,320,119.83375000000001,0.8761122518822724,9.13125,3282.7
CUST_00491,230,16,3623.15,3,4,5,345,Loyal Customers,2023-08-29,2024-05-16,261,226.446875,0.7145790554414785,22.39080459770115,15210.98
CUST_00492,561,13,1828.19,1,4,4,144,Cannot Lose Them,2022-03-07,2023-06-20,470,140.63,1.2867898699520877,10.102659574468085,4262.21
CUST_00493,490,6,1029.03,2,2,3,223,Hibernating,2022-10-21,2023-08-30,313,171.505,0.8569472963723477,7.001597444089457,3602.43
CUST_00494,727,1,159.45,1,1,1,111,Hibernating,2023-01-05,2023-01-05,0,159.45,0.08213552361396304,12.175,5823.91
CUST_00495,516,5,538.83,2,2,2,222,Hibernating,2022-10-27,2023-08-04,281,107.766,0.7693360711841205,6.499110320284697,2101.15
CUST_00496,427,1,15.51,2,1,1,211,Hibernating,2023-11-01,2023-11-01,0,15.51,0.08213552361396304,12.175,566.5
CUST_00497,335,1,54.08,3,1,1,311,Need Attention,2024-02-01,2024-02-01,0,54.08,0.08213552361396304,12.175,1975.27
CUST_00498,13,6,871.1099999999999,5,2,2,522,Potential Loyalists,2023-12-23,2024-12-19,362,145.18499999999997,0.9911019849418207,6.053867403314917,2636.79
CUST_00499,393,6,1090.85,2,2,3,223,Hibernating,2022-11-25,2023-12-05,375,181.8083333333333,1.0266940451745379,5.844,3187.46
CUST_00500,679,16,2768.19,1,4,4,144,Cannot Lose Them,2022-04-13,2023-02-22,315,173.011875,0.8624229979466119,18.55238095238095,9629.35
CUST_00501,400,10,2274.22,2,3,4,234,Cannot Lose Them,2022-12-28,2023-11-28,335,227.42199999999997,0.917180013689254,10.902985074626866,7438.74
CUST_00502,513,6,946.1100000000001,2,2,2,222,Hibernating,2022-08-24,2023-08-07,348,157.68500000000003,0.9527720739219713,6.297413793103448,2979.02
CUST_00503,654,5,834.2,1,2,2,122,Hibernating,2022-07-01,2023-03-19,261,166.84,0.7145790554414785,6.997126436781609,3502.2
CUST_00504,315,19,4639.99,3,5,5,355,Loyal Customers,2023-02-16,2024-02-21,370,244.20999999999998,1.0130047912388775,18.75608108108108,13741.27
CUST_00505,236,18,2925.21,3,4,4,344,Loyal Customers,2022-06-29,2024-05-10,681,162.51166666666666,1.864476386036961,9.65418502202643,4706.75
CUST_00506,39,10,1641.7,5,3,3,533,Potential Loyalists,2024-01-02,2024-11-23,326,164.17000000000002,0.892539356605065,11.20398773006135,5518.08
CUST_00507,240,14,2237.4,3,4,4,344,Loyal Customers,2023-01-04,2024-05-06,488,159.81428571428572,1.3360711841204653,10.478483606557377,5023.83
CUST_00508,16,8,1425.49,5,3,3,533,Potential Loyalists,2024-02-12,2024-12-16,308,178.18625,0.8432580424366872,9.487012987012987,5071.37
CUST_00509,255,13,3523.52,3,4,5,345,Loyal Customers,2023-02-08,2024-04-21,438,271.04,1.1991786447638604,10.840753424657533,8814.83
CUST_00510,113,4,325.46000000000004,4,2,1,421,Potential Loyalists,2024-03-16,2024-09-10,178,81.36500000000001,0.487337440109514,8.207865168539326,2003.5
CUST_00511,64,15,3009.82,4,4,4,444,Champions,2023-03-01,2024-10-29,608,200.65466666666669,1.6646132785763177,9.01110197368421,5424.36
CUST_00512,367,10,1529.03,2,3,3,233,At Risk,2022-10-16,2023-12-31,441,152.903,1.2073921971252566,8.282312925170068,3799.17
CUST_00513,388,8,1209.03,2,3,3,233,At Risk,2023-03-31,2023-12-10,254,151.12875,0.6954140999315537,11.503937007874017,5215.73
CUST_00514,109,17,3824.4,4,4,5,445,Champions,2023-09-25,2024-09-14,355,224.96470588235294,0.971937029431896,17.490845070422534,11804.47
CUST_00515,2,8,1529.04,5,3,3,533,Potential Loyalists,2024-02-28,2024-12-30,306,191.13,0.837782340862423,9.549019607843137,5475.31
CUST_00516,22,10,1376.48,5,3,3,533,Potential Loyalists,2023-11-22,2024-12-10,384,137.648,1.051334702258727,9.51171875,3927.81
CUST_00517,15,28,5527.48,5,5,5,555,Champions,2023-07-29,2024-12-17,507,197.41,1.3880903490759753,20.171597633136095,11946.23
CUST_00518,218,3,255.69,3,1,1,311,Need Attention,2023-09-29,2024-05-28,242,85.23,0.6625598904859685,4.527892561983471,1157.74
CUST_00519,90,6,669.29,4,2,2,422,Potential Loyalists,2023-10-01,2024-10-03,368,111.54833333333333,1.0075290896646132,5.955163043478262,1992.87
CUST_00520,487,1,32.71,2,1,1,211,Hibernating,2023-09-02,2023-09-02,0,32.71,0.08213552361396304,12.175,1194.73
CUST_00521,317,5,836.48,3,2,2,322,Need Attention,2023-03-22,2024-02-19,334,167.296,0.9144421629021219,5.467814371257485,2744.23
CUST_00522,288,10,1392.3899999999999,3,3,3,333,Need Attention,2023-02-08,2024-03-19,405,139.23899999999998,1.108829568788501,9.018518518518519,3767.19
CUST_00523,2,21,4339.91,5,5,5,555,Champions,2023-11-29,2024-12-30,397,206.66238095238094,1.0869267624914443,19.320528967254408,11978.48
CUST_00524,327,22,4701.54,3,5,5,355,Loyal Customers,2022-12-30,2024-02-09,406,213.70636363636365,1.111567419575633,19.791871921182267,12688.95
CUST_00525,108,4,149.9,4,2,1,421,Potential Loyalists,2024-02-18,2024-09-15,210,37.475,0.5749486652977412,6.957142857142857,782.16
CUST_00526,46,5,715.0799999999999,4,2,2,422,Potential Loyalists,2024-03-17,2024-11-16,244,143.016,0.6680355920602327,7.484631147540984,3211.27
CUST_00527,734,2,103.43,1,1,1,111,Hibernating,2022-10-30,2022-12-29,60,51.715,0.16427104722792607,12.175,1888.89
CUST_00528,76,29,6537.02,4,5,5,455,Champions,2023-05-18,2024-10-17,518,225.4144827586207,1.4182067077344285,20.44835907335907,13828.07
CUST_00529,164,26,4648.9400000000005,4,5,5,455,Champions,2023-04-19,2024-07-21,459,178.80538461538464,1.2566735112936345,20.68954248366013,11098.2
CUST_00530,225,26,5784.360000000001,3,5,5,355,Loyal Customers,2023-02-08,2024-05-21,468,222.47538461538463,1.2813141683778233,20.291666666666668,13543.19
CUST_00531,482,4,615.34,2,2,2,222,Hibernating,2023-04-08,2023-09-07,152,153.835,0.4161533196440794,9.611842105263158,4435.91
CUST_00532,159,8,1260.4299999999998,4,3,3,433,Potential Loyalists,2023-02-11,2024-07-26,531,157.55374999999998,1.4537987679671458,5.502824858757062,2600.97
CUST_00533,386,10,1047.29,2,3,3,233,At Risk,2022-04-11,2023-12-12,610,104.729,1.6700889801505818,5.987704918032787,1881.26
CUST_00534,451,2,48.18,2,1,1,211,Hibernating,2023-05-16,2023-10-08,145,24.09,0.39698836413415467,5.037931034482759,364.09
CUST_00535,874,2,225.13,1,1,1,111,Hibernating,2022-04-09,2022-08-11,124,112.565,0.3394934976043806,5.891129032258064,1989.4
CUST_00536,313,1,58.08,3,1,1,311,Need Attention,2024-02-23,2024-02-23,0,58.08,0.08213552361396304,12.175,2121.37
CUST_00537,415,9,1213.29,2,3,3,233,At Risk,2022-05-11,2023-11-13,551,134.81,1.5085557837097878,5.965970961887478,2412.82
CUST_00538,558,2,253.88,1,1,1,111,Hibernating,2023-03-30,2023-06-23,85,126.94,0.2327173169062286,8.594117647058823,3272.81
CUST_00539,373,15,2983.54,2,4,4,244,Cannot Lose Them,2022-06-30,2023-12-25,543,198.90266666666668,1.486652977412731,10.089779005524862,6020.65
CUST_00540,25,7,1132.78,5,2,3,523,Potential Loyalists,2023-12-01,2024-12-07,372,161.82571428571427,1.0184804928131417,6.872983870967742,3336.68
CUST_00541,11,8,1088.3600000000001,5,3,3,533,Potential Loyalists,2024-03-04,2024-12-21,292,136.04500000000002,0.7994524298425736,10.006849315068493,4084.15
CUST_00542,25,13,2563.3,5,4,4,544,Champions,2023-11-15,2024-12-07,388,197.1769230769231,1.0622861054072552,12.237757731958764,7239.01
CUST_00543,198,9,1339.22,3,3,3,333,Need Attention,2023-07-26,2024-06-17,327,148.8022222222222,0.8952772073921971,10.052752293577981,4487.62
CUST_00544,594,13,1785.6399999999999,1,4,3,143,Loyal Customers,2022-02-02,2023-05-18,470,137.35692307692307,1.2867898699520877,10.102659574468085,4163.01
CUST_00545,11,15,2362.72,5,4,4,544,Champions,2023-07-04,2024-12-21,536,157.51466666666664,1.4674880219028064,10.221548507462686,4830.13
CUST_00546,36,15,1673.24,5,4,3,543,Loyal Customers,2023-07-08,2024-11-26,507,111.54933333333334,1.3880903490759753,10.80621301775148,3616.28
CUST_00547,21,7,1261.6599999999999,5,2,3,523,Potential Loyalists,2024-03-31,2024-12-11,255,180.23714285714283,0.6981519507186859,10.026470588235293,5421.43
CUST_00548,392,1,300.69,2,1,1,211,Hibernating,2023-12-06,2023-12-06,0,300.69,0.08213552361396304,12.175,10982.7
CUST_00549,46,10,1740.26,4,3,3,433,Potential Loyalists,2023-10-27,2024-11-16,386,174.026,1.056810403832991,9.462435233160623,4940.13
CUST_00550,251,8,1064.57,3,3,3,333,Need Attention,2023-03-03,2024-04-25,419,133.07125,1.1471594798083504,6.973747016706444,2784.02
CUST_00551,377,39,7896.860000000001,2,5,5,255,Cannot Lose Them,2022-04-25,2023-12-21,605,202.48358974358976,1.6563997262149213,23.54504132231405,14302.45
CUST_00552,50,8,1158.87,4,3,3,433,Potential Loyalists,2023-09-10,2024-11-12,429,144.85875,1.1745379876796715,6.811188811188811,2959.98
CUST_00553,221,19,3703.13,3,5,5,355,Loyal Customers,2022-06-03,2024-05-25,722,194.90157894736842,1.9767282683093772,9.611842105263158,5620.09
CUST_00554,365,3,136.42000000000002,2,1,1,211,Hibernating,2023-06-05,2024-01-02,211,45.473333333333336,0.5776865160848734,5.193127962085308,708.45
CUST_00555,639,2,330.63,1,1,1,111,Hibernating,2023-01-12,2023-04-03,81,165.315,0.22176591375770022,9.018518518518517,4472.69
CUST_00556,881,1,8.8,1,1,1,111,Hibernating,2022-08-04,2022-08-04,0,8.8,0.08213552361396304,12.175,321.42
CUST_00557,281,14,1632.04,3,4,3,343,Loyal Customers,2022-09-30,2024-03-26,543,116.57428571428571,1.486652977412731,9.417127071823204,3293.38
CUST_00558,492,28,6901.04,2,5,5,255,Cannot Lose Them,2022-03-03,2023-08-28,543,246.46571428571428,1.486652977412731,18.834254143646408,13925.99
CUST_00559,3,14,1019.94,5,4,3,543,Loyal Customers,2023-08-29,2024-12-29,488,72.85285714285715,1.3360711841204653,10.478483606557377,2290.16
CUST_00560,48,14,2174.59,4,4,4,444,Champions,2023-06-02,2024-11-14,531,155.32785714285714,1.4537987679671458,9.629943502824858,4487.4
CUST_00561,247,9,1054.3999999999999,3,3,3,333,Need Attention,2022-11-12,2024-04-29,534,117.15555555555554,1.462012320328542,6.155898876404494,2163.59
CUST_00562,714,5,1005.5799999999999,1,2,3,123,Hibernating,2022-04-25,2023-01-18,268,201.11599999999999,0.7337440109514032,6.814365671641791,4111.43
CUST_00563,363,17,3424.13,2,4,5,245,Cannot Lose Them,2022-03-25,2024-01-04,650,201.4194117647059,1.7796030116358659,9.552692307692308,5772.29
CUST_00564,424,1,279.54,2,1,1,211,Hibernating,2023-11-04,2023-11-04,0,279.54,0.08213552361396304,12.175,10210.2
CUST_00565,518,11,2643.2599999999998,2,4,4,244,Cannot Lose Them,2022-07-22,2023-08-02,376,240.29636363636362,1.0294318959616702,10.685505319148936,7703.06
CUST_00566,256,8,505.49,3,3,2,332,Need Attention,2023-07-07,2024-04-20,288,63.18625,0.7885010266940452,10.145833333333332,1923.23
CUST_00567,577,3,223.01999999999998,1,1,1,111,Hibernating,2022-10-13,2023-06-04,234,74.33999999999999,0.6406570841889117,4.682692307692308,1044.33
CUST_00568,580,8,1251.6200000000001,1,3,3,133,At Risk,2022-10-31,2023-06-01,213,156.45250000000001,0.5831622176591376,13.71830985915493,6438.79
CUST_00569,75,5,1014.95,4,2,3,423,Potential Loyalists,2024-02-28,2024-10-18,233,202.99,0.6379192334017796,7.837982832618026,4773.1
CUST_00570,653,2,397.41,1,1,2,112,Hibernating,2022-12-11,2023-03-20,99,198.705,0.27104722792607805,7.378787878787878,4398.61
CUST_00571,28,5,476.77,5,2,2,522,Potential Loyalists,2024-04-27,2024-12-04,221,95.354,0.6050650239561944,8.263574660633484,2363.89
CUST_00572,3,26,6527.7,5,5,5,555,Champions,2023-09-01,2024-12-29,485,251.0653846153846,1.3278576317590691,19.58041237113402,14747.89
CUST_00573,92,11,1350.01,4,4,3,443,Loyal Customers,2023-08-08,2024-10-01,420,122.72818181818182,1.1498973305954825,9.56607142857143,3522.08
CUST_00574,334,6,394.41999999999996,3,2,2,322,Need Attention,2023-01-08,2024-02-02,390,65.73666666666666,1.0677618069815196,5.619230769230769,1108.17
CUST_00575,153,25,5659.32,4,5,5,455,Champions,2023-04-30,2024-08-01,459,226.37279999999998,1.2566735112936345,19.893790849673202,13510.24
CUST_00576,357,9,1001.99,2,3,3,233,At Risk,2022-08-10,2024-01-10,518,111.33222222222223,1.4182067077344285,6.346042471042471,2119.56
CUST_00577,29,10,1481.71,5,3,3,533,Potential Loyalists,2023-12-29,2024-12-03,340,148.171,0.9308692676249144,10.74264705882353,4775.25
CUST_00578,32,11,1688.3500000000001,5,4,3,543,Loyal Customers,2023-10-11,2024-11-30,416,153.48636363636365,1.1389459274469542,9.658052884615383,4447.14
CUST_00579,727,5,1078.1200000000001,1,2,3,123,Hibernating,2022-05-09,2023-01-05,241,215.62400000000002,0.6598220396988365,7.577800829875518,4901.87
CUST_00580,853,2,198.21999999999997,1,1,1,111,Hibernating,2022-07-01,2022-09-01,62,99.10999999999999,0.1697467488021903,11.782258064516128,3503.22
CUST_00581,361,29,6183.3,2,5,5,255,Cannot Lose Them,2022-07-08,2024-01-06,547,213.21724137931034,1.4976043805612593,19.364259597806218,12386.38
CUST_00582,356,17,3119.86,2,4,4,244,Cannot Lose Them,2022-01-24,2024-01-11,717,183.52117647058824,1.9630390143737166,8.660041841004183,4767.9
CUST_00583,110,2,130.96,4,1,1,411,New Customers,2024-04-20,2024-09-13,146,65.48,0.3997262149212868,5.0034246575342465,982.87
CUST_00584,486,2,613.3599999999999,2,1,2,212,Hibernating,2023-04-20,2023-09-03,136,306.67999999999995,0.3723477070499658,5.3713235294117645,4941.83
CUST_00585,6,21,3816.35,5,5,5,555,Champions,2024-01-30,2024-12-26,331,181.73095238095237,0.9062286105407256,23.172960725075527,12633.73
CUST_00586,8,24,6831.94,5,5,5,555,Champions,2023-12-16,2024-12-24,374,284.66416666666663,1.0239561943874058,23.438502673796794,20016.31
CUST_00587,495,1,44.1,2,1,1,211,Hibernating,2023-08-25,2023-08-25,0,44.1,0.08213552361396304,12.175,1610.75
CUST_00588,180,2,67.49,4,1,1,411,New Customers,2024-02-13,2024-07-05,143,33.745,0.3915126625598905,5.108391608391608,517.15
CUST_00589,69,13,2264.7,4,4,4,444,Champions,2023-04-06,2024-10-24,567,174.2076923076923,1.5523613963039014,8.374338624338625,4376.62
CUST_00590,337,31,6476.82,3,5,5,355,Loyal Customers,2022-07-09,2024-01-30,570,208.92967741935482,1.5605749486652978,19.864473684210527,12450.83
CUST_00591,203,6,807.46,3,2,2,322,Need Attention,2023-09-02,2024-06-12,284,134.57666666666668,0.7775496235455168,7.716549295774647,3115.4
CUST_00592,31,12,2312.41,5,4,4,544,Champions,2023-10-16,2024-12-01,412,192.70083333333332,1.1279945242984257,10.638349514563107,6150.06
CUST_00593,16,7,1259.17,5,2,3,523,Potential Loyalists,2023-11-30,2024-12-16,382,179.8814285714286,1.0458590006844628,6.6930628272251305,3611.87
CUST_00594,456,25,3838.77,2,5,5,255,Cannot Lose Them,2022-06-14,2023-10-03,476,153.5508,1.3032169746748803,19.18329831932773,8836.83
CUST_00595,421,7,850.75,2,2,2,222,Hibernating,2022-10-30,2023-11-07,373,121.53571428571429,1.0212183436002737,6.85455764075067,2499.22
CUST_00596,669,5,780.14,1,2,2,122,Hibernating,2022-07-15,2023-03-04,232,156.028,0.6351813826146475,7.8717672413793105,3684.65
CUST_00597,603,7,966.95,1,2,2,122,Hibernating,2022-04-25,2023-05-09,379,138.1357142857143,1.0376454483230664,6.746042216358839,2795.61
CUST_00598,461,9,2185.5299999999997,2,3,4,234,Cannot Lose Them,2022-11-12,2023-09-28,320,242.83666666666664,0.8761122518822724,10.27265625,7483.73
CUST_00599,551,1,19.49,1,1,1,111,Hibernating,2023-06-30,2023-06-30,0,19.49,0.08213552361396304,12.175,711.87
CUST_00600,244,34,6180.6,3,5,5,355,Loyal Customers,2022-11-03,2024-05-02,546,181.78235294117647,1.4948665297741273,22.744505494505496,12403.65
CUST_00601,346,6,746.6,2,2,2,222,Hibernating,2023-02-15,2024-01-21,340,124.43333333333334,0.9308692676249144,6.445588235294118,2406.14
CUST_00602,122,6,960.67,4,2,2,422,Potential Loyalists,2023-10-05,2024-09-01,332,160.11166666666665,0.9089664613278576,6.600903614457831,3170.65
CUST_00603,21,13,3057.79,5,4,4,544,Champions,2023-08-01,2024-12-11,498,235.21461538461537,1.3634496919917864,9.534638554216867,6728.06
CUST_00604,233,19,4790.66,3,5,5,355,Loyal Customers,2023-05-19,2024-05-13,360,252.14,0.9856262833675564,19.277083333333334,14581.57
CUST_00605,449,2,299.83000000000004,2,1,1,211,Hibernating,2023-04-28,2023-10-10,165,149.91500000000002,0.4517453798767967,4.427272727272728,1991.14
CUST_00606,39,3,308.9,5,1,1,511,New Customers,2024-03-25,2024-11-23,243,102.96666666666665,0.6652977412731006,4.5092592592592595,1392.91
CUST_00607,367,28,7099.95,2,5,5,255,Cannot Lose Them,2022-05-12,2023-12-31,598,253.56964285714284,1.6372347707049966,17.10200668896321,13009.65
CUST_00608,76,40,9135.17,4,5,5,455,Champions,2022-11-18,2024-10-17,699,228.37925,1.9137577002053388,20.901287553648068,14320.26
CUST_00609,362,7,583.38,2,2,2,222,Hibernating,2022-12-04,2024-01-05,397,83.34,1.0869267624914443,6.440176322418136,1610.17
CUST_00610,613,26,3869.41,1,5,5,155,Cannot Lose Them,2022-02-07,2023-04-29,446,148.82346153846154,1.2210814510609171,21.292600896860986,9506.52
CUST_00611,925,1,141.35,1,1,1,111,Hibernating,2022-06-21,2022-06-21,0,141.35,0.08213552361396304,12.175,5162.81
CUST_00612,22,4,704.1899999999999,5,2,2,522,Potential Loyalists,2024-04-03,2024-12-10,251,176.04749999999999,0.6872005475701575,5.820717131474103,3074.17
CUST_00613,617,23,5322.13,1,5,5,155,Cannot Lose Them,2022-04-26,2023-04-25,364,231.39695652173913,0.9965776865160849,23.078983516483515,16021.22
CUST_00614,176,13,2696.39,4,4,4,444,Champions,2022-12-30,2024-07-09,557,207.4146153846154,1.5249828884325805,8.524685816876122,5304.43
CUST_00615,645,4,805.26,1,2,2,122,Hibernating,2022-09-06,2023-03-28,203,201.315,0.5557837097878165,7.197044334975369,4346.62
CUST_00616,145,6,489.49,4,2,2,422,Potential Loyalists,2023-09-08,2024-08-09,336,81.58166666666666,0.919917864476386,6.522321428571429,1596.31
CUST_00617,94,16,1988.84,4,4,4,444,Champions,2023-04-19,2024-09-29,529,124.3025,1.4483230663928817,11.047258979206049,4119.61
CUST_00618,22,17,3611.71,5,4,5,545,Champions,2023-02-08,2024-12-10,671,212.45352941176472,1.83709787816564,9.253725782414307,5897.96
CUST_00619,810,2,409.87,1,1,2,112,Hibernating,2022-07-16,2022-10-14,90,204.935,0.2464065708418891,8.116666666666667,4990.17
CUST_00620,210,2,256.57,3,1,1,311,Need Attention,2024-01-22,2024-06-05,135,128.285,0.36960985626283366,5.411111111111111,2082.49
CUST_00621,380,16,2949.52,2,4,4,244,Cannot Lose Them,2023-03-11,2023-12-18,282,184.345,0.7720739219712526,20.72340425531915,11460.77
CUST_00622,331,16,2447.07,3,4,4,344,Loyal Customers,2022-06-17,2024-02-05,598,152.941875,1.6372347707049966,9.77257525083612,4483.91
CUST_00623,219,33,7759.58,3,5,5,355,Loyal Customers,2022-10-20,2024-05-27,585,235.13878787878787,1.6016427104722792,20.603846153846153,14534.29
CUST_00624,255,12,2402.2,3,4,4,344,Loyal Customers,2023-01-29,2024-04-21,448,200.1833333333333,1.2265571526351813,9.783482142857144,5875.47
CUST_00625,417,9,1055.22,2,3,3,233,At Risk,2022-06-30,2023-11-11,499,117.24666666666667,1.3661875427789185,6.587675350701403,2317.15
CUST_00626,515,15,2085.86,2,4,4,244,Cannot Lose Them,2022-02-22,2023-08-05,529,139.05733333333333,1.4483230663928817,10.35680529300567,4320.57
CUST_00627,285,4,741.78,3,2,2,322,Need Attention,2023-09-08,2024-03-22,196,185.445,0.5366187542778919,7.454081632653061,4146.97
CUST_00628,318,5,473.71000000000004,3,2,2,322,Need Attention,2023-03-18,2024-02-18,337,94.742,0.9226557152635181,5.4191394658753715,1540.26
CUST_00629,600,2,143.07999999999998,1,1,1,111,Hibernating,2023-01-10,2023-05-12,122,71.53999999999999,0.33401779603011633,5.9877049180327875,1285.08
CUST_00630,34,30,6162.16,5,5,5,555,Champions,2023-06-02,2024-11-28,545,205.40533333333332,1.4921286789869952,20.105504587155963,12389.33
CUST_00631,79,28,6212.81,4,5,5,455,Champions,2023-06-29,2024-10-14,473,221.88607142857146,1.2950034223134839,21.621564482029598,14392.57
CUST_00632,652,23,4297.68,1,5,5,155,Cannot Lose Them,2022-02-17,2023-03-21,397,186.85565217391306,1.0869267624914443,21.16057934508816,11861.92
CUST_00633,456,27,6870.53,2,5,5,255,Cannot Lose Them,2022-04-21,2023-10-03,530,254.46407407407406,1.4510609171800137,18.607075471698113,14204.5
CUST_00634,45,9,1177.82,4,3,3,433,Potential Loyalists,2024-01-04,2024-11-17,318,130.86888888888888,0.8706365503080082,10.337264150943396,4058.48
CUST_00635,100,5,878.28,4,2,2,422,Potential Loyalists,2024-01-29,2024-09-23,238,175.656,0.6516084873374401,7.673319327731092,4043.59
CUST_00636,210,2,120.84,3,1,1,311,Need Attention,2024-01-02,2024-06-05,155,60.42,0.4243668720054757,4.712903225806452,854.26
CUST_00637,8,22,4533.25,5,5,5,555,Champions,2023-12-15,2024-12-24,375,206.0568181818182,1.0266940451745379,21.428,13246.16
CUST_00638,264,19,3947.65,3,5,5,355,Loyal Customers,2022-05-29,2024-04-12,684,207.77105263157895,1.8726899383983573,10.145833333333334,6324.03
CUST_00639,456,3,342.08000000000004,2,1,1,211,Hibernating,2022-11-02,2023-10-03,335,114.02666666666669,0.917180013689254,3.27089552238806,1118.91
CUST_00640,53,4,750.25,4,2,2,422,Potential Loyalists,2024-04-18,2024-11-09,205,187.5625,0.5612594113620808,7.126829268292682,4010.18
CUST_00641,210,17,2322.14,3,4,4,344,Loyal Customers,2022-09-29,2024-06-05,615,136.5964705882353,1.6837782340862424,10.096341463414634,4137.37
CUST_00642,198,7,642.4,3,2,2,322,Need Attention,2023-05-19,2024-06-17,395,91.77142857142857,1.08145106091718,6.472784810126583,1782.05
CUST_00643,285,3,224.67,3,1,1,311,Need Attention,2023-08-24,2024-03-22,211,74.89,0.5776865160848734,5.193127962085308,1166.74
CUST_00644,404,2,139.71,2,1,1,211,Hibernating,2023-05-28,2023-11-24,180,69.855,0.4928131416837782,4.058333333333334,850.48
CUST_00645,233,15,3890.11,3,4,5,345,Loyal Customers,2023-08-17,2024-05-13,270,259.34066666666666,0.7392197125256673,20.291666666666668,15787.36
CUST_00646,197,2,107.9,3,1,1,311,Need Attention,2024-03-18,2024-06-18,92,53.95,0.2518822724161533,7.940217391304349,1285.12
CUST_00647,619,5,540.85,1,2,2,122,Hibernating,2022-08-27,2023-04-23,239,108.17,0.6543463381245722,7.641213389121339,2479.65
CUST_00648,117,3,425.8,4,1,2,412,New Customers,2023-10-22,2024-09-06,320,141.93333333333334,0.8761122518822724,3.42421875,1458.03
CUST_00649,56,8,1160.52,4,3,3,433,Potential Loyalists,2023-09-13,2024-11-06,420,145.065,1.1498973305954825,6.957142857142857,3027.71
CUST_00650,380,6,652.63,2,2,2,222,Hibernating,2023-03-03,2023-12-18,290,108.77166666666666,0.7939767282683093,7.556896551724138,2465.93
CUST_00651,32,5,992.58,5,2,3,523,Potential Loyalists,2024-04-25,2024-11-30,219,198.51600000000002,0.5995893223819302,8.33904109589041,4966.3
CUST_00652,574,8,1209.28,1,3,3,133,At Risk,2022-11-22,2023-06-07,197,151.16,0.5393566050650239,14.832487309644671,6726.24
CUST_00653,757,8,1547.01,1,3,3,133,At Risk,2022-02-19,2022-12-06,290,193.37625,0.7939767282683093,10.075862068965519,5845.3
CUST_00654,695,2,301.03,1,1,1,111,Hibernating,2022-08-20,2023-02-06,170,150.515,0.4654346338124572,4.297058823529412,1940.32
CUST_00655,511,10,1979.28,2,3,4,234,Cannot Lose Them,2022-11-05,2023-08-09,277,197.928,0.758384668035592,13.18592057761733,7829.59
CUST_00656,476,12,1822.49,2,4,4,244,Cannot Lose Them,2022-06-17,2023-09-13,453,151.87416666666667,1.2402464065708418,9.675496688741722,4408.37
CUST_00657,416,8,1384.1,2,3,3,233,At Risk,2022-09-06,2023-11-12,432,173.0125,1.1827515400410678,6.763888888888889,3510.71
CUST_00658,127,5,658.38,4,2,2,422,Potential Loyalists,2024-01-25,2024-08-27,215,131.676,0.5886379192334018,8.494186046511627,3355.44
CUST_00659,103,40,6305.96,4,5,5,455,Champions,2022-09-03,2024-09-20,748,157.649,2.0479123887748116,19.53208556149733,9237.64
CUST_00660,323,18,4873.4400000000005,3,4,5,345,Loyal Customers,2023-04-22,2024-02-13,297,270.74666666666667,0.813141683778234,22.136363636363637,17980.04
CUST_00661,23,10,1186.3899999999999,5,3,3,533,Potential Loyalists,2023-09-23,2024-12-09,443,118.63899999999998,1.212867898699521,8.244920993227991,2934.51
CUST_00662,198,12,2181.0099999999998,3,4,4,344,Loyal Customers,2023-05-28,2024-06-17,386,181.7508333333333,1.056810403832991,11.354922279792746,6191.3
CUST_00663,352,16,3759.31,2,4,5,245,Cannot Lose Them,2023-04-23,2024-01-15,267,234.956875,0.731006160164271,21.887640449438205,15427.95
CUST_00664,711,1,41.03,1,1,1,111,Hibernating,2023-01-21,2023-01-21,0,41.03,0.08213552361396304,12.175,1498.62
CUST_00665,70,7,556.31,4,2,2,422,Potential Loyalists,2023-10-31,2024-10-23,358,79.47285714285714,0.9801505817932923,7.141759776536313,1702.73
CUST_00666,314,32,8907.18,3,5,5,355,Loyal Customers,2022-06-21,2024-02-22,611,278.349375,1.672826830937714,19.129296235679213,15973.88
CUST_00667,12,16,2774.15,5,4,4,544,Champions,2023-05-05,2024-12-20,595,173.384375,1.6290212183436004,9.821848739495797,5108.87
CUST_00668,524,9,2141.03,1,3,4,134,Cannot Lose Them,2022-05-03,2023-07-27,450,237.89222222222224,1.2320328542094456,7.305,5213.41
CUST_00669,76,5,353.69,4,2,1,421,Potential Loyalists,2024-02-29,2024-10-17,231,70.738,0.6324435318275154,7.9058441558441555,1677.73
CUST_00670,187,39,9298.98,3,5,5,355,Loyal Customers,2022-09-11,2024-06-28,656,238.4353846153846,1.7960301163586585,21.71455792682927,15532.56
CUST_00671,156,9,1896.3899999999999,4,3,4,434,Potential Loyalists,2023-08-30,2024-07-29,334,210.70999999999998,0.9144421629021219,9.842065868263473,6221.47
CUST_00672,171,13,2249.86,4,4,4,444,Champions,2023-04-25,2024-07-14,446,173.06615384615387,1.2210814510609171,10.646300448430493,5527.54
CUST_00673,69,15,2157.65,4,4,4,444,Champions,2023-03-03,2024-10-24,601,143.84333333333333,1.6454483230663928,9.11605657237937,3933.85
CUST_00674,228,2,137.22,3,1,1,311,Need Attention,2024-02-15,2024-05-18,93,68.61,0.2546201232032854,7.854838709677419,1616.76
CUST_00675,831,2,35.25,1,1,1,111,Hibernating,2022-04-29,2022-09-23,147,17.625,0.4024640657084189,4.969387755102041,262.76
CUST_00676,42,39,7258.57,5,5,5,555,Champions,2022-11-06,2024-11-20,745,186.11717948717947,2.0396988364134154,19.12046979865772,10675.94
CUST_00677,7,25,4682.39,5,5,5,555,Champions,2023-09-14,2024-12-25,468,187.2956,1.2813141683778233,19.51121794871795,10963.1
CUST_00678,337,7,756.06,3,2,2,322,Need Attention,2023-03-03,2024-01-30,333,108.00857142857141,0.9117043121149897,7.677927927927928,2487.85
CUST_00679,54,13,1749.07,4,4,3,443,Loyal Customers,2023-06-15,2024-11-08,512,134.54384615384615,1.4017796030116358,9.27392578125,3743.25
CUST_00680,505,13,1309.1599999999999,2,4,3,243,Loyal Customers,2022-04-13,2023-08-15,489,100.70461538461538,1.3388090349075976,9.710122699386503,2933.56
CUST_00681,496,26,6532.94,2,5,5,255,Cannot Lose Them,2022-05-19,2023-08-24,462,251.26692307692306,1.264887063655031,20.555194805194805,15494.52
CUST_00682,307,7,536.17,3,2,2,322,Need Attention,2022-12-08,2024-02-29,448,76.59571428571428,1.2265571526351813,5.707031250000001,1311.4
CUST_00683,690,6,993.21,1,2,3,123,Hibernating,2022-04-21,2023-02-11,296,165.535,0.810403832991102,7.403716216216217,3676.72
CUST_00684,392,7,859.48,2,2,2,222,Hibernating,2022-08-22,2023-12-06,471,122.78285714285714,1.2895277207392197,5.428343949044586,1999.52
CUST_00685,980,1,34.25,1,1,1,111,Hibernating,2022-04-27,2022-04-27,0,34.25,0.08213552361396304,12.175,1250.98
CUST_00686,152,5,657.24,4,2,2,422,Potential Loyalists,2023-12-19,2024-08-02,227,131.448,0.621492128678987,8.045154185022026,3172.56
CUST_00687,356,12,1226.95,2,4,3,243,Loyal Customers,2022-10-08,2024-01-11,460,102.24583333333334,1.2594113620807665,9.528260869565218,2922.67
CUST_00688,10,22,4507.2300000000005,5,5,5,555,Champions,2023-12-29,2024-12-22,359,204.87409090909094,0.9828884325804244,22.38300835654596,13757.1
CUST_00689,412,8,1096.2,2,3,3,233,At Risk,2022-09-10,2023-11-16,432,137.025,1.1827515400410678,6.763888888888889,2780.47
CUST_00690,519,2,123.54,1,1,1,111,Hibernating,2023-03-31,2023-08-01,123,61.77,0.33675564681724846,5.939024390243903,1100.56
CUST_00691,723,2,150.57999999999998,1,1,1,111,Hibernating,2022-10-17,2023-01-09,84,75.28999999999999,0.2299794661190965,8.696428571428571,1964.26
CUST_00692,364,2,37.0,2,1,1,211,Hibernating,2023-09-08,2024-01-03,117,18.5,0.3203285420944558,6.2435897435897445,346.52
CUST_00693,43,8,1045.7,5,3,3,533,Potential Loyalists,2023-07-07,2024-11-19,501,130.7125,1.3716632443531827,5.832335329341317,2287.08
CUST_00694,242,2,225.71,3,1,1,311,Need Attention,2024-02-09,2024-05-04,85,112.855,0.2327173169062286,8.594117647058823,2909.67
CUST_00695,540,3,334.84000000000003,1,1,1,111,Hibernating,2023-01-03,2023-07-11,189,111.61333333333334,0.5174537987679672,5.7976190476190474,1941.27
CUST_00696,673,8,1929.51,1,3,4,134,Cannot Lose Them,2022-04-23,2023-02-28,311,241.18875,0.8514715947980835,9.395498392282958,6798.27
CUST_00697,387,18,2052.84,2,4,4,244,Cannot Lose Them,2023-02-22,2023-12-11,292,114.04666666666668,0.7994524298425736,22.51541095890411,7703.42
CUST_00698,543,27,6917.57,1,5,5,155,Cannot Lose Them,2022-03-29,2023-07-08,466,256.2062962962963,1.2758384668035592,21.16255364806867,16265.94
CUST_00699,108,7,610.6,4,2,2,422,Potential Loyalists,2023-09-11,2024-09-15,370,87.22857142857143,1.0130047912388775,6.9101351351351346,1808.28
CUST_00700,223,2,93.57,3,1,1,311,Need Attention,2024-01-03,2024-05-23,141,46.785,0.3860369609856263,5.180851063829787,727.16
CUST_00701,411,2,351.99,2,1,1,211,Hibernating,2023-05-21,2023-11-17,180,175.995,0.4928131416837782,4.058333333333334,2142.74
CUST_00702,698,2,419.03,1,1,2,112,Hibernating,2022-08-31,2023-02-03,156,209.515,0.4271047227926078,4.6826923076923075,2943.28
CUST_00703,54,4,301.61,4,2,1,421,Potential Loyalists,2024-03-28,2024-11-08,225,75.4025,0.6160164271047228,6.493333333333333,1468.84
CUST_00704,126,10,2022.3500000000001,4,3,4,434,Potential Loyalists,2023-09-21,2024-08-28,342,202.235,0.9363449691991786,10.679824561403509,6479.5
CUST_00705,558,3,246.32,1,1,1,111,Hibernating,2022-09-09,2023-06-23,287,82.10666666666667,0.785763175906913,3.8179442508710806,940.44
CUST_00706,261,32,6100.62,3,5,5,355,Loyal Customers,2022-10-01,2024-04-15,562,190.644375,1.538672142368241,20.79715302491103,11894.58
CUST_00707,4,14,1910.41,5,4,4,544,Champions,2023-09-16,2024-12-28,469,136.45785714285714,1.2840520191649556,10.902985074626866,4463.39
CUST_00708,76,8,1322.84,4,3,3,433,Potential Loyalists,2024-01-06,2024-10-17,285,165.355,0.7802874743326489,10.252631578947367,5085.97
CUST_00709,149,10,2229.37,4,3,4,434,Potential Loyalists,2023-07-31,2024-08-05,371,222.93699999999998,1.0157426420260096,9.845013477088948,6584.45
CUST_00710,26,13,2941.46,5,4,4,544,Champions,2023-09-12,2024-12-06,451,226.26615384615386,1.2347707049965777,10.528270509977826,7146.57
CUST_00711,453,13,1487.6799999999998,2,4,3,243,Loyal Customers,2022-08-11,2023-10-06,421,114.43692307692307,1.1526351813826146,11.27850356294537,3872.03
CUST_00712,334,17,3603.23,3,4,5,345,Loyal Customers,2022-03-25,2024-02-02,679,211.95470588235295,1.8590006844626967,9.144698085419735,5814.79
CUST_00713,482,6,656.85,2,2,2,222,Hibernating,2022-10-22,2023-09-07,320,109.47500000000001,0.8761122518822724,6.8484375,2249.2
CUST_00714,520,5,686.4200000000001,1,2,2,122,Hibernating,2022-10-28,2023-07-31,276,137.28400000000002,0.75564681724846,6.616847826086957,2725.16
CUST_00715,375,24,4655.69,2,5,5,255,Cannot Lose Them,2022-10-11,2023-12-23,438,193.98708333333332,1.1991786447638604,20.013698630136986,11647.2
CUST_00716,684,2,133.57,1,1,1,111,Hibernating,2022-09-27,2023-02-17,143,66.785,0.3915126625598905,5.108391608391608,1023.49
CUST_00717,237,2,241.54000000000002,3,1,1,311,Need Attention,2024-03-03,2024-05-09,67,120.77000000000001,0.1834360027378508,10.902985074626866,3950.26
CUST_00718,57,10,2386.23,4,3,4,434,Potential Loyalists,2023-11-22,2024-11-05,349,238.623,0.9555099247091033,10.465616045845273,7492.01
CUST_00719,521,2,259.72,1,1,1,111,Hibernating,2023-02-08,2023-07-30,172,129.86,0.47091033538672145,4.247093023255814,1654.58
CUST_00720,18,15,2139.86,5,4,4,544,Champions,2023-07-15,2024-12-14,518,142.65733333333336,1.4182067077344285,10.576737451737452,4526.55
CUST_00721,398,14,2767.39,2,4,4,244,Cannot Lose Them,2022-04-22,2023-11-30,587,197.67071428571427,1.6071184120465434,8.711243611584328,5165.87
CUST_00722,49,14,2834.53,4,4,4,444,Champions,2023-06-09,2024-11-13,523,202.4664285714286,1.431895961670089,9.777246653919693,5938.69
CUST_00723,762,4,628.4,1,2,2,122,Hibernating,2022-06-16,2022-12-01,168,157.1,0.459958932238193,8.696428571428571,4098.63
CUST_00724,198,15,2163.35,3,4,4,344,Loyal Customers,2022-11-14,2024-06-17,581,144.22333333333333,1.5906913073237507,9.429862306368332,4080.02
CUST_00725,9,18,4729.59,5,4,5,545,Champions,2024-01-25,2024-12-23,333,262.755,0.9117043121149897,19.743243243243246,15562.91
CUST_00726,24,9,1673.62,5,3,3,533,Potential Loyalists,2023-11-25,2024-12-08,379,185.95777777777778,1.0376454483230664,8.673482849604222,4838.7
CUST_00727,615,4,374.8,1,2,1,121,Hibernating,2022-09-13,2023-04-27,226,93.7,0.6187542778918549,6.464601769911504,1817.2
CUST_00728,175,32,6800.22,4,5,5,455,Champions,2022-10-21,2024-07-10,628,212.506875,1.7193702943189597,18.611464968152866,11865.19
CUST_00729,696,18,3948.5099999999998,1,4,5,145,Cannot Lose Them,2022-03-29,2023-02-05,313,219.36166666666665,0.8569472963723477,21.004792332268373,13822.94
CUST_00730,191,40,7672.2300000000005,3,5,5,355,Loyal Customers,2022-06-15,2024-06-24,740,191.80575000000002,2.026009582477755,19.743243243243242,11360.6
CUST_00731,194,9,1078.76,3,3,3,333,Need Attention,2022-12-27,2024-06-21,542,119.86222222222221,1.483915126625599,6.0650369003690034,2180.91
CUST_00732,91,21,4139.33,4,5,5,455,Champions,2023-08-30,2024-10-02,399,197.11095238095237,1.0924024640657084,19.223684210526315,11367.6
CUST_00733,22,9,2020.54,5,3,4,534,Potential Loyalists,2023-09-09,2024-12-10,458,224.50444444444443,1.2539356605065024,7.1774017467248905,4834.08
CUST_00734,780,8,862.52,1,3,2,132,At Risk,2022-03-25,2022-11-13,233,107.815,0.6379192334017796,12.540772532188841,4056.25
CUST_00735,190,3,380.20000000000005,3,1,1,311,Need Attention,2023-11-27,2024-06-25,211,126.73333333333335,0.5776865160848734,5.193127962085308,1974.43
CUST_00736,39,7,1213.6799999999998,5,2,3,523,Potential Loyalists,2024-02-25,2024-11-23,272,173.38285714285712,0.7446954140999316,9.399816176470589,4889.3
CUST_00737,606,17,3433.68,1,4,5,145,Cannot Lose Them,2022-08-11,2023-05-06,268,201.98117647058822,0.7337440109514032,23.16884328358209,14039.01
CUST_00738,653,3,223.26,1,1,1,111,Hibernating,2022-09-25,2023-03-20,176,74.42,0.48186173853524983,6.2258522727272725,1389.98
CUST_00739,41,9,1650.52,5,3,3,533,Potential Loyalists,2023-05-10,2024-11-21,561,183.39111111111112,1.5359342915811087,5.8596256684491985,3223.81
CUST_00740,38,8,1863.36,5,3,4,534,Potential Loyalists,2024-03-10,2024-11-24,259,232.92,0.7091033538672142,11.281853281853282,7883.31
CUST_00741,398,8,1100.47,2,3,3,233,At Risk,2022-07-29,2023-11-30,489,137.55875,1.3388090349075976,5.975460122699386,2465.93
CUST_00742,65,7,962.64,4,2,2,422,Potential Loyalists,2023-08-27,2024-10-28,428,137.52,1.1718001368925393,5.9737149532710285,2464.52
CUST_00743,132,19,2688.81,4,5,4,454,Champions,2022-08-02,2024-08-22,751,141.51631578947368,2.0561259411362083,9.240679094540612,3923.12
CUST_00744,151,18,3576.08,4,4,5,445,Champions,2022-09-21,2024-08-03,682,198.67111111111112,1.8672142368240932,9.640029325513195,5745.59
CUST_00745,4,12,2032.5,5,4,4,544,Champions,2023-12-18,2024-12-28,376,169.375,1.0294318959616702,11.65691489361702,5923.17
CUST_00746,509,3,361.96,2,1,1,211,Hibernating,2022-12-29,2023-08-11,225,120.65333333333332,0.6160164271047228,4.87,1762.75
CUST_00747,11,27,6260.35,5,5,5,555,Champions,2023-12-25,2024-12-21,362,231.86481481481482,0.9911019849418207,27.242403314917127,18949.66
CUST_00748,310,19,2562.22,3,5,4,354,Loyal Customers,2022-02-01,2024-02-26,755,134.8536842105263,2.0670773442847366,9.191721854304635,3718.61
CUST_00749,236,31,4663.09,3,5,5,355,Loyal Customers,2022-09-19,2024-05-10,599,150.42225806451614,1.6399726214921286,18.902754590984976,8530.19
CUST_00750,121,2,183.0,4,1,1,411,New Customers,2024-04-04,2024-09-02,151,91.5,0.4134154688569473,4.837748344370861,1327.96
CUST_00751,234,11,1524.3,3,4,3,343,Loyal Customers,2023-05-28,2024-05-12,350,138.57272727272726,0.9582477754962354,11.479285714285714,4772.15
CUST_00752,347,12,2684.77,2,4,4,244,Cannot Lose Them,2022-11-18,2024-01-20,428,223.73083333333332,1.1718001368925393,10.240654205607477,6873.45
CUST_00753,414,4,490.24,2,2,2,222,Hibernating,2023-05-17,2023-11-14,181,122.56,0.49555099247091033,8.07182320441989,2967.85
CUST_00754,734,6,664.74,1,2,2,122,Hibernating,2022-03-17,2022-12-29,287,110.79,0.785763175906913,7.635888501742161,2537.94
CUST_00755,59,7,811.78,4,2,2,422,Potential Loyalists,2023-12-11,2024-11-03,328,115.96857142857142,0.8980150581793293,7.794969512195122,2711.91
CUST_00756,6,12,2360.48,5,4,4,544,Champions,2023-11-20,2024-12-26,402,196.70666666666668,1.1006160164271048,10.902985074626864,6434.07
CUST_00757,661,9,1258.94,1,3,3,133,At Risk,2022-03-20,2023-03-12,357,139.88222222222223,0.9774127310061602,9.207983193277311,3864.1
CUST_00758,145,18,3411.36,4,4,5,445,Champions,2022-08-21,2024-08-09,719,189.52,1.9685147159479808,9.143949930458971,5198.88
CUST_00759,935,1,144.85,1,1,1,111,Hibernating,2022-06-11,2022-06-11,0,144.85,0.08213552361396304,12.175,5290.65
CUST_00760,141,3,69.84,4,1,1,411,New Customers,2023-12-19,2024-08-13,238,23.28,0.6516084873374401,4.6039915966386555,321.54
CUST_00761,684,1,24.22,1,1,1,111,Hibernating,2023-02-17,2023-02-17,0,24.22,0.08213552361396304,12.175,884.64
CUST_00762,253,19,2651.18,3,5,4,354,Loyal Customers,2022-04-01,2024-04-23,753,139.5357894736842,2.0616016427104724,9.21613545816733,3857.94
CUST_00763,22,11,1184.71,5,4,3,543,Loyal Customers,2023-11-22,2024-12-10,384,107.7009090909091,1.051334702258727,10.462890625,3380.59
CUST_00764,10,27,5980.09,5,5,5,555,Champions,2023-06-17,2024-12-22,554,221.48481481481483,1.516769336071184,17.800992779783396,11827.95
CUST_00765,443,10,1389.6100000000001,2,3,3,233,At Risk,2022-10-26,2023-10-16,355,138.961,0.971937029431896,10.288732394366198,4289.2
CUST_00766,35,7,649.5500000000001,5,2,2,522,Potential Loyalists,2023-11-22,2024-11-27,371,92.79285714285716,1.0157426420260096,6.891509433962264,1918.45
CUST_00767,3,31,6520.6900000000005,5,5,5,555,Champions,2023-05-02,2024-12-29,607,210.34483870967745,1.6618754277891854,18.65362438220758,11771.08
CUST_00768,337,7,902.6800000000001,3,2,2,322,Need Attention,2023-02-21,2024-01-30,343,128.95428571428573,0.9390828199863107,7.454081632653062,2883.71
CUST_00769,33,14,2443.88,5,4,4,544,Champions,2023-07-01,2024-11-29,517,174.56285714285715,1.4154688569472964,9.890715667311412,5179.65
CUST_00770,387,2,272.27,2,1,1,211,Hibernating,2023-07-07,2023-12-11,157,136.135,0.42984257357973993,4.6528662420382165,1900.25
CUST_00771,230,25,6236.4,3,5,5,355,Loyal Customers,2023-02-26,2024-05-16,445,249.456,1.218343600273785,20.519662921348313,15356.26
CUST_00772,57,5,499.46,4,2,2,422,Potential Loyalists,2024-02-12,2024-11-05,267,99.892,0.731006160164271,6.839887640449438,2049.75
CUST_00773,371,1,103.17,2,1,1,211,Hibernating,2023-12-27,2023-12-27,0,103.17,0.08213552361396304,12.175,3768.28
CUST_00774,369,21,3395.44,2,5,5,255,Cannot Lose Them,2023-01-21,2023-12-29,342,161.68761904761905,0.9363449691991786,22.42763157894737,10878.81
CUST_00775,385,7,722.9200000000001,2,2,2,222,Hibernating,2022-11-05,2023-12-13,403,103.27428571428572,1.103353867214237,6.344292803970223,1965.61
CUST_00776,330,2,143.92000000000002,3,1,1,311,Need Attention,2023-10-31,2024-02-06,98,71.96000000000001,0.2683093771389459,7.454081632653061,1609.19
CUST_00777,533,2,39.33,1,1,1,111,Hibernating,2023-04-05,2023-07-18,104,19.665,0.28473648186173856,7.024038461538461,414.38
CUST_00778,6,23,3316.49,5,5,4,554,Champions,2023-09-30,2024-12-26,453,144.19521739130434,1.2402464065708418,18.54470198675497,8022.17
CUST_00779,185,3,277.63,4,1,1,411,New Customers,2023-09-25,2024-06-30,279,92.54333333333334,0.7638603696098563,3.9274193548387095,1090.37
CUST_00780,397,7,936.73,2,2,2,222,Hibernating,2022-10-24,2023-12-01,403,133.81857142857143,1.103353867214237,6.344292803970223,2546.95
CUST_00781,76,2,193.88,4,1,1,411,New Customers,2024-06-23,2024-10-17,116,96.94,0.31759069130732376,6.297413793103448,1831.41
CUST_00782,187,27,5817.05,3,5,5,355,Loyal Customers,2023-01-11,2024-06-28,534,215.4462962962963,1.462012320328542,18.467696629213485,11936.39
CUST_00783,151,15,1660.69,4,4,3,443,Loyal Customers,2023-02-27,2024-08-03,523,110.71266666666666,1.431895961670089,10.475621414913958,3479.35
CUST_00784,747,8,1431.65,1,3,3,133,At Risk,2022-03-07,2022-12-16,284,178.95625,0.7775496235455168,10.288732394366196,5523.7
CUST_00785,536,1,24.21,1,1,1,111,Hibernating,2023-07-15,2023-07-15,0,24.21,0.08213552361396304,12.175,884.27
CUST_00786,515,4,330.24,2,2,1,221,Hibernating,2023-01-20,2023-08-05,197,82.56,0.5393566050650239,7.416243654822336,1836.86
CUST_00787,19,12,1954.48,5,4,4,544,Champions,2023-08-06,2024-12-13,495,162.87333333333333,1.3552361396303902,8.854545454545454,4326.51
CUST_00788,800,2,141.39,1,1,1,111,Hibernating,2022-07-06,2022-10-24,110,70.695,0.30116358658453113,6.6409090909090915,1408.44
CUST_00789,26,11,2043.11,5,4,4,544,Champions,2023-10-03,2024-12-06,430,185.7372727272727,1.1772758384668036,9.34360465116279,5206.37
CUST_00790,20,18,3998.13,5,4,5,545,Champions,2023-02-18,2024-12-12,663,222.11833333333334,1.8151950718685832,9.916289592760181,6607.77
CUST_00791,339,11,1627.69,2,4,3,243,Loyal Customers,2022-12-03,2024-01-28,421,147.97181818181818,1.1526351813826146,9.543349168646081,4236.44
CUST_00792,364,17,2387.58,2,4,4,244,Cannot Lose Them,2022-02-15,2024-01-03,687,140.44588235294117,1.8809034907597535,9.0382096069869,3808.14
CUST_00793,262,19,5639.91,3,5,5,355,Loyal Customers,2023-03-24,2024-04-14,387,296.83736842105264,1.0595482546201231,17.93217054263566,15968.81
CUST_00794,453,15,2292.87,2,4,4,244,Cannot Lose Them,2022-03-09,2023-10-06,576,152.858,1.5770020533880904,9.51171875,4361.83
CUST_00795,493,3,326.43,2,1,1,211,Hibernating,2023-01-04,2023-08-27,235,108.81,0.6433949349760438,4.662765957446808,1522.07
CUST_00796,100,4,702.09,4,2,2,422,Potential Loyalists,2024-04-10,2024-09-23,166,175.5225,0.4544832306639288,8.801204819277109,4634.43
CUST_00797,655,5,650.88,1,2,2,122,Hibernating,2022-07-20,2023-03-18,241,130.176,0.6598220396988365,7.577800829875518,2959.34
CUST_00798,739,2,64.04,1,1,1,111,Hibernating,2022-07-22,2022-12-24,155,32.02,0.4243668720054757,4.712903225806452,452.72
CUST_00799,430,11,2689.52,2,4,4,244,Cannot Lose Them,2022-09-21,2023-10-29,403,244.50181818181818,1.103353867214237,9.969602977667494,7312.76
CUST_00800,120,5,640.8199999999999,4,2,2,422,Potential Loyalists,2023-12-10,2024-09-03,268,128.164,0.7337440109514032,6.814365671641791,2620.07
CUST_00801,174,36,8530.1,4,5,5,455,Champions,2022-11-30,2024-07-11,589,236.94722222222222,1.6125941136208077,22.32427843803056,15869.03
CUST_00802,296,17,2989.39,3,4,4,344,Loyal Customers,2022-07-07,2024-03-11,613,175.8464705882353,1.678302532511978,10.129282218597064,5343.6
CUST_00803,625,7,1500.62,1,2,3,123,Hibernating,2022-03-23,2023-04-17,390,214.3742857142857,1.0677618069815196,6.55576923076923,4216.17
CUST_00804,447,33,6314.84,2,5,5,255,Cannot Lose Them,2022-02-08,2023-10-12,611,191.3587878787879,1.672826830937714,19.72708674304419,11324.85
CUST_00805,400,4,576.75,2,2,2,222,Hibernating,2023-05-31,2023-11-28,181,144.1875,0.49555099247091033,8.07182320441989,3491.57
CUST_00806,470,9,984.05,2,3,3,233,At Risk,2022-04-07,2023-09-19,530,109.33888888888889,1.4510609171800137,6.202358490566038,2034.48
CUST_00807,223,21,4382.35,3,5,5,355,Loyal Customers,2023-06-02,2024-05-23,356,208.68333333333334,0.974674880219028,21.54564606741573,13488.65
CUST_00808,60,20,3912.09,4,5,5,455,Champions,2022-10-01,2024-11-02,763,195.6045,2.088980150581793,9.574049803407602,5618.18
CUST_00809,503,8,859.21,2,3,2,232,At Risk,2022-03-19,2023-08-17,516,107.40125,1.4127310061601643,5.662790697674418,1824.57
CUST_00810,723,2,337.04999999999995,1,1,1,111,Hibernating,2022-09-18,2023-01-09,113,168.52499999999998,0.30937713894592744,6.464601769911504,3268.34
CUST_00811,273,17,3520.36,3,4,5,345,Loyal Customers,2022-07-21,2024-04-03,622,207.08,1.702943189596167,9.982717041800642,6201.66
CUST_00812,72,5,460.77,4,2,2,422,Potential Loyalists,2024-02-19,2024-10-21,245,92.154,0.6707734428473648,7.454081632653061,2060.77
CUST_00813,46,8,1408.6,4,3,3,433,Potential Loyalists,2024-02-23,2024-11-16,267,176.075,0.731006160164271,10.943820224719103,5780.8
CUST_00814,837,1,108.01,1,1,1,111,Hibernating,2022-09-17,2022-09-17,0,108.01,0.08213552361396304,12.175,3945.07
CUST_00815,50,2,336.09,4,1,1,411,New Customers,2024-06-29,2024-11-12,136,168.045,0.3723477070499658,5.3713235294117645,2707.87
CUST_00816,256,17,3493.68,3,4,5,345,Loyal Customers,2022-05-12,2024-04-20,709,205.5105882352941,1.9411362080766599,8.757757404795486,5399.44
CUST_00817,601,7,1017.05,1,2,3,123,Hibernating,2022-03-30,2023-05-11,407,145.29285714285714,1.1143052703627652,6.281941031941033,2738.16
CUST_00818,837,2,225.48999999999998,1,1,1,111,Hibernating,2022-06-17,2022-09-17,92,112.74499999999999,0.2518822724161533,7.940217391304349,2685.66
CUST_00819,44,10,1767.94,4,3,3,433,Potential Loyalists,2023-11-26,2024-11-18,358,176.794,0.9801505817932923,10.202513966480447,5411.23
CUST_00820,704,2,116.24000000000001,1,1,1,111,Hibernating,2022-08-01,2023-01-28,180,58.120000000000005,0.4928131416837782,4.058333333333334,707.61
CUST_00821,104,14,2190.8,4,4,4,444,Champions,2023-03-10,2024-09-19,559,156.4857142857143,1.5304585900068446,9.147584973166369,4294.4
CUST_00822,274,16,3055.14,3,4,4,344,Loyal Customers,2022-06-28,2024-04-02,644,190.94625,1.7631759069130732,9.074534161490684,5198.24
CUST_00823,461,2,262.72,2,1,1,211,Hibernating,2023-06-22,2023-09-28,98,131.36,0.2683093771389459,7.454081632653061,2937.5
CUST_00824,431,5,706.62,2,2,2,222,Hibernating,2023-01-29,2023-10-28,272,141.324,0.7446954140999316,6.714154411764706,2846.61
CUST_00825,222,13,1783.84,3,4,3,343,Loyal Customers,2023-01-28,2024-05-24,482,137.21846153846153,1.319644079397673,9.851141078838173,4055.28
CUST_00826,597,8,1092.42,1,3,3,133,At Risk,2022-04-11,2023-05-15,399,136.5525,1.0924024640657084,7.323308270676692,3000.05
CUST_00827,51,13,1442.5,4,4,3,443,Loyal Customers,2023-07-17,2024-11-11,483,110.96153846153847,1.322381930184805,9.830745341614906,3272.5
CUST_00828,749,2,227.69,1,1,1,111,Hibernating,2022-07-01,2022-12-14,166,113.845,0.4544832306639288,4.400602409638554,1502.96
CUST_00829,430,9,2266.79,2,3,4,234,Cannot Lose Them,2022-05-02,2023-10-29,545,251.86555555555555,1.4921286789869952,6.031651376146789,4557.5
CUST_00830,308,24,4780.5199999999995,3,5,5,355,Loyal Customers,2023-03-02,2024-02-28,363,199.1883333333333,0.9938398357289527,24.148760330578515,14430.45
CUST_00831,543,16,4909.39,1,4,5,145,Cannot Lose Them,2022-12-02,2023-07-08,218,306.836875,0.5968514715947981,26.80733944954128,24676.44
CUST_00832,10,13,3051.54,5,4,4,544,Champions,2023-09-28,2024-12-22,451,234.73384615384614,1.2347707049965777,10.528270509977826,7414.02
CUST_00833,322,11,1426.65,3,4,3,343,Loyal Customers,2023-03-13,2024-02-14,338,129.69545454545457,0.9253935660506503,11.886834319526628,4625.01
CUST_00834,59,40,8030.43,4,5,5,455,Champions,2022-12-14,2024-11-03,690,200.76075,1.88911704312115,21.17391304347826,12752.67
CUST_00835,22,5,321.78,5,2,1,521,Potential Loyalists,2024-03-27,2024-12-10,258,64.356,0.7063655030800822,7.078488372093023,1366.63
CUST_00836,705,1,54.39,1,1,1,111,Hibernating,2023-01-27,2023-01-27,0,54.39,0.08213552361396304,12.175,1986.59
CUST_00837,566,5,346.18,1,2,1,121,Hibernating,2022-09-28,2023-06-15,260,69.236,0.7118412046543463,7.024038461538462,1458.95
CUST_00838,246,7,771.23,3,2,2,322,Need Attention,2023-04-01,2024-04-30,395,110.17571428571429,1.08145106091718,6.472784810126583,2139.43
CUST_00839,144,3,116.48,4,1,1,411,New Customers,2023-12-25,2024-08-10,229,38.82666666666667,0.6269678302532512,4.784934497816594,557.35
CUST_00840,18,11,1213.63,5,4,3,543,Loyal Customers,2023-11-18,2024-12-14,392,110.33000000000001,1.0732375085557837,10.24936224489796,3392.44
CUST_00841,131,2,282.69000000000005,4,1,1,411,New Customers,2024-04-15,2024-08-23,130,141.34500000000003,0.35592060232717315,5.61923076923077,2382.75
CUST_00842,173,23,4483.38,4,5,5,455,Champions,2023-07-15,2024-07-12,363,194.9295652173913,0.9938398357289527,23.142561983471076,13533.51
CUST_00843,736,2,218.41,1,1,1,111,Hibernating,2022-08-05,2022-12-27,144,109.205,0.3942505133470226,5.072916666666666,1661.96
CUST_00844,15,24,4597.76,5,5,5,555,Champions,2023-11-27,2024-12-17,386,191.57333333333335,1.056810403832991,22.70984455958549,13051.8
CUST_00845,14,18,3108.15,5,4,4,544,Champions,2024-01-31,2024-12-18,322,172.675,0.8815879534565366,20.417701863354036,10576.88
CUST_00846,5,19,4317.8,5,5,5,555,Champions,2024-01-31,2024-12-27,331,227.2526315789474,0.9062286105407256,20.966012084592144,14293.74
CUST_00847,296,7,1961.56,3,2,4,324,Need Attention,2023-03-13,2024-03-11,364,280.22285714285715,0.9965776865160849,7.024038461538462,5904.89
CUST_00848,110,39,8101.7,4,5,5,455,Champions,2022-09-02,2024-09-13,742,207.73589743589744,2.0314852840520192,19.19777628032345,11964.2
CUST_00849,155,18,3269.69,4,4,4,444,Champions,2023-10-25,2024-07-30,279,181.64944444444444,0.7638603696098563,23.56451612903226,12841.44
CUST_00850,72,5,846.8499999999999,4,2,2,422,Potential Loyalists,2024-02-01,2024-10-21,263,169.36999999999998,0.7200547570157426,6.943916349809887,3528.27
CUST_00851,492,2,254.18,2,1,1,211,Hibernating,2023-05-13,2023-08-28,107,127.09,0.2929500342231348,6.827102803738319,2602.97
CUST_00852,17,17,3952.33,5,4,5,545,Champions,2023-04-08,2024-12-15,617,232.49,1.6892539356605065,10.063614262560778,7019.07
CUST_00853,645,6,1194.14,1,2,3,123,Hibernating,2022-05-08,2023-03-28,324,199.02333333333334,0.8870636550308009,6.763888888888888,4038.52
CUST_00854,513,2,55.72,2,1,1,211,Hibernating,2023-06-02,2023-08-07,66,27.86,0.1806981519507187,11.068181818181817,925.08
CUST_00855,865,1,33.64,1,1,1,111,Hibernating,2022-08-20,2022-08-20,0,33.64,0.08213552361396304,12.175,1228.7
CUST_00856,426,1,93.66,2,1,1,211,Hibernating,2023-11-02,2023-11-02,0,93.66,0.08213552361396304,12.175,3420.93
CUST_00857,16,28,6923.47,5,5,5,555,Champions,2023-07-30,2024-12-16,505,247.26678571428573,1.3826146475017111,20.251485148514853,15022.56
CUST_00858,827,2,256.2,1,1,1,111,Hibernating,2022-07-16,2022-09-27,73,128.1,0.1998631074606434,10.006849315068493,3845.63
CUST_00859,565,3,455.64000000000004,1,1,2,112,Hibernating,2022-12-31,2023-06-16,167,151.88000000000002,0.45722108145106094,6.561377245508981,2989.63
CUST_00860,610,4,280.06,1,2,1,121,Hibernating,2022-12-07,2023-05-02,146,70.015,0.3997262149212868,10.006849315068493,2101.89
CUST_00861,118,6,1016.9300000000001,4,2,3,423,Potential Loyalists,2023-11-10,2024-09-05,300,169.48833333333334,0.8213552361396304,7.305000000000001,3714.34
CUST_00862,544,5,601.13,1,2,2,122,Hibernating,2022-10-01,2023-07-07,279,120.226,0.7638603696098563,6.545698924731183,2360.89
CUST_00863,52,12,1906.06,4,4,4,444,Champions,2023-08-06,2024-11-10,462,158.83833333333334,1.264887063655031,9.487012987012987,4520.7
CUST_00864,915,2,253.51,1,1,1,111,Hibernating,2022-03-22,2022-07-01,101,126.755,0.27652292950034224,7.232673267326732,2750.33
CUST_00865,124,6,540.48,4,2,2,422,Potential Loyalists,2023-08-04,2024-08-30,392,90.08,1.0732375085557837,5.590561224489796,1510.79
CUST_00866,701,3,669.83,1,1,2,112,Hibernating,2022-06-18,2023-01-31,227,223.27666666666667,0.621492128678987,4.827092511013216,3233.33
CUST_00867,549,26,4534.77,1,5,5,155,Cannot Lose Them,2022-01-30,2023-07-02,518,174.41423076923078,1.4182067077344285,18.333011583011583,9592.61
CUST_00868,309,35,7159.89,3,5,5,355,Loyal Customers,2022-08-11,2024-02-27,565,204.56828571428574,1.5468856947296372,22.626106194690266,13885.75
CUST_00869,853,1,19.4,1,1,1,111,Hibernating,2022-09-01,2022-09-01,0,19.4,0.08213552361396304,12.175,708.58
CUST_00870,93,9,1216.45,4,3,3,433,Potential Loyalists,2023-05-17,2024-09-30,502,135.16111111111113,1.374401095140315,6.548306772908366,2655.23
CUST_00871,394,5,1145.4099999999999,2,2,3,223,Hibernating,2023-04-25,2023-12-04,223,229.08199999999997,0.6105407255304586,8.189461883408072,5628.17
CUST_00872,25,7,873.22,5,2,2,522,Potential Loyalists,2023-11-22,2024-12-07,381,124.74571428571429,1.0431211498973305,6.7106299212598435,2511.37
CUST_00873,59,36,5798.32,4,5,5,455,Champions,2023-02-13,2024-11-03,629,161.06444444444443,1.7221081451060918,20.904610492845787,10100.97
CUST_00874,678,15,2364.29,1,4,4,144,Cannot Lose Them,2022-07-03,2023-02-23,235,157.61933333333334,0.6433949349760438,23.31382978723404,11024.13
CUST_00875,341,8,1085.45,2,3,3,233,At Risk,2022-11-26,2024-01-26,426,135.68125,1.1663244353182751,6.859154929577465,2791.98
CUST_00876,41,8,2393.1800000000003,5,3,4,534,Potential Loyalists,2024-03-07,2024-11-21,259,299.14750000000004,0.7091033538672142,11.281853281853282,10124.81
CUST_00877,401,8,1679.79,2,3,3,233,At Risk,2022-08-18,2023-11-27,466,209.97375,1.2758384668035592,6.2703862660944205,3949.85
CUST_00878,33,10,1382.43,5,3,3,533,Potential Loyalists,2023-03-24,2024-11-29,616,138.243,1.6865160848733745,5.929383116883117,2459.09
CUST_00879,395,32,8366.96,2,5,5,255,Cannot Lose Them,2022-04-25,2023-12-03,587,261.4675,1.6071184120465434,19.911413969335605,15618.56
CUST_00880,69,8,613.4200000000001,4,3,2,432,Potential Loyalists,2023-09-20,2024-10-24,400,76.67750000000001,1.0951403148528405,7.305000000000001,1680.39
CUST_00881,883,1,22.0,1,1,1,111,Hibernating,2022-08-02,2022-08-02,0,22.0,0.08213552361396304,12.175,803.55
CUST_00882,274,9,788.59,3,3,2,332,Need Attention,2023-03-17,2024-04-02,382,87.62111111111112,1.0458590006844628,8.605366492146596,2262.04
CUST_00883,203,8,1312.01,3,3,3,333,Need Attention,2023-08-22,2024-06-12,295,164.00125,0.8076659822039699,9.905084745762712,4873.34
CUST_00884,7,14,2845.03,5,4,4,544,Champions,2023-07-20,2024-12-25,524,203.2164285714286,1.434633812457221,9.758587786259541,5949.32
CUST_00885,337,2,152.11,3,1,1,311,Need Attention,2023-08-17,2024-01-30,166,76.055,0.4544832306639288,4.400602409638554,1004.06
CUST_00886,158,16,2695.28,4,4,4,444,Champions,2022-11-17,2024-07-27,618,168.455,1.6919917864476386,9.45631067961165,4778.89
CUST_00887,459,32,6191.42,2,5,5,255,Cannot Lose Them,2022-02-02,2023-09-30,605,193.481875,1.6563997262149213,19.31900826446281,11213.63
CUST_00888,168,11,2596.75,4,4,4,444,Champions,2023-06-04,2024-07-17,409,236.0681818181818,1.1197809719370295,9.823349633251834,6956.94
CUST_00889,51,12,2196.74,4,4,4,444,Champions,2023-07-11,2024-11-11,489,183.06166666666664,1.3388090349075976,8.963190184049079,4922.45
CUST_00890,420,10,798.5899999999999,2,3,2,232,At Risk,2022-03-23,2023-11-08,595,79.859,1.6290212183436004,6.1386554621848735,1470.68
CUST_00891,233,17,2981.79,3,4,4,344,Loyal Customers,2022-06-12,2024-05-13,701,175.3994117647059,1.919233401779603,8.857703281027103,4660.91
CUST_00892,327,6,845.35,3,2,2,322,Need Attention,2023-04-23,2024-02-09,292,140.89166666666668,0.7994524298425736,7.50513698630137,3172.23
CUST_00893,141,19,4396.29,4,5,5,455,Champions,2022-08-22,2024-08-13,722,231.38368421052633,1.9767282683093772,9.611842105263158,6672.07
CUST_00894,362,3,330.53,2,1,1,211,Hibernating,2023-06-09,2024-01-05,210,110.17666666666666,0.5749486652977412,5.217857142857143,1724.66
CUST_00895,245,18,3373.2999999999997,3,4,4,344,Loyal Customers,2022-04-08,2024-05-01,754,187.40555555555554,2.0643394934976045,8.71949602122016,4902.25
CUST_00896,439,5,444.24,2,2,2,222,Hibernating,2023-01-27,2023-10-20,266,88.848,0.7282683093771389,6.8656015037593985,1829.98
CUST_00897,519,3,204.62,1,1,1,111,Hibernating,2022-10-16,2023-08-01,289,68.20666666666666,0.7912388774811773,3.791522491349481,775.82
CUST_00898,424,10,1600.48,2,3,3,233,At Risk,2022-04-04,2023-11-04,579,160.048,1.5852156057494866,6.308290155440415,3028.89
CUST_00899,8,13,1529.52,5,4,3,543,Loyal Customers,2023-09-01,2024-12-24,480,117.65538461538462,1.3141683778234086,9.8921875,3491.61
CUST_00900,12,12,2486.37,5,4,4,544,Champions,2023-12-08,2024-12-20,378,207.1975,1.0349075975359343,11.595238095238095,7207.51
CUST_00901,416,11,2711.48,2,4,4,244,Cannot Lose Them,2023-01-21,2023-11-12,295,246.49818181818182,0.8076659822039699,13.619491525423728,10071.54
CUST_00902,462,30,6563.6900000000005,2,5,5,255,Cannot Lose Them,2022-05-07,2023-09-27,508,218.78966666666668,1.3908281998631074,21.56988188976378,14157.8
CUST_00903,16,6,900.8,5,2,2,522,Potential Loyalists,2024-01-03,2024-12-16,348,150.13333333333333,0.9527720739219713,6.297413793103448,2836.36
CUST_00904,42,12,1803.21,5,4,4,544,Champions,2023-07-24,2024-11-20,485,150.2675,1.3278576317590691,9.037113402061856,4073.95
CUST_00905,582,7,1781.6699999999998,1,2,3,123,Hibernating,2022-03-30,2023-05-30,426,254.5242857142857,1.1663244353182751,6.001760563380282,4582.78
CUST_00906,4,23,4691.64,5,5,5,555,Champions,2023-09-18,2024-12-28,467,203.98434782608697,1.2785763175906912,17.988758029978587,11008.28
CUST_00907,701,4,204.19,1,2,1,121,Hibernating,2022-08-04,2023-01-31,180,51.0475,0.4928131416837782,8.116666666666667,1243.01
CUST_00908,201,20,3974.89,3,5,5,355,Loyal Customers,2022-06-21,2024-06-14,724,198.7445,1.9822039698836413,10.089779005524862,6015.86
CUST_00909,688,3,341.97,1,1,1,111,Hibernating,2022-06-04,2023-02-13,254,113.99000000000001,0.6954140999315537,4.3139763779527565,1475.25
CUST_00910,636,2,157.01,1,1,1,111,Hibernating,2022-12-31,2023-04-06,96,78.505,0.26283367556468173,7.609375,1792.12
CUST_00911,669,6,856.98,1,2,2,122,Hibernating,2022-03-29,2023-03-04,340,142.83,0.9308692676249144,6.445588235294118,2761.87
CUST_00912,12,11,2100.79,5,4,4,544,Champions,2023-11-27,2024-12-20,389,190.98090909090908,1.0650239561943875,10.32840616966581,5917.59
CUST_00913,1,10,984.47,5,3,3,533,Potential Loyalists,2024-02-21,2024-12-31,314,98.447,0.8596851471594799,11.63216560509554,3435.46
CUST_00914,289,22,5340.6900000000005,3,5,5,355,Loyal Customers,2023-01-22,2024-03-18,421,242.75863636363638,1.1526351813826146,19.086698337292162,13900.38
CUST_00915,34,7,1099.54,5,2,3,523,Potential Loyalists,2023-11-11,2024-11-28,383,157.07714285714286,1.0485968514715949,6.675587467362924,3145.75
CUST_00916,224,4,873.76,3,2,2,322,Need Attention,2023-11-01,2024-05-22,203,218.44,0.5557837097878165,7.197044334975369,4716.37
CUST_00917,681,5,508.64,1,2,2,122,Hibernating,2022-05-19,2023-02-20,277,101.728,0.758384668035592,6.592960288808665,2012.07
CUST_00918,904,1,20.51,1,1,1,111,Hibernating,2022-07-12,2022-07-12,0,20.51,0.08213552361396304,12.175,749.13
CUST_00919,34,11,1220.14,5,4,3,543,Loyal Customers,2023-09-20,2024-11-28,435,110.9218181818182,1.1909650924024642,9.236206896551723,3073.49
CUST_00920,219,31,6910.24,3,5,5,355,Loyal Customers,2022-11-06,2024-05-27,568,222.91096774193548,1.5550992470910336,19.934419014084504,13330.8
CUST_00921,443,7,1058.37,2,2,3,223,Hibernating,2022-09-18,2023-10-16,393,151.19571428571427,1.0759753593429158,6.505725190839695,2950.91
CUST_00922,593,4,365.31,1,2,1,121,Hibernating,2023-01-03,2023-05-19,136,91.3275,0.3723477070499658,10.742647058823529,2943.3
CUST_00923,591,27,6591.1,1,5,5,155,Cannot Lose Them,2022-01-30,2023-05-21,476,244.11481481481482,1.3032169746748803,20.717962184873947,15172.68
CUST_00924,57,5,480.15999999999997,4,2,2,422,Potential Loyalists,2024-02-21,2024-11-05,258,96.032,0.7063655030800822,7.078488372093023,2039.28
CUST_00925,19,13,2678.82,5,4,4,544,Champions,2023-10-31,2024-12-13,409,206.06307692307695,1.1197809719370295,11.609413202933984,7176.81
CUST_00926,476,6,375.81,2,2,1,221,Hibernating,2022-10-14,2023-09-13,334,62.635,0.9144421629021219,6.561377245508981,1232.92
CUST_00927,194,8,875.64,3,3,2,332,Need Attention,2023-01-30,2024-06-21,508,109.455,1.3908281998631074,5.751968503937008,1888.75
CUST_00928,424,5,665.14,2,2,2,222,Hibernating,2023-03-05,2023-11-04,244,133.028,0.6680355920602327,7.484631147540984,2987.0
CUST_00929,25,33,7161.77,5,5,5,555,Champions,2023-04-28,2024-12-07,589,217.02333333333334,1.6125941136208077,20.463921901528014,13323.45
CUST_00930,69,6,1194.23,4,2,3,423,Potential Loyalists,2024-01-03,2024-10-24,295,199.03833333333333,0.8076659822039699,7.428813559322034,4435.86
CUST_00931,45,15,1529.53,4,4,3,443,Loyal Customers,2023-03-27,2024-11-17,601,101.96866666666666,1.6454483230663928,9.11605657237937,2788.66
CUST_00932,444,16,3538.07,2,4,5,245,Cannot Lose Them,2022-04-14,2023-10-15,549,221.129375,1.5030800821355237,10.6448087431694,7061.64
CUST_00933,334,22,5521.93,3,5,5,355,Loyal Customers,2022-12-29,2024-02-02,400,250.99681818181818,1.0951403148528405,20.08875,15126.64
CUST_00934,58,7,975.19,4,2,2,422,Potential Loyalists,2023-10-12,2024-11-04,389,139.31285714285715,1.0650239561943875,6.572622107969151,2746.95
CUST_00935,766,4,309.9,1,2,1,121,Hibernating,2022-05-08,2022-11-27,203,77.475,0.5557837097878165,7.197044334975369,1672.77
CUST_00936,143,7,1097.19,4,2,3,423,Potential Loyalists,2023-07-18,2024-08-11,390,156.74142857142857,1.0677618069815196,6.55576923076923,3082.68
CUST_00937,699,2,217.66000000000003,1,1,1,111,Hibernating,2022-10-17,2023-02-02,108,108.83000000000001,0.29568788501026694,6.763888888888889,2208.34
CUST_00938,25,11,3350.2999999999997,5,4,4,544,Champions,2023-10-10,2024-12-07,424,304.57272727272726,1.160848733744011,9.475825471698112,8658.23
CUST_00939,610,6,1428.22,1,2,3,123,Hibernating,2022-05-14,2023-05-02,353,238.03666666666666,0.9664613278576317,6.208215297450425,4433.35
CUST_00940,541,27,5601.3,1,5,5,155,Cannot Lose Them,2022-04-30,2023-07-10,436,207.45555555555555,1.1937029431895962,22.618692660550458,14077.12
CUST_00941,38,9,1470.92,5,3,3,533,Potential Loyalists,2024-01-03,2024-11-24,326,163.43555555555557,0.892539356605065,10.083588957055214,4944.05
CUST_00942,348,6,1193.21,2,2,3,223,Hibernating,2023-02-17,2024-01-19,336,198.86833333333334,0.919917864476386,6.522321428571429,3891.25
CUST_00943,188,31,7008.86,3,5,5,355,Loyal Customers,2022-12-25,2024-06-27,550,226.09225806451613,1.5058179329226558,20.58681818181818,13963.56
CUST_00944,26,8,973.17,5,3,2,532,Potential Loyalists,2023-08-15,2024-12-06,479,121.64625,1.3114305270362765,6.1002087682672235,2226.2
CUST_00945,194,12,2748.87,3,4,4,344,Loyal Customers,2023-06-05,2024-06-21,382,229.0725,1.0458590006844628,11.473821989528794,7885.01
CUST_00946,76,36,5611.59,4,5,5,455,Champions,2022-12-30,2024-10-17,657,155.8775,1.7987679671457906,20.013698630136986,9359.06
CUST_00947,38,7,1030.01,5,2,3,523,Potential Loyalists,2024-03-23,2024-11-24,246,147.1442857142857,0.6735112936344969,10.393292682926829,4587.94
CUST_00948,515,3,182.3,2,1,1,211,Hibernating,2022-09-19,2023-08-05,320,60.76666666666667,0.8761122518822724,3.42421875,624.24
CUST_00949,141,17,3229.96,4,4,4,444,Champions,2023-10-31,2024-08-13,287,189.99764705882353,0.785763175906913,21.63501742160279,12331.81
CUST_00950,589,18,4436.52,1,4,5,145,Cannot Lose Them,2022-07-01,2023-05-23,326,246.47333333333336,0.892539356605065,20.16717791411043,14912.01
CUST_00951,3,26,6468.76,5,5,5,555,Champions,2023-07-21,2024-12-29,527,248.79846153846154,1.4428473648186173,18.019924098671726,13449.99
CUST_00952,135,35,8468.2,4,5,5,455,Champions,2022-10-27,2024-08-19,662,241.94857142857146,1.8124572210814511,19.310800604229605,14016.66
CUST_00953,525,8,737.15,1,3,2,132,At Risk,2022-05-27,2023-07-26,425,92.14375,1.163586584531143,6.875294117647059,1900.55
CUST_00954,94,12,1729.99,4,4,3,443,Loyal Customers,2023-07-16,2024-09-29,441,144.16583333333332,1.2073921971252566,9.938775510204083,4298.5
CUST_00955,23,27,6332.03,5,5,5,555,Champions,2023-10-07,2024-12-09,429,234.51962962962963,1.1745379876796715,22.987762237762237,16173.24
CUST_00956,14,17,3720.16,5,4,5,545,Champions,2024-02-07,2024-12-18,315,218.83294117647057,0.8624229979466119,19.711904761904762,12940.84
CUST_00957,27,16,3985.86,5,4,5,545,Champions,2024-02-22,2024-12-05,287,249.11625,0.785763175906913,20.362369337979096,15217.79
CUST_00958,327,30,9067.44,3,5,5,355,Loyal Customers,2022-10-17,2024-02-09,480,302.248,1.3141683778234086,22.828125,20699.27
CUST_00959,284,11,1886.96,3,4,4,344,Loyal Customers,2023-04-25,2024-03-23,333,171.54181818181817,0.9117043121149897,12.065315315315315,6209.12
CUST_00960,705,2,103.63,1,1,1,111,Hibernating,2022-09-29,2023-01-27,120,51.815,0.32854209445585214,6.0875,946.27
CUST_00961,598,28,5118.62,1,5,5,155,Cannot Lose Them,2022-02-15,2023-05-14,453,182.80785714285713,1.2402464065708418,22.576158940397352,12381.3
CUST_00962,120,30,6367.63,4,5,5,455,Champions,2023-04-30,2024-09-03,492,212.25433333333334,1.3470225872689938,22.271341463414636,14181.57
CUST_00963,422,9,1052.51,2,3,3,233,At Risk,2022-06-17,2023-11-06,507,116.94555555555556,1.3880903490759753,6.483727810650888,2274.73
CUST_00964,66,17,2439.4300000000003,4,4,4,444,Champions,2023-02-17,2024-10-27,618,143.49588235294118,1.6919917864476386,10.047330097087379,4325.25
CUST_00965,162,5,710.9300000000001,4,2,2,422,Potential Loyalists,2024-01-03,2024-07-23,202,142.186,0.5530458590006845,9.040841584158416,3856.44
CUST_00966,206,14,2914.21,3,4,4,344,Loyal Customers,2023-01-16,2024-06-09,510,208.15785714285715,1.3963039014373717,10.026470588235293,6261.27
CUST_00967,50,4,485.82,4,2,2,422,Potential Loyalists,2024-04-03,2024-11-12,223,121.455,0.6105407255304586,6.551569506726458,2387.16
CUST_00968,232,8,1655.02,3,3,3,333,Need Attention,2023-03-25,2024-05-14,416,206.8775,1.1389459274469542,7.024038461538461,4359.35
CUST_00969,24,37,8451.94,5,5,5,555,Champions,2023-01-18,2024-12-08,690,228.4308108108108,1.88911704312115,19.58586956521739,13422.05
CUST_00970,281,20,2292.57,3,5,4,354,Loyal Customers,2022-05-03,2024-03-26,693,114.6285,1.8973305954825461,10.541125541125542,3624.94
CUST_00971,210,17,2508.89,3,4,4,344,Loyal Customers,2022-12-07,2024-06-05,546,147.58176470588234,1.4948665297741273,11.372252747252748,5035.01
CUST_00972,820,15,2782.52,1,4,4,144,Cannot Lose Them,2022-01-17,2022-10-04,260,185.50133333333332,0.7118412046543463,21.072115384615387,11726.72
CUST_00973,676,3,435.97,1,1,2,112,Hibernating,2022-05-08,2023-02-25,293,145.32333333333335,0.8021902806297057,3.7397610921501707,1630.42
CUST_00974,792,1,134.09,1,1,1,111,Hibernating,2022-11-01,2022-11-01,0,134.09,0.08213552361396304,12.175,4897.64
CUST_00975,39,5,1187.3600000000001,5,2,3,523,Potential Loyalists,2024-02-29,2024-11-23,268,237.47200000000004,0.7337440109514032,6.814365671641791,4854.66
CUST_00976,535,9,1155.96,1,3,3,133,At Risk,2022-04-12,2023-07-16,460,128.44,1.2594113620807665,7.146195652173914,2753.57
CUST_00977,289,5,811.04,3,2,2,322,Need Attention,2023-08-22,2024-03-18,209,162.208,0.5722108145106092,8.738038277511961,4252.14
CUST_00978,64,11,1861.89,4,4,4,444,Champions,2023-11-02,2024-10-29,362,169.2627272727273,0.9911019849418207,11.098756906077348,5635.82
CUST_00979,186,1,32.42,4,1,1,411,New Customers,2024-06-29,2024-06-29,0,32.42,0.08213552361396304,12.175,1184.14
CUST_00980,325,1,27.54,3,1,1,311,Need Attention,2024-02-11,2024-02-11,0,27.54,0.08213552361396304,12.175,1005.9
CUST_00981,289,7,657.23,3,2,2,322,Need Attention,2023-02-20,2024-03-18,392,93.89,1.0732375085557837,6.522321428571429,1837.14
CUST_00982,212,15,2486.27,3,4,4,344,Loyal Customers,2023-01-12,2024-06-03,508,165.75133333333332,1.3908281998631074,10.78494094488189,5362.86
CUST_00983,21,30,7291.78,5,5,5,555,Champions,2023-06-23,2024-12-11,537,243.0593333333333,1.4702258726899384,20.405027932960895,14878.9
CUST_00984,8,5,547.27,5,2,2,522,Potential Loyalists,2024-01-26,2024-12-24,333,109.454,0.9117043121149897,5.4842342342342345,1800.81
CUST_00985,34,9,942.17,5,3,2,532,Potential Loyalists,2024-02-01,2024-11-28,301,104.68555555555555,0.8240930869267625,10.92109634551495,3429.84
CUST_00986,565,8,590.13,1,3,2,132,At Risk,2022-04-16,2023-06-16,426,73.76625,1.1663244353182751,6.859154929577465,1517.92
CUST_00987,228,16,2322.68,3,4,4,344,Loyal Customers,2022-09-11,2024-05-18,615,145.1675,1.6837782340862424,9.502439024390243,4138.34
CUST_00988,452,10,837.19,2,3,2,232,At Risk,2022-02-19,2023-10-07,595,83.71900000000001,1.6290212183436004,6.1386554621848735,1541.77
CUST_00989,575,5,717.84,1,2,2,122,Hibernating,2022-08-17,2023-06-06,293,143.568,0.8021902806297057,6.232935153583618,2684.55
CUST_00990,64,6,582.52,4,2,2,422,Potential Loyalists,2023-12-16,2024-10-29,318,97.08666666666666,0.8706365503080082,6.891509433962264,2007.22
CUST_00991,387,8,1064.45,2,3,3,233,At Risk,2023-02-04,2023-12-11,310,133.05625,0.8487337440109514,9.425806451612903,3762.49
CUST_00992,823,1,39.94,1,1,1,111,Hibernating,2022-10-01,2022-10-01,0,39.94,0.08213552361396304,12.175,1458.81
CUST_00993,37,8,1238.59,5,3,3,533,Potential Loyalists,2023-12-18,2024-11-25,343,154.82375,0.9390828199863107,8.518950437317784,3956.81
CUST_00994,36,8,1024.65,5,3,3,533,Potential Loyalists,2024-03-21,2024-11-26,250,128.08125,0.6844626967830253,11.688,4491.04
CUST_00995,1,20,4108.97,5,5,5,555,Champions,2023-12-03,2024-12-31,394,205.44850000000002,1.0787132101300478,18.54060913705584,11427.42
CUST_00996,304,28,6722.75,3,5,5,355,Loyal Customers,2022-09-01,2024-03-03,549,240.09821428571428,1.5030800821355237,18.628415300546447,13417.95
CUST_00997,815,1,8.19,1,1,1,111,Hibernating,2022-10-09,2022-10-09,0,8.19,0.08213552361396304,12.175,299.14
CUST_00998,845,2,90.03,1,1,1,111,Hibernating,2022-06-27,2022-09-09,74,45.015,0.2026009582477755,9.871621621621621,1333.11
CUST_00999,172,25,4493.0,4,5,5,455,Champions,2023-05-16,2024-07-13,424,179.72,1.160848733744011,21.535966981132074,11611.33
CUST_01000,260,10,1034.1,3,3,3,333,Need Attention,2022-09-16,2024-04-16,578,103.41,1.5824777549623545,6.319204152249135,1960.41
CUST_01001,404,23,4254.8,2,5,5,255,Cannot Lose Them,2022-09-03,2023-11-24,447,184.9913043478261,1.2238193018480492,18.793624161073826,10429.97
CUST_01002,516,21,2524.04,2,5,4,254,Cannot Lose Them,2022-07-13,2023-08-04,387,120.19238095238094,1.0595482546201231,19.819767441860467,7146.56
CUST_01003,431,25,4867.13,2,5,5,255,Cannot Lose Them,2022-09-28,2023-10-28,395,194.6852,1.08145106091718,23.11708860759494,13501.67
CUST_01004,339,6,717.42,2,2,2,222,Hibernating,2023-01-02,2024-01-28,391,119.57,1.0704996577686516,5.604859335038363,2010.52
CUST_01005,580,5,378.96,1,2,1,121,Hibernating,2022-09-12,2023-06-01,262,75.792,0.7173169062286106,6.970419847328245,1584.91
CUST_01006,35,8,1682.37,5,3,3,533,Potential Loyalists,2024-02-24,2024-11-27,277,210.29625,0.758384668035592,10.548736462093864,6655.08
CUST_01007,279,1,81.12,3,1,1,311,Need Attention,2024-03-28,2024-03-28,0,81.12,0.08213552361396304,12.175,2962.91
CUST_01008,134,39,10338.17,4,5,5,455,Champions,2022-08-20,2024-08-20,731,265.0812820512821,2.001368925393566,19.486662106703147,15496.65
CUST_01009,196,33,6026.68,3,5,5,355,Loyal Customers,2022-08-22,2024-06-19,667,182.62666666666667,1.8261464750171115,18.070839580209896,9900.65
CUST_01010,533,17,3846.23,1,4,5,145,Cannot Lose Them,2022-09-11,2023-07-18,310,226.24882352941177,0.8487337440109514,20.02983870967742,13595.18
CUST_01011,492,4,813.3299999999999,2,2,2,222,Hibernating,2023-01-27,2023-08-28,213,203.33249999999998,0.5831622176591376,6.859154929577465,4184.07
CUST_01012,590,2,146.93,1,1,1,111,Hibernating,2022-12-03,2023-05-22,170,73.465,0.4654346338124572,4.297058823529412,947.05
CUST_01013,282,7,1398.74,3,2,3,323,Need Attention,2023-03-04,2024-03-25,387,199.82,1.0595482546201231,6.606589147286822,3960.39
CUST_01014,23,17,3929.6099999999997,5,4,5,545,Champions,2024-02-24,2024-12-09,289,231.15352941176468,0.7912388774811773,21.485294117647058,14899.2
CUST_01015,492,7,759.15,2,2,2,222,Hibernating,2022-06-22,2023-08-28,432,108.45,1.1827515400410678,5.918402777777778,1925.55
CUST_01016,158,2,370.69,4,1,1,411,New Customers,2024-04-03,2024-07-27,115,185.345,0.31485284052019163,6.352173913043479,3532.03
CUST_01017,525,10,1348.87,1,3,3,133,At Risk,2022-06-25,2023-07-26,396,134.887,1.0841889117043122,9.223484848484848,3732.38
CUST_01018,653,1,89.99,1,1,1,111,Hibernating,2023-03-20,2023-03-20,0,89.99,0.08213552361396304,12.175,3286.88
CUST_01019,386,7,663.45,2,2,2,222,Hibernating,2022-10-25,2023-12-12,413,94.77857142857144,1.1307323750855578,6.1906779661016955,1760.23
CUST_01020,431,2,329.99,2,1,1,211,Hibernating,2023-08-11,2023-10-28,78,164.995,0.2135523613963039,9.365384615384615,4635.72
CUST_01021,448,7,1329.8899999999999,2,2,3,223,Hibernating,2022-10-29,2023-10-11,347,189.9842857142857,0.9500342231348392,7.368155619596541,4199.5
CUST_01022,44,3,268.39,4,1,1,411,New Customers,2024-04-30,2024-11-18,202,89.46333333333332,0.5530458590006845,5.4245049504950495,1455.88
CUST_01023,159,3,396.65,4,1,2,412,New Customers,2024-01-17,2024-07-26,191,132.21666666666667,0.5229295003422314,5.736910994764397,2275.55
CUST_01024,27,16,2977.58,5,4,4,544,Champions,2023-05-18,2024-12-05,567,186.09875,1.5523613963039014,10.306878306878307,5754.29
CUST_01025,67,38,8980.38,4,5,5,455,Champions,2023-01-21,2024-10-26,644,236.32578947368418,1.7631759069130732,21.552018633540374,15279.89
CUST_01026,60,8,1771.21,4,3,3,433,Potential Loyalists,2024-02-22,2024-11-02,254,221.40125,0.6954140999315537,11.503937007874017,7640.96
CUST_01027,597,6,844.51,1,2,2,122,Hibernating,2022-06-23,2023-05-15,326,140.75166666666667,0.892539356605065,6.72239263803681,2838.56
CUST_01028,572,9,2162.88,1,3,4,134,Cannot Lose Them,2022-07-26,2023-06-09,318,240.32000000000002,0.8706365503080082,10.337264150943396,7452.75
CUST_01029,160,14,2195.9900000000002,4,4,4,444,Champions,2023-02-09,2024-07-25,532,156.85642857142858,1.4565366187542779,9.611842105263158,4523.04
CUST_01030,226,1,111.99,3,1,1,311,Need Attention,2024-05-20,2024-05-20,0,111.99,0.08213552361396304,12.175,4090.43
CUST_01031,424,6,453.92,2,2,2,222,Hibernating,2023-01-21,2023-11-04,287,75.65333333333334,0.785763175906913,7.635888501742161,1733.04
CUST_01032,199,3,115.17,3,1,1,311,Need Attention,2023-11-18,2024-06-16,211,38.39,0.5776865160848734,5.193127962085308,598.09
CUST_01033,18,10,1437.32,5,3,3,533,Potential Loyalists,2023-11-21,2024-12-14,389,143.732,1.0650239561943875,9.389460154241645,4048.7
CUST_01034,125,16,2543.38,4,4,4,444,Champions,2022-11-16,2024-08-29,652,158.96125,1.78507871321013,8.963190184049079,4274.4
CUST_01035,52,8,956.3399999999999,4,3,2,432,Potential Loyalists,2023-09-08,2024-11-10,429,119.54249999999999,1.1745379876796715,6.811188811188811,2442.68
CUST_01036,19,15,3086.02,5,4,4,544,Champions,2023-05-02,2024-12-13,591,205.73466666666667,1.6180698151950719,9.27030456852792,5721.67
CUST_01037,302,12,2257.51,3,4,4,344,Loyal Customers,2023-02-06,2024-03-05,393,188.12583333333336,1.0759753593429158,11.15267175572519,6294.32
CUST_01038,234,17,2772.78,3,4,4,344,Loyal Customers,2022-08-25,2024-05-12,626,163.10470588235296,1.7138945927446954,9.918929712460065,4853.47
CUST_01039,38,13,3271.77,5,4,4,544,Champions,2023-08-20,2024-11-24,462,251.67461538461538,1.264887063655031,10.277597402597403,7759.83
CUST_01040,438,4,767.37,2,2,2,222,Hibernating,2023-03-13,2023-10-21,222,191.8425,0.6078028747433265,6.581081081081081,3787.59
CUST_01041,192,18,4870.82,3,4,5,345,Loyal Customers,2023-09-25,2024-06-23,272,270.6011111111111,0.7446954140999316,24.170955882352942,19622.06
CUST_01042,51,16,4541.18,4,4,5,445,Champions,2024-01-21,2024-11-11,295,283.82375,0.8076659822039699,19.810169491525425,16867.79
CUST_01043,205,28,4514.26,3,5,5,355,Loyal Customers,2023-01-31,2024-06-10,496,161.22357142857143,1.3579739904175223,20.618951612903224,9972.78
CUST_01044,441,10,1510.14,2,3,3,233,At Risk,2022-11-19,2023-10-18,333,151.014,0.9117043121149897,10.968468468468469,4969.18
CUST_01045,216,1,75.41,3,1,1,311,Need Attention,2024-05-30,2024-05-30,0,75.41,0.08213552361396304,12.175,2754.35
CUST_01046,120,7,1279.06,4,2,3,423,Potential Loyalists,2023-07-17,2024-09-03,414,182.72285714285712,1.1334702258726899,6.17572463768116,3385.34
CUST_01047,358,8,564.45,2,3,2,232,At Risk,2022-11-15,2024-01-09,420,70.55625,1.1498973305954825,6.957142857142857,1472.61
CUST_01048,258,3,137.01,3,1,1,311,Need Attention,2023-08-03,2024-04-18,259,45.669999999999995,0.7091033538672142,4.230694980694981,579.65
CUST_01049,195,11,1640.27,3,4,3,343,Loyal Customers,2023-05-11,2024-06-20,406,149.11545454545455,1.111567419575633,9.895935960591133,4426.91
CUST_01050,480,17,2312.09,2,4,4,244,Cannot Lose Them,2022-10-19,2023-09-09,325,136.00529411764705,0.8898015058179329,19.105384615384615,7795.3
CUST_01051,576,5,510.0,1,2,2,122,Hibernating,2022-07-30,2023-06-05,310,102.0,0.8487337440109514,5.891129032258065,1802.69
CUST_01052,25,14,2056.35,5,4,4,544,Champions,2023-07-26,2024-12-07,500,146.88214285714284,1.3689253935660506,10.227,4506.49
CUST_01053,584,4,204.17000000000002,1,2,1,121,Hibernating,2022-11-13,2023-05-28,196,51.042500000000004,0.5366187542778919,7.454081632653061,1141.42
CUST_01054,204,2,383.8,3,1,1,311,Need Attention,2023-12-28,2024-06-11,166,191.9,0.4544832306639288,4.400602409638554,2533.43
CUST_01055,720,3,297.02,1,1,1,111,Hibernating,2022-07-08,2023-01-12,188,99.00666666666666,0.5147159479808351,5.82845744680851,1731.17
CUST_01056,229,18,2776.89,3,4,4,344,Loyal Customers,2022-03-16,2024-05-17,793,154.27166666666665,2.1711156741957565,8.290668348045397,3837.05
CUST_01057,66,15,2785.65,4,4,4,444,Champions,2023-01-23,2024-10-27,643,185.71,1.7604380561259412,8.520606531881803,4747.09
CUST_01058,76,16,1741.4,4,4,3,443,Loyal Customers,2023-03-28,2024-10-17,569,108.8375,1.5578370978781657,10.270650263620386,3353.5
CUST_01059,99,9,740.3299999999999,4,3,2,432,Potential Loyalists,2023-03-24,2024-09-24,550,82.25888888888888,1.5058179329226558,5.976818181818182,1474.94
CUST_01060,660,15,3771.64,1,4,5,145,Cannot Lose Them,2022-06-22,2023-03-13,264,251.44266666666667,0.7227926078028748,20.752840909090907,15654.45
CUST_01061,375,1,38.32,2,1,1,211,Hibernating,2023-12-23,2023-12-23,0,38.32,0.08213552361396304,12.175,1399.64
CUST_01062,18,7,914.86,5,2,2,522,Potential Loyalists,2024-01-09,2024-12-14,340,130.6942857142857,0.9308692676249144,7.519852941176471,2948.41
CUST_01063,108,38,9344.51,4,5,5,455,Champions,2022-11-22,2024-09-15,663,245.90815789473686,1.8151950718685832,20.93438914027149,15443.81
CUST_01064,355,2,509.96999999999997,2,1,2,212,Hibernating,2023-11-08,2024-01-12,65,254.98499999999999,0.17796030116358658,11.23846153846154,8596.92
CUST_01065,130,19,3347.69,4,5,4,454,Champions,2022-09-23,2024-08-24,701,176.1942105263158,1.919233401779603,9.899786019971469,5232.85
CUST_01066,143,18,3327.1,4,5,4,454,Champions,2023-09-17,2024-08-11,329,184.83888888888887,0.9007529089664613,19.98328267477204,11081.06
CUST_01067,214,9,1344.18,3,3,3,333,Need Attention,2023-02-02,2024-06-01,485,149.35333333333335,1.3278576317590691,6.777835051546392,3036.88
CUST_01068,455,8,2036.94,2,3,4,234,Cannot Lose Them,2022-05-31,2023-10-04,491,254.6175,1.3442847364818618,5.95112016293279,4545.78
CUST_01069,204,16,3672.93,3,4,5,345,Loyal Customers,2023-07-15,2024-06-11,332,229.558125,0.9089664613278576,17.602409638554217,12122.33
CUST_01070,432,5,772.03,2,2,2,222,Hibernating,2023-01-20,2023-10-27,280,154.406,0.7665982203969883,6.522321428571429,3021.26
CUST_01071,484,1,93.84,2,1,1,211,Hibernating,2023-09-05,2023-09-05,0,93.84,0.08213552361396304,12.175,3427.51
CUST_01072,447,8,1169.0900000000001,2,3,3,233,At Risk,2023-02-27,2023-10-12,227,146.13625000000002,0.621492128678987,12.872246696035242,5643.31
CUST_01073,455,9,1586.98,2,3,3,233,At Risk,2022-10-11,2023-10-04,358,176.3311111111111,0.9801505817932923,9.182262569832401,4857.36
CUST_01074,4,23,4691.24,5,5,5,555,Champions,2023-11-10,2024-12-28,414,203.96695652173912,1.1334702258726899,20.291666666666668,12416.49
CUST_01075,256,18,2749.7400000000002,3,5,4,354,Loyal Customers,2022-02-12,2024-04-20,798,152.76333333333335,2.184804928131417,8.238721804511279,3775.72
CUST_01076,42,9,827.1999999999999,5,3,2,532,Potential Loyalists,2023-06-29,2024-11-20,510,91.9111111111111,1.3963039014373717,6.445588235294117,1777.26
CUST_01077,394,1,357.63,2,1,1,211,Hibernating,2023-12-04,2023-12-04,0,357.63,0.08213552361396304,12.175,13062.44
CUST_01078,657,1,23.75,1,1,1,111,Hibernating,2023-03-16,2023-03-16,0,23.75,0.08213552361396304,12.175,867.47
CUST_01079,34,16,2394.05,5,4,4,544,Champions,2023-02-19,2024-11-28,648,149.628125,1.7741273100616017,9.018518518518517,4048.27
CUST_01080,192,9,1106.37,3,3,3,333,Need Attention,2023-02-19,2024-06-23,490,122.92999999999999,1.3415468856947297,6.7086734693877546,2474.09
CUST_01081,141,15,2014.44,4,4,4,444,Champions,2023-12-04,2024-08-13,253,134.296,0.6926762491444216,21.65513833992095,8724.6
CUST_01082,387,17,3550.5,2,4,5,245,Cannot Lose Them,2023-03-03,2023-12-11,283,208.85294117647058,0.7748117727583846,21.940812720848058,13747.21
CUST_01083,45,7,1267.26,4,2,3,423,Potential Loyalists,2023-07-29,2024-11-17,477,181.03714285714287,1.3059548254620124,5.360062893081761,2911.11
CUST_01084,6,17,3455.7999999999997,5,4,5,545,Champions,2024-02-06,2024-12-26,324,203.28235294117644,0.8870636550308009,19.16435185185185,11687.32
CUST_01085,822,1,136.85,1,1,1,111,Hibernating,2022-10-02,2022-10-02,0,136.85,0.08213552361396304,12.175,4998.45
CUST_01086,462,2,244.66,2,1,1,211,Hibernating,2023-05-31,2023-09-27,119,122.33,0.3258042436687201,6.1386554621848735,2252.83
CUST_01087,286,24,3499.87,3,5,5,355,Loyal Customers,2023-03-04,2024-03-21,383,145.82791666666665,1.0485968514715949,22.887728459530024,10013.01
CUST_01088,270,3,163.62,3,1,1,311,Need Attention,2023-06-10,2024-04-06,301,54.54,0.8240930869267625,3.640365448504983,595.64
CUST_01089,62,19,2638.54,4,5,4,454,Champions,2022-11-22,2024-10-31,709,138.87052631578948,1.9411362080766599,9.788081805359662,4077.83
CUST_01090,730,2,106.75,1,1,1,111,Hibernating,2022-09-04,2023-01-02,120,53.375,0.32854209445585214,6.0875,974.76
CUST_01091,423,35,6840.75,2,5,5,255,Cannot Lose Them,2022-04-09,2023-11-05,575,195.45,1.5742642026009583,22.23260869565217,13036.09
CUST_01092,413,9,727.36,2,3,2,232,At Risk,2022-06-15,2023-11-15,518,80.81777777777778,1.4182067077344285,6.346042471042471,1538.62
CUST_01093,749,4,659.63,1,2,2,122,Hibernating,2022-05-08,2022-12-14,220,164.9075,0.6023271731690623,6.6409090909090915,3285.41
CUST_01094,182,6,1292.04,4,2,3,423,Potential Loyalists,2023-08-26,2024-07-03,312,215.34,0.8542094455852156,7.024038461538462,4537.67
CUST_01095,145,16,2718.76,4,4,4,444,Champions,2022-10-11,2024-08-09,668,169.9225,1.8288843258042438,8.748502994011975,4459.7
CUST_01096,140,14,2411.97,4,4,4,444,Champions,2023-03-15,2024-08-14,518,172.2835714285714,1.4182067077344285,9.871621621621621,5102.15
CUST_01097,35,8,767.73,5,3,2,532,Potential Loyalists,2023-10-17,2024-11-27,407,95.96625,1.1143052703627652,7.179361179361179,2066.93
CUST_01098,301,4,549.24,3,2,2,322,Need Attention,2023-09-08,2024-03-06,180,137.31,0.4928131416837782,8.116666666666667,3343.5
CUST_01099,115,39,11655.78,4,5,5,455,Champions,2022-10-05,2024-09-08,704,298.86615384615385,1.9274469541409993,20.234019886363637,18141.79
CUST_01100,388,3,232.1,2,1,1,211,Hibernating,2023-04-11,2023-12-10,243,77.36666666666666,0.6652977412731006,4.5092592592592595,1046.6
CUST_01101,43,13,2096.6099999999997,5,4,4,544,Champions,2023-07-11,2024-11-19,497,161.2776923076923,1.3607118412046544,9.553822937625755,4622.46
CUST_01102,526,5,704.73,1,2,2,122,Hibernating,2022-11-09,2023-07-25,258,140.946,0.7063655030800822,7.078488372093023,2993.05
CUST_01103,22,25,4802.96,5,5,5,555,Champions,2023-10-12,2024-12-10,425,192.1184,1.163586584531143,21.485294117647058,12383.16
CUST_01104,161,5,978.73,4,2,2,422,Potential Loyalists,2023-12-02,2024-07-24,235,195.746,0.6433949349760438,7.7712765957446805,4563.59
CUST_01105,284,8,1442.5900000000001,3,3,3,333,Need Attention,2022-12-26,2024-03-23,453,180.32375000000002,1.2402464065708418,6.450331125827815,3489.44
CUST_01106,23,9,1368.05,5,3,3,533,Potential Loyalists,2024-02-27,2024-12-09,286,152.00555555555556,0.783025325119781,11.493881118881118,5241.4
CUST_01107,235,11,2049.24,3,4,4,344,Loyal Customers,2023-02-12,2024-05-11,454,186.29454545454544,1.242984257357974,8.84966960352423,4945.94
CUST_01108,365,9,960.53,2,3,2,232,At Risk,2022-08-08,2024-01-02,512,106.72555555555556,1.4017796030116358,6.42041015625,2055.67
CUST_01109,377,8,1607.97,2,3,3,233,At Risk,2023-03-12,2023-12-21,284,200.99625,0.7775496235455168,10.288732394366196,6203.99
CUST_01110,88,4,321.29,4,2,1,421,Potential Loyalists,2024-02-29,2024-10-05,219,80.3225,0.5995893223819302,6.671232876712328,1607.55
CUST_01111,422,28,5924.98,2,5,5,255,Cannot Lose Them,2022-05-18,2023-11-06,537,211.60642857142855,1.4702258726899384,19.044692737430168,12089.94
CUST_01112,241,22,5897.68,3,5,5,355,Loyal Customers,2023-03-08,2024-05-05,424,268.0763636363636,1.160848733744011,18.951650943396224,15241.47
CUST_01113,73,8,1222.6499999999999,4,3,3,433,Potential Loyalists,2023-08-15,2024-10-20,432,152.83124999999998,1.1827515400410678,6.763888888888889,3101.2
CUST_01114,498,10,666.77,2,3,2,232,At Risk,2022-08-11,2023-08-22,376,66.67699999999999,1.0294318959616702,9.71409574468085,1943.12
CUST_01115,262,8,763.14,3,3,2,332,Need Attention,2023-02-03,2024-04-14,436,95.3925,1.1937029431895962,6.70183486238532,1917.91
CUST_01116,38,6,548.32,5,2,2,522,Potential Loyalists,2023-12-04,2024-11-24,356,91.38666666666667,0.974674880219028,6.155898876404494,1687.7
CUST_01117,469,5,426.46,2,2,2,222,Hibernating,2022-11-27,2023-09-20,297,85.292,0.813141683778234,6.1489898989899,1573.38
CUST_01118,219,2,98.17,3,1,1,311,Need Attention,2024-03-12,2024-05-27,76,49.085,0.2080766598220397,9.611842105263158,1415.39
CUST_01119,155,6,979.8,4,2,2,422,Potential Loyalists,2023-09-10,2024-07-30,324,163.29999999999998,0.8870636550308009,6.763888888888888,3313.63
CUST_01120,606,1,117.94,1,1,1,111,Hibernating,2023-05-06,2023-05-06,0,117.94,0.08213552361396304,12.175,4307.76
CUST_01121,631,4,707.0500000000001,1,2,2,122,Hibernating,2022-09-07,2023-04-11,216,176.76250000000002,0.5913757700205339,6.763888888888889,3586.81
CUST_01122,30,10,2039.09,5,3,4,534,Potential Loyalists,2024-01-27,2024-12-02,310,203.909,0.8487337440109514,11.78225806451613,7207.53
CUST_01123,495,15,2768.0,2,4,4,244,Cannot Lose Them,2022-02-24,2023-08-25,547,184.53333333333333,1.4976043805612593,10.015996343692871,5544.86
CUST_01124,183,18,2735.14,4,5,4,454,Champions,2022-09-08,2024-07-02,663,151.95222222222222,1.8151950718685832,9.916289592760181,4520.41
CUST_01125,325,9,1986.6100000000001,3,3,4,334,Need Attention,2022-09-15,2024-02-11,514,220.73444444444445,1.4072553045859,6.395428015564203,4235.07
CUST_01126,187,38,7188.59,3,5,5,355,Loyal Customers,2022-07-09,2024-06-28,720,189.1734210526316,1.9712525667351128,19.277083333333334,10940.14
CUST_01127,692,2,170.37,1,1,1,111,Hibernating,2022-09-01,2023-02-09,161,85.185,0.4407939767282683,4.537267080745342,1159.52
CUST_01128,359,16,2183.52,2,4,4,244,Cannot Lose Them,2022-06-30,2024-01-08,557,136.47,1.5249828884325805,10.491921005385997,4295.5
CUST_01129,41,14,1721.09,5,4,3,543,Loyal Customers,2023-07-03,2024-11-21,507,122.93499999999999,1.3880903490759753,10.085798816568047,3719.69
CUST_01130,600,11,1523.94,1,4,3,143,Loyal Customers,2022-03-22,2023-05-12,416,138.54,1.1389459274469542,9.658052884615383,4014.08
CUST_01131,613,11,1834.8899999999999,1,4,4,144,Cannot Lose Them,2022-03-22,2023-04-29,403,166.8081818181818,1.103353867214237,9.969602977667494,4989.03
CUST_01132,293,31,5558.33,3,5,5,355,Loyal Customers,2022-09-01,2024-03-14,560,179.3009677419355,1.5331964407939767,20.21919642857143,10875.96
CUST_01133,514,12,2169.69,2,4,4,244,Cannot Lose Them,2022-07-10,2023-08-06,392,180.8075,1.0732375085557837,11.181122448979592,6064.89
CUST_01134,38,8,2038.8,5,3,4,534,Potential Loyalists,2023-08-11,2024-11-24,471,254.85,1.2895277207392197,6.203821656050955,4743.13
CUST_01135,53,15,2876.71,4,4,4,444,Champions,2023-05-25,2024-11-09,534,191.78066666666666,1.462012320328542,10.259831460674159,5902.91
CUST_01136,594,8,703.03,1,3,2,132,At Risk,2022-04-06,2023-05-18,407,87.87875,1.1143052703627652,7.179361179361179,1892.74
CUST_01137,340,10,1008.3,2,3,3,233,At Risk,2022-07-07,2024-01-27,569,100.83,1.5578370978781657,6.419156414762742,1941.73
CUST_01138,440,4,267.16,2,2,1,221,Hibernating,2023-03-21,2023-10-19,212,66.79,0.5804243668720055,6.891509433962264,1380.85
CUST_01139,570,5,1277.72,1,2,3,123,Hibernating,2022-09-10,2023-06-11,274,255.544,0.7501711156741958,6.665145985401459,5109.71
CUST_01140,855,1,76.85,1,1,1,111,Hibernating,2022-08-30,2022-08-30,0,76.85,0.08213552361396304,12.175,2806.95
CUST_01141,437,6,320.87,2,2,1,221,Hibernating,2022-11-28,2023-10-22,328,53.47833333333333,0.8980150581793293,6.6814024390243905,1071.93
CUST_01142,18,33,8337.12,5,5,5,555,Champions,2023-02-05,2024-12-14,678,252.64000000000001,1.8562628336755647,17.777654867256636,13474.04
CUST_01143,261,18,2623.39,3,5,4,354,Loyal Customers,2022-08-10,2024-04-15,614,145.74388888888888,1.68104038329911,10.707654723127037,4681.73
CUST_01144,349,13,2025.52,2,4,4,244,Cannot Lose Them,2022-10-27,2024-01-18,448,155.80923076923077,1.2265571526351813,10.598772321428573,4954.16
CUST_01145,52,5,397.66,4,2,2,422,Potential Loyalists,2024-03-20,2024-11-10,235,79.53200000000001,0.6433949349760438,7.7712765957446805,1854.2
CUST_01146,359,2,45.69,2,1,1,211,Hibernating,2023-10-10,2024-01-08,90,22.845,0.2464065708418891,8.116666666666667,556.28
CUST_01147,359,16,1874.99,2,4,4,244,Cannot Lose Them,2022-04-01,2024-01-08,647,117.186875,1.7713894592744694,9.032457496136013,3175.46
CUST_01148,472,8,1019.32,2,3,3,233,At Risk,2022-07-14,2023-09-17,430,127.415,1.1772758384668036,6.795348837209302,2597.49
CUST_01149,285,38,6758.0,3,5,5,355,Loyal Customers,2022-05-11,2024-03-22,681,177.8421052631579,1.864476386036961,20.381057268722465,10873.83
CUST_01150,312,1,175.07,3,1,1,311,Need Attention,2024-02-24,2024-02-24,0,175.07,0.08213552361396304,12.175,6394.43
CUST_01151,544,8,1010.36,1,3,3,133,At Risk,2022-09-25,2023-07-07,285,126.295,0.7802874743326489,10.252631578947367,3884.57
CUST_01152,172,6,1071.33,4,2,3,423,Potential Loyalists,2023-08-27,2024-07-13,321,178.55499999999998,0.8788501026694046,6.827102803738318,3657.04
CUST_01153,270,4,944.63,3,2,2,322,Need Attention,2023-09-30,2024-04-06,189,236.1575,0.5174537987679672,7.73015873015873,5476.6
CUST_01154,239,7,355.28999999999996,3,2,1,321,Need Attention,2023-03-06,2024-05-07,428,50.755714285714284,1.1718001368925393,5.9737149532710285,909.6
CUST_01155,14,22,4210.75,5,5,5,555,Champions,2023-11-08,2024-12-18,406,191.39772727272728,1.111567419575633,19.791871921182267,11364.36
CUST_01156,268,39,6410.22,3,5,5,355,Loyal Customers,2022-04-08,2024-04-08,731,164.3646153846154,2.001368925393566,19.486662106703147,9608.75
CUST_01157,668,19,3775.55,1,5,5,155,Cannot Lose Them,2022-03-21,2023-03-05,349,198.71315789473684,0.9555099247091033,19.884670487106018,11854.04
CUST_01158,319,18,3284.56,3,5,4,354,Loyal Customers,2022-06-15,2024-02-17,612,182.47555555555556,1.675564681724846,10.742647058823529,5880.81
CUST_01159,488,9,693.78,2,3,2,232,At Risk,2022-03-05,2023-09-01,545,77.08666666666666,1.4921286789869952,6.031651376146789,1394.88
CUST_01160,509,23,4294.96,2,5,5,255,Cannot Lose Them,2022-06-02,2023-08-11,435,186.73739130434782,1.1909650924024642,19.31206896551724,10818.86
CUST_01161,348,40,10063.16,2,5,5,255,Cannot Lose Them,2022-04-18,2024-01-19,641,251.579,1.754962354551677,22.79251170046802,17202.35
CUST_01162,490,1,165.56,2,1,1,211,Hibernating,2023-08-30,2023-08-30,0,165.56,0.08213552361396304,12.175,6047.08
CUST_01163,868,1,172.48,1,1,1,111,Hibernating,2022-08-17,2022-08-17,0,172.48,0.08213552361396304,12.175,6299.83
CUST_01164,445,30,5767.24,2,5,5,255,Cannot Lose Them,2022-05-27,2023-10-14,505,192.24133333333333,1.3826146475017111,21.698019801980198,12513.77
CUST_01165,227,2,398.26,3,1,2,312,Need Attention,2023-12-02,2024-05-19,169,199.13,0.46269678302532513,4.322485207100591,2582.21
CUST_01166,401,6,524.29,2,2,2,222,Hibernating,2022-12-27,2023-11-27,335,87.38166666666666,0.917180013689254,6.54179104477612,1714.9
CUST_01167,408,9,1550.55,2,3,3,233,At Risk,2023-01-19,2023-11-20,305,172.28333333333333,0.8350444900752909,10.777868852459017,5570.54
CUST_01168,1,9,1558.06,5,3,3,533,Potential Loyalists,2024-01-11,2024-12-31,355,173.11777777777777,0.971937029431896,9.259859154929577,4809.14
CUST_01169,25,5,1114.01,5,2,3,523,Potential Loyalists,2024-01-09,2024-12-07,333,222.802,0.9117043121149897,5.4842342342342345,3665.7
CUST_01170,231,9,1946.54,3,3,4,334,Need Attention,2022-11-23,2024-05-15,539,216.28222222222223,1.4757015742642026,6.098794063079778,3957.18
CUST_01171,232,4,326.22999999999996,3,2,1,321,Need Attention,2023-11-16,2024-05-14,180,81.55749999999999,0.4928131416837782,8.116666666666667,1985.93
CUST_01172,486,15,5134.54,2,4,5,245,Cannot Lose Them,2022-11-18,2023-09-03,289,342.30266666666665,0.7912388774811773,18.957612456747405,19467.72
CUST_01173,8,7,886.74,5,2,2,522,Potential Loyalists,2024-03-27,2024-12-24,272,126.67714285714285,0.7446954140999316,9.399816176470589,3572.23
CUST_01174,572,6,1076.16,1,2,3,123,Hibernating,2022-07-27,2023-06-09,317,179.36,0.8678986995208761,6.913249211356467,3719.88
CUST_01175,532,4,400.84000000000003,1,2,2,122,Hibernating,2022-12-04,2023-07-19,227,100.21000000000001,0.621492128678987,6.436123348017621,1934.89
CUST_01176,162,7,1160.51,4,2,3,423,Potential Loyalists,2023-06-08,2024-07-23,411,165.78714285714287,1.1252566735112937,6.220802919708029,3093.99
CUST_01177,456,12,2436.89,2,4,4,244,Cannot Lose Them,2022-06-17,2023-10-03,473,203.07416666666666,1.2950034223134839,9.266384778012686,5645.29
CUST_01178,67,3,215.64,4,1,1,411,New Customers,2024-04-21,2024-10-26,188,71.88,0.5147159479808351,5.82845744680851,1256.85
CUST_01179,251,3,288.49,3,1,1,311,Need Attention,2023-10-09,2024-04-25,199,96.16333333333334,0.5448323066392882,5.506281407035176,1588.51
CUST_01180,533,9,1468.12,1,3,3,133,At Risk,2022-09-30,2023-07-18,291,163.12444444444444,0.7967145790554415,11.29639175257732,5528.15
CUST_01181,377,2,266.1,2,1,1,211,Hibernating,2023-09-14,2023-12-21,98,133.05,0.2683093771389459,7.454081632653061,2975.3
CUST_01182,196,12,2610.2799999999997,3,4,4,344,Loyal Customers,2023-02-24,2024-06-19,481,217.5233333333333,1.3169062286105406,9.112266112266113,5946.39
CUST_01183,64,20,2089.67,4,5,4,454,Champions,2022-12-20,2024-10-29,679,104.4835,1.8590006844626967,10.758468335787924,3372.25
CUST_01184,14,9,1556.65,5,3,3,533,Potential Loyalists,2024-01-15,2024-12-18,338,172.9611111111111,0.9253935660506503,9.72559171597633,5046.45
CUST_01185,332,19,2135.02,3,5,4,354,Loyal Customers,2022-02-20,2024-02-04,714,112.36947368421052,1.9548254620123204,9.71953781512605,3276.54
CUST_01186,62,5,745.33,4,2,2,422,Potential Loyalists,2024-02-19,2024-10-31,255,149.066,0.6981519507186859,7.161764705882352,3202.73
CUST_01187,21,20,4238.93,5,5,5,555,Champions,2022-10-20,2024-12-11,783,211.94650000000001,2.1437371663244353,9.329501915708812,5932.07
CUST_01188,130,32,7903.92,4,5,5,455,Champions,2023-01-30,2024-08-24,572,246.9975,1.566050650239562,20.433566433566433,15141.12
CUST_01189,23,15,2025.29,5,4,4,544,Champions,2023-06-16,2024-12-09,542,135.01933333333332,1.483915126625599,10.108394833948338,4094.49
CUST_01190,151,31,6810.92,4,5,5,455,Champions,2023-01-25,2024-08-03,556,219.70709677419356,1.5222450376454484,20.364658273381295,13422.78
CUST_01191,193,15,1835.24,3,4,4,344,Loyal Customers,2022-12-05,2024-06-22,565,122.34933333333333,1.5468856947296372,9.696902654867257,3559.23
CUST_01192,12,18,3855.1,5,5,5,555,Champions,2023-11-11,2024-12-20,405,214.17222222222222,1.108829568788501,16.233333333333334,10430.19
CUST_01193,31,16,2465.36,5,4,4,544,Champions,2023-01-07,2024-12-01,694,154.085,1.9000684462696784,8.420749279538905,3892.53
CUST_01194,658,3,559.8,1,1,2,112,Hibernating,2022-10-13,2023-03-15,153,186.6,0.4188911704312115,7.161764705882353,4009.16
CUST_01195,569,10,1152.95,1,3,3,133,At Risk,2022-07-25,2023-06-12,322,115.295,0.8815879534565366,11.343167701863354,3923.43
CUST_01196,475,12,3528.73,2,4,5,245,Cannot Lose Them,2022-08-08,2023-09-14,402,294.06083333333333,1.1006160164271048,10.902985074626864,9618.42
CUST_01197,228,39,7497.69,3,5,5,355,Loyal Customers,2022-05-27,2024-05-18,722,192.24846153846153,1.9767282683093772,19.729570637119114,11378.94
CUST_01198,429,22,4323.2699999999995,2,5,5,255,Cannot Lose Them,2022-10-17,2023-10-30,378,196.51227272727272,1.0349075975359343,21.257936507936506,12532.34
CUST_01199,949,1,50.78,1,1,1,111,Hibernating,2022-05-28,2022-05-28,0,50.78,0.08213552361396304,12.175,1854.74
CUST_01200,250,12,1808.15,3,4,4,344,Loyal Customers,2023-01-06,2024-04-26,476,150.67916666666667,1.3032169746748803,9.207983193277311,4162.35
CUST_01201,177,3,732.47,4,1,2,412,New Customers,2023-12-15,2024-07-08,206,244.15666666666667,0.5639972621492129,5.319174757281553,3896.14
CUST_01202,688,3,233.75,1,1,1,111,Hibernating,2022-05-10,2023-02-13,279,77.91666666666667,0.7638603696098563,3.9274193548387095,918.03
CUST_01203,330,6,557.17,3,2,2,322,Need Attention,2023-02-10,2024-02-06,361,92.86166666666666,0.9883641341546886,6.070637119113573,1691.19
CUST_01204,743,6,1193.49,1,2,3,123,Hibernating,2022-03-08,2022-12-20,287,198.915,0.785763175906913,7.635888501742161,4556.68
CUST_01205,654,11,1688.56,1,4,3,143,Loyal Customers,2022-02-20,2023-03-19,392,153.50545454545454,1.0732375085557837,10.24936224489796,4720.0
CUST_01206,129,31,6286.62,4,5,5,455,Champions,2023-01-01,2024-08-25,602,202.79419354838709,1.648186173853525,18.808554817275745,11442.8
CUST_01207,366,30,6431.33,2,5,5,255,Cannot Lose Them,2022-06-25,2024-01-01,555,214.37766666666667,1.5195071868583163,19.743243243243242,12697.53
CUST_01208,455,10,1263.5900000000001,2,3,3,233,At Risk,2022-04-15,2023-10-04,537,126.35900000000001,1.4702258726899384,6.801675977653631,2578.36
CUST_01209,156,8,1216.15,4,3,3,433,Potential Loyalists,2023-06-04,2024-07-29,421,152.01875,1.1526351813826146,6.94061757719715,3165.31
CUST_01210,565,8,1338.64,1,3,3,133,At Risk,2022-03-20,2023-06-16,453,167.33,1.2402464065708418,6.450331125827815,3238.0
CUST_01211,14,9,1033.16,5,3,3,533,Potential Loyalists,2023-07-15,2024-12-18,522,114.79555555555557,1.429158110882957,6.2974137931034475,2168.75
CUST_01212,367,13,2882.0,2,4,4,244,Cannot Lose Them,2022-11-16,2023-12-31,410,221.69230769230768,1.1225188227241616,11.581097560975609,7702.32
CUST_01213,623,22,3976.35,1,5,5,155,Cannot Lose Them,2022-02-08,2023-04-19,435,180.74318181818182,1.1909650924024642,18.472413793103446,10016.29
CUST_01214,110,12,2128.15,4,4,4,444,Champions,2023-06-22,2024-09-13,449,177.34583333333333,1.2292950034223136,9.761692650334075,5193.59
CUST_01215,701,1,123.34,1,1,1,111,Hibernating,2023-01-31,2023-01-31,0,123.34,0.08213552361396304,12.175,4504.99
CUST_01216,236,10,1269.3600000000001,3,3,3,333,Need Attention,2022-06-21,2024-05-10,689,126.936,1.8863791923340179,5.301161103047895,2018.72
CUST_01217,306,2,144.78,3,1,1,311,Need Attention,2023-09-21,2024-03-01,162,72.39,0.44353182751540043,4.509259259259259,979.28
CUST_01218,17,10,2454.32,5,3,4,534,Potential Loyalists,2024-02-19,2024-12-15,300,245.43200000000002,0.8213552361396304,12.175,8964.4
CUST_01219,492,8,1901.61,2,3,4,234,Cannot Lose Them,2022-11-12,2023-08-28,289,237.70125,0.7912388774811773,10.110726643598616,7210.0
CUST_01220,227,10,1917.78,3,3,4,334,Need Attention,2022-11-16,2024-05-19,550,191.778,1.5058179329226558,6.640909090909091,3820.74
CUST_01221,26,17,3111.57,5,4,4,544,Champions,2023-06-23,2024-12-06,532,183.0335294117647,1.4565366187542779,11.671522556390977,6408.84
CUST_01222,432,10,1912.62,2,3,4,234,Cannot Lose Them,2022-11-24,2023-10-27,337,191.262,0.9226557152635181,10.838278931750743,6218.85
CUST_01223,169,3,363.54,4,1,1,411,New Customers,2023-12-19,2024-07-16,210,121.18,0.5749486652977412,5.217857142857143,1896.9
CUST_01224,286,24,6400.88,3,5,5,355,Loyal Customers,2023-04-11,2024-03-21,345,266.7033333333333,0.944558521560575,25.40869565217391,20329.75
CUST_01225,14,5,744.16,5,2,2,522,Potential Loyalists,2024-02-17,2024-12-18,305,148.832,0.8350444900752909,5.987704918032787,2673.49
CUST_01226,536,22,5633.26,1,5,5,155,Cannot Lose Them,2022-06-04,2023-07-15,406,256.05727272727273,1.111567419575633,19.791871921182267,15203.56
CUST_01227,94,6,407.53000000000003,4,2,2,422,Potential Loyalists,2023-11-09,2024-09-29,325,67.92166666666667,0.8898015058179329,6.743076923076923,1374.0
CUST_01228,652,2,66.65,1,1,1,111,Hibernating,2022-09-25,2023-03-21,177,33.325,0.48459958932238195,4.127118644067797,412.61
CUST_01229,104,2,194.44,4,1,1,411,New Customers,2024-06-26,2024-09-19,85,97.22,0.2327173169062286,8.594117647058823,2506.56
CUST_01230,513,6,911.67,2,2,2,222,Hibernating,2022-09-16,2023-08-07,325,151.945,0.8898015058179329,6.743076923076923,3073.73
CUST_01231,3,12,2012.98,5,4,4,544,Champions,2023-09-07,2024-12-29,479,167.74833333333333,1.3114305270362765,9.150313152400836,4604.85
CUST_01232,518,6,700.09,2,2,2,222,Hibernating,2022-09-29,2023-08-02,307,116.68166666666667,0.840520191649555,7.138436482084691,2498.77
CUST_01233,463,3,257.34000000000003,2,1,1,211,Hibernating,2022-12-02,2023-09-26,298,85.78000000000002,0.8158795345653662,3.6770134228187916,946.24
CUST_01234,9,38,8330.67,5,5,5,555,Champions,2023-04-15,2024-12-23,618,219.22815789473685,1.6919917864476386,22.45873786407767,14770.76
CUST_01235,79,19,2995.23,4,5,4,454,Champions,2023-12-23,2024-10-14,296,157.64368421052632,0.810403832991102,23.44510135135135,11087.92
CUST_01236,388,1,61.05,2,1,1,211,Hibernating,2023-12-10,2023-12-10,0,61.05,0.08213552361396304,12.175,2229.85
CUST_01237,9,29,5549.7300000000005,5,5,5,555,Champions,2023-08-11,2024-12-23,500,191.37,1.3689253935660506,21.1845,12162.23
CUST_01238,377,2,158.29999999999998,2,1,1,211,Hibernating,2023-10-07,2023-12-21,75,79.14999999999999,0.2053388090349076,9.74,2312.76
CUST_01239,120,16,4395.16,4,4,5,445,Champions,2023-11-02,2024-09-03,306,274.6975,0.837782340862423,19.098039215686274,15738.55
CUST_01240,384,17,3698.43,2,4,5,245,Cannot Lose Them,2023-04-06,2023-12-14,252,217.55470588235292,0.6899383983572895,24.639880952380953,16081.57
CUST_01241,573,4,468.33,1,2,2,122,Hibernating,2022-12-25,2023-06-08,165,117.0825,0.4517453798767967,8.854545454545455,3110.14
CUST_01242,14,11,2040.16,5,4,4,544,Champions,2023-10-21,2024-12-18,424,185.4690909090909,1.160848733744011,9.475825471698112,5272.42
CUST_01243,253,10,1835.24,3,3,4,334,Need Attention,2023-03-16,2024-04-23,404,183.524,1.106091718001369,9.040841584158416,4977.63
CUST_01244,135,3,224.82,4,1,1,411,New Customers,2023-12-29,2024-08-19,234,74.94,0.6406570841889117,4.682692307692308,1052.76
CUST_01245,695,6,1156.3700000000001,1,2,3,123,Hibernating,2022-03-22,2023-02-06,321,192.72833333333335,0.8788501026694046,6.827102803738318,3947.33
CUST_01246,60,9,886.98,4,3,2,432,Potential Loyalists,2023-03-29,2024-11-02,584,98.55333333333334,1.5989048596851472,5.628852739726027,1664.23
CUST_01247,683,9,1767.31,1,3,3,133,At Risk,2022-04-19,2023-02-18,305,196.36777777777777,0.8350444900752909,10.777868852459017,6349.28
CUST_01248,45,22,3104.87,4,5,4,454,Champions,2023-11-01,2024-11-17,382,141.13045454545454,1.0458590006844628,21.035340314136125,8906.18
CUST_01249,290,9,1951.21,3,3,4,334,Need Attention,2023-04-19,2024-03-17,333,216.8011111111111,0.9117043121149897,9.871621621621623,6420.54
CUST_01250,10,12,1845.45,5,4,4,544,Champions,2023-08-22,2024-12-22,488,153.7875,1.3360711841204653,8.981557377049182,4143.75
CUST_01251,3,22,4710.26,5,5,5,555,Champions,2023-12-08,2024-12-29,387,214.1027272727273,1.0595482546201231,20.76356589147287,13336.61
CUST_01252,47,12,2101.79,4,4,4,444,Champions,2023-09-15,2024-11-15,427,175.14916666666667,1.1690622861054072,10.264637002341921,5393.53
CUST_01253,191,5,711.91,3,2,2,322,Need Attention,2023-08-09,2024-06-24,320,142.382,0.8761122518822724,5.70703125,2437.74
CUST_01254,123,8,1287.8,4,3,3,433,Potential Loyalists,2023-04-10,2024-08-31,509,160.975,1.3935660506502396,5.740667976424361,2772.31
CUST_01255,60,8,661.81,4,3,2,432,Potential Loyalists,2023-09-06,2024-11-02,423,82.72625,1.158110882956879,6.907801418439716,1714.37
CUST_01256,121,26,5742.91,4,5,5,455,Champions,2023-04-15,2024-09-02,506,220.88115384615384,1.3853524982888432,18.767786561264824,12436.35
CUST_01257,4,7,1028.37,5,2,3,523,Potential Loyalists,2023-11-23,2024-12-28,401,146.91,1.0978781656399725,6.3759351620947635,2810.07
CUST_01258,493,3,245.11,2,1,1,211,Hibernating,2023-03-23,2023-08-27,157,81.70333333333333,0.42984257357973993,6.979299363057325,1710.7
CUST_01259,50,6,841.92,4,2,2,422,Potential Loyalists,2023-11-09,2024-11-12,369,140.32,1.0102669404517455,5.939024390243902,2500.09
CUST_01260,206,39,6895.64,3,5,5,355,Loyal Customers,2022-09-28,2024-06-09,620,176.81128205128206,1.6974674880219027,22.975403225806453,12186.93
CUST_01261,368,16,1980.01,2,4,4,244,Cannot Lose Them,2022-02-20,2023-12-30,678,123.750625,1.8562628336755647,8.619469026548673,3199.99
CUST_01262,228,3,251.32,3,1,1,311,Need Attention,2023-08-22,2024-05-18,270,83.77333333333333,0.7392197125256673,4.058333333333334,1019.94
CUST_01263,608,1,8.15,1,1,1,111,Hibernating,2023-05-04,2023-05-04,0,8.15,0.08213552361396304,12.175,297.68
CUST_01264,92,7,1093.26,4,2,3,423,Potential Loyalists,2023-08-09,2024-10-01,419,156.18,1.1471594798083504,6.102028639618139,2859.04
CUST_01265,13,8,1138.36,5,3,3,533,Potential Loyalists,2024-02-07,2024-12-19,316,142.295,0.865160848733744,9.246835443037975,3947.34
CUST_01266,118,2,207.94,4,1,1,411,New Customers,2024-06-22,2024-09-05,75,103.97,0.2053388090349076,9.74,3038.0
CUST_01267,132,19,3313.14,4,5,4,454,Champions,2022-10-05,2024-08-22,687,174.3757894736842,1.8809034907597535,10.101528384279476,5284.39
CUST_01268,7,6,707.31,5,2,2,522,Potential Loyalists,2023-12-13,2024-12-25,378,117.88499999999999,1.0349075975359343,5.7976190476190474,2050.36
CUST_01269,436,10,1495.23,2,3,3,233,At Risk,2022-08-20,2023-10-23,429,149.523,1.1745379876796715,8.513986013986013,3819.11
CUST_01270,46,17,2773.8599999999997,4,4,4,444,Champions,2023-02-09,2024-11-16,646,163.16823529411764,1.7686516084873374,9.611842105263158,4705.04
CUST_01271,337,29,7822.08,3,5,5,355,Loyal Customers,2022-10-09,2024-01-30,478,269.7268965517241,1.3086926762491444,22.159518828451883,17931.05
CUST_01272,267,35,7292.88,3,5,5,355,Loyal Customers,2022-07-20,2024-04-09,629,208.368,1.7221081451060918,20.323926868044513,12704.57
CUST_01273,314,15,1999.13,3,4,4,344,Loyal Customers,2022-08-23,2024-02-22,548,133.27533333333335,1.5003422313483916,9.997718978102188,3997.35
CUST_01274,393,5,752.92,2,2,2,222,Hibernating,2023-03-08,2023-12-05,272,150.584,0.7446954140999316,6.714154411764706,3033.13
CUST_01275,431,15,2419.9,2,4,4,244,Cannot Lose Them,2022-05-29,2023-10-28,517,161.32666666666668,1.4154688569472964,10.597195357833655,5128.83
CUST_01276,147,18,3720.27,4,5,5,455,Champions,2022-11-21,2024-08-07,625,206.68166666666667,1.7111567419575633,10.5192,6522.38
CUST_01277,133,19,3206.28,4,5,4,454,Champions,2022-12-09,2024-08-21,621,168.75157894736844,1.700205338809035,11.17512077294686,5657.46
CUST_01278,635,3,353.88,1,1,1,111,Hibernating,2022-10-13,2023-04-07,176,117.96,0.48186173853524983,6.2258522727272725,2203.2
CUST_01279,95,32,7729.23,4,5,5,455,Champions,2023-01-15,2024-09-28,622,241.5384375,1.702943189596167,18.790996784565916,13616.24
CUST_01280,21,26,4429.49,5,5,5,555,Champions,2023-08-30,2024-12-11,469,170.36499999999998,1.2840520191649556,20.248400852878465,10348.86
CUST_01281,142,10,1167.37,4,3,3,433,Potential Loyalists,2022-11-16,2024-08-12,635,116.737,1.7385352498288844,5.751968503937007,2014.4
CUST_01282,557,5,313.63,1,2,1,121,Hibernating,2022-09-10,2023-06-24,287,62.726,0.785763175906913,6.363240418118467,1197.42
CUST_01283,139,6,1111.49,4,2,3,423,Potential Loyalists,2023-09-11,2024-08-15,339,185.24833333333333,0.9281314168377823,6.464601769911504,3592.67
CUST_01284,285,30,5715.93,3,5,5,355,Loyal Customers,2022-09-24,2024-03-22,545,190.531,1.4921286789869952,20.105504587155963,11492.17
CUST_01285,39,15,1252.8600000000001,5,4,3,543,Loyal Customers,2023-05-04,2024-11-23,569,83.52400000000002,1.5578370978781657,9.628734622144112,2412.69
CUST_01286,23,5,771.3799999999999,5,2,2,522,Potential Loyalists,2024-02-07,2024-12-09,306,154.27599999999998,0.837782340862423,5.968137254901961,2762.22
CUST_01287,74,4,733.98,4,2,2,422,Potential Loyalists,2024-04-16,2024-10-19,186,183.495,0.5092402464065708,7.854838709677419,4323.97
CUST_01288,395,5,431.11,2,2,2,222,Hibernating,2023-04-07,2023-12-03,240,86.22200000000001,0.6570841889117043,7.609375,1968.29
CUST_01289,392,8,981.22,2,3,2,232,At Risk,2023-02-18,2023-12-06,291,122.6525,0.7967145790554415,10.041237113402062,3694.75
CUST_01290,408,29,5965.66,2,5,5,255,Cannot Lose Them,2022-07-30,2023-11-20,478,205.71241379310345,1.3086926762491444,22.159518828451883,13675.46
CUST_01291,356,16,3871.57,2,4,5,245,Cannot Lose Them,2022-06-11,2024-01-11,579,241.973125,1.5852156057494866,10.093264248704664,7326.9
CUST_01292,248,14,2513.94,3,4,4,344,Loyal Customers,2022-11-07,2024-04-28,538,179.56714285714287,1.4729637234770705,9.504646840148698,5120.17
CUST_01293,43,14,1377.8600000000001,5,4,3,543,Loyal Customers,2023-07-26,2024-11-19,482,98.41857142857144,1.319644079397673,10.608921161825725,3132.34
CUST_01294,412,24,6219.66,2,5,5,255,Cannot Lose Them,2022-08-09,2023-11-16,464,259.1525,1.270362765229295,18.892241379310345,14687.91
CUST_01295,433,1,48.21,2,1,1,211,Hibernating,2023-10-26,2023-10-26,0,48.21,0.08213552361396304,12.175,1760.87
CUST_01296,10,6,489.79,5,2,2,522,Potential Loyalists,2024-03-24,2024-12-22,273,81.63166666666667,0.7474332648870636,8.027472527472527,1965.89
CUST_01297,268,10,1544.67,3,3,3,333,Need Attention,2022-09-07,2024-04-08,579,154.467,1.5852156057494866,6.308290155440415,2923.27
CUST_01298,470,21,5466.82,2,5,5,255,Cannot Lose Them,2022-09-26,2023-09-19,358,260.3247619047619,0.9801505817932923,21.425279329608937,16732.59
CUST_01299,33,10,1221.1,5,3,3,533,Potential Loyalists,2023-05-22,2024-11-29,557,122.10999999999999,1.5249828884325805,6.557450628366247,2402.19
CUST_01300,395,9,1396.1499999999999,2,3,3,233,At Risk,2022-07-02,2023-12-03,519,155.12777777777777,1.4209445585215605,6.333815028901734,2947.65
CUST_01301,515,4,261.77,2,2,1,221,Hibernating,2023-02-05,2023-08-05,181,65.4425,0.49555099247091033,8.07182320441989,1584.72
CUST_01302,2,27,4907.76,5,5,5,555,Champions,2023-08-10,2024-12-30,508,181.7688888888889,1.3908281998631074,19.412893700787404,10585.98
CUST_01303,509,2,301.38,2,1,1,211,Hibernating,2023-06-08,2023-08-11,64,150.69,0.17522245037645448,11.4140625,5159.96
CUST_01304,411,14,2328.82,2,4,4,244,Cannot Lose Them,2022-08-05,2023-11-17,469,166.34428571428572,1.2840520191649556,10.902985074626866,5440.95
CUST_01305,616,7,846.15,1,2,2,122,Hibernating,2022-05-19,2023-04-26,342,120.87857142857142,0.9363449691991786,7.475877192982456,2711.02
CUST_01306,791,1,161.9,1,1,1,111,Hibernating,2022-11-02,2022-11-02,0,161.9,0.08213552361396304,12.175,5913.4
CUST_01307,410,4,907.25,2,2,2,222,Hibernating,2023-04-04,2023-11-18,228,226.8125,0.6242299794661191,6.407894736842105,4360.17
CUST_01308,418,1,491.13,2,1,2,212,Hibernating,2023-11-10,2023-11-10,0,491.13,0.08213552361396304,12.175,17938.52
CUST_01309,382,3,286.72999999999996,2,1,1,211,Hibernating,2023-05-25,2023-12-16,205,95.57666666666665,0.5612594113620808,5.345121951219512,1532.61
CUST_01310,609,11,2338.94,1,4,4,144,Cannot Lose Them,2022-03-18,2023-05-03,411,212.63090909090909,1.1252566735112937,9.775547445255475,6235.75
CUST_01311,60,10,1084.14,4,3,3,433,Potential Loyalists,2023-04-24,2024-11-02,558,108.41400000000002,1.5277207392197125,6.545698924731183,2128.94
CUST_01312,222,2,198.43,3,1,1,311,Need Attention,2023-12-17,2024-05-24,159,99.215,0.4353182751540041,4.59433962264151,1367.48
CUST_01313,504,8,503.65000000000003,2,3,2,232,At Risk,2022-05-06,2023-08-16,467,62.956250000000004,1.2785763175906912,6.256959314775161,1181.74
CUST_01314,408,17,3304.16,2,4,4,244,Cannot Lose Them,2023-02-15,2023-11-20,278,194.36235294117645,0.7611225188227242,22.33543165467626,13023.5
CUST_01315,596,7,944.8199999999999,1,2,2,122,Hibernating,2022-06-03,2023-05-16,347,134.9742857142857,0.9500342231348392,7.368155619596541,2983.53
CUST_01316,257,3,264.96000000000004,3,1,1,311,Need Attention,2023-09-29,2024-04-19,203,88.32000000000001,0.5557837097878165,5.397783251231528,1430.2
CUST_01317,89,11,2293.96,4,4,4,444,Champions,2023-07-14,2024-10-04,448,208.54181818181817,1.2265571526351813,8.968191964285715,5610.73
CUST_01318,168,30,7945.5,4,5,5,455,Champions,2023-02-23,2024-07-17,510,264.85,1.3963039014373717,21.485294117647058,17071.14
CUST_01319,93,7,858.96,4,2,2,422,Potential Loyalists,2023-11-10,2024-09-30,325,122.70857142857143,0.8898015058179329,7.866923076923077,2896.02
CUST_01320,670,20,4282.03,1,5,5,155,Cannot Lose Them,2022-04-26,2023-03-03,311,214.1015,0.8514715947980835,23.488745980707396,15086.93
CUST_01321,441,6,407.06,2,2,2,222,Hibernating,2022-09-17,2023-10-18,396,67.84333333333333,1.0841889117043122,5.534090909090908,1126.35
CUST_01322,544,3,161.99,1,1,1,111,Hibernating,2022-10-11,2023-07-07,269,53.99666666666667,0.7364818617385352,4.073420074349443,659.85
CUST_01323,410,6,983.1,2,2,3,223,Hibernating,2022-12-25,2023-11-18,328,163.85,0.8980150581793293,6.6814024390243905,3284.24
CUST_01324,666,1,40.91,1,1,1,111,Hibernating,2023-03-07,2023-03-07,0,40.91,0.08213552361396304,12.175,1494.24
CUST_01325,225,9,1591.53,3,3,3,333,Need Attention,2023-06-23,2024-05-21,333,176.83666666666667,0.9117043121149897,9.871621621621623,5236.99
CUST_01326,539,3,199.01,1,1,1,111,Hibernating,2022-12-27,2023-07-12,197,66.33666666666666,0.5393566050650239,5.562182741116752,1106.93
CUST_01327,626,16,3253.84,1,4,4,144,Cannot Lose Them,2022-06-13,2023-04-16,307,203.365,0.840520191649555,19.035830618892508,11613.67
CUST_01328,11,10,1859.97,5,3,4,534,Potential Loyalists,2023-11-18,2024-12-21,399,185.997,1.0924024640657084,9.154135338345865,5107.93
CUST_01329,30,17,3556.11,5,4,5,545,Champions,2023-02-17,2024-12-02,654,209.1829411764706,1.7905544147843941,9.494266055045872,5958.12
CUST_01330,258,6,748.53,3,2,2,322,Need Attention,2023-07-07,2024-04-18,286,124.755,0.783025325119781,7.6625874125874125,2867.84
CUST_01331,57,7,983.0,4,2,3,423,Potential Loyalists,2023-10-19,2024-11-05,383,140.42857142857142,1.0485968514715949,6.675587467362924,2812.33
CUST_01332,406,16,3074.8399999999997,2,4,4,244,Cannot Lose Them,2022-03-22,2023-11-22,610,192.17749999999998,1.6700889801505818,9.580327868852459,5523.37
CUST_01333,112,2,389.62,4,1,1,411,New Customers,2024-04-25,2024-09-11,139,194.81,0.3805612594113621,5.255395683453237,3071.41
CUST_01334,430,3,165.22,2,1,1,211,Hibernating,2023-01-13,2023-10-29,289,55.07333333333333,0.7912388774811773,3.791522491349481,626.44
CUST_01335,29,16,3579.56,5,4,5,545,Champions,2023-02-28,2024-12-03,644,223.7225,1.7631759069130732,9.074534161490684,6090.53
CUST_01336,377,23,5316.32,2,5,5,255,Cannot Lose Them,2022-11-04,2023-12-21,412,231.14434782608694,1.1279945242984257,20.39016990291262,14139.22
CUST_01337,35,7,919.14,5,2,2,522,Potential Loyalists,2023-12-16,2024-11-27,347,131.3057142857143,0.9500342231348392,7.368155619596541,2902.44
CUST_01338,282,14,3053.7799999999997,3,4,4,344,Loyal Customers,2022-12-03,2024-03-25,478,218.12714285714284,1.3086926762491444,10.697698744769875,7000.38
CUST_01339,48,7,1330.05,4,2,3,423,Potential Loyalists,2023-08-19,2024-11-14,453,190.00714285714284,1.2402464065708418,5.644039735099338,3217.22
CUST_01340,247,4,811.31,3,2,2,322,Need Attention,2023-09-21,2024-04-29,221,202.8275,0.6050650239561944,6.610859728506787,4022.59
CUST_01341,344,2,53.68,2,1,1,211,Hibernating,2023-11-04,2024-01-23,80,26.84,0.2190280629705681,9.13125,735.25
CUST_01342,226,16,1564.01,3,4,3,343,Loyal Customers,2022-08-27,2024-05-20,632,97.750625,1.730321697467488,9.246835443037975,2711.65
CUST_01343,101,25,3881.2200000000003,4,5,5,455,Champions,2023-05-30,2024-09-22,481,155.24880000000002,1.3169062286105406,18.983887733887734,8841.68
CUST_01344,165,19,2649.96,4,5,4,454,Champions,2022-08-21,2024-07-20,699,139.4715789473684,1.9137577002053388,9.928111587982833,4154.07
CUST_01345,317,17,3265.7200000000003,3,4,4,344,Loyal Customers,2022-10-01,2024-02-19,506,192.10117647058826,1.3853524982888432,12.271245059288537,7071.96
CUST_01346,155,39,5689.36,4,5,5,455,Champions,2022-06-15,2024-07-30,776,145.88102564102564,2.1245722108145104,18.356636597938145,8033.65
CUST_01347,117,6,845.14,4,2,2,422,Potential Loyalists,2023-09-16,2024-09-06,356,140.85666666666665,0.974674880219028,6.155898876404494,2601.3
CUST_01348,562,1,126.45,1,1,1,111,Hibernating,2023-06-19,2023-06-19,0,126.45,0.08213552361396304,12.175,4618.59
CUST_01349,52,9,905.71,4,3,2,432,Potential Loyalists,2024-01-29,2024-11-10,286,100.63444444444445,0.783025325119781,11.493881118881118,3470.04
CUST_01350,768,1,62.88,1,1,1,111,Hibernating,2022-11-25,2022-11-25,0,62.88,0.08213552361396304,12.175,2296.69
CUST_01351,317,3,150.25,3,1,1,311,Need Attention,2023-04-10,2024-02-19,315,50.083333333333336,0.8624229979466119,3.4785714285714286,522.66
CUST_01352,299,27,8198.95,3,5,5,355,Loyal Customers,2022-12-10,2024-03-08,454,303.66481481481486,1.242984257357974,21.721916299559474,19788.55
CUST_01353,72,5,932.3199999999999,4,2,2,422,Potential Loyalists,2024-01-12,2024-10-21,283,186.464,0.7748117727583846,6.453180212014135,3609.86
CUST_01354,208,19,2959.72,3,5,4,354,Loyal Customers,2022-08-13,2024-06-07,664,155.77473684210526,1.8179329226557153,10.451430722891565,4884.21
CUST_01355,598,5,546.74,1,2,2,122,Hibernating,2022-08-25,2023-05-14,262,109.348,0.7173169062286106,6.970419847328245,2286.6
CUST_01356,46,10,1673.32,4,3,3,433,Potential Loyalists,2023-08-25,2024-11-16,449,167.332,1.2292950034223136,8.134743875278396,4083.61
CUST_01357,639,16,3724.2,1,4,5,145,Cannot Lose Them,2022-07-31,2023-04-03,246,232.7625,0.6735112936344969,23.75609756097561,16588.59
CUST_01358,132,8,1006.77,4,3,3,433,Potential Loyalists,2023-11-09,2024-08-22,287,125.84625,0.785763175906913,10.181184668989548,3843.79
CUST_01359,677,3,409.2,1,1,2,112,Hibernating,2022-06-28,2023-02-24,241,136.4,0.6598220396988365,4.546680497925311,1860.5
CUST_01360,866,2,196.84999999999997,1,1,1,111,Hibernating,2022-05-13,2022-08-19,98,98.42499999999998,0.2683093771389459,7.454081632653061,2201.0
CUST_01361,55,15,2890.36,4,4,4,444,Champions,2023-05-18,2024-11-07,539,192.6906666666667,1.4757015742642026,10.16465677179963,5875.9
CUST_01362,427,6,603.06,2,2,2,222,Hibernating,2022-12-20,2023-11-01,316,100.50999999999999,0.865160848733744,6.935126582278481,2091.15
CUST_01363,303,16,3811.77,3,4,5,345,Loyal Customers,2023-07-15,2024-03-04,233,238.235625,0.6379192334017796,25.081545064377682,17925.95
CUST_01364,92,5,898.6700000000001,4,2,2,422,Potential Loyalists,2024-03-02,2024-10-01,213,179.734,0.5831622176591376,8.573943661971832,4623.09
CUST_01365,628,20,5187.25,1,5,5,155,Cannot Lose Them,2022-05-24,2023-04-14,325,259.3625,0.8898015058179329,22.476923076923075,17489.01
CUST_01366,323,5,675.72,3,2,2,322,Need Attention,2023-04-10,2024-02-13,309,135.144,0.8459958932238193,5.910194174757281,2396.18
CUST_01367,571,5,482.40999999999997,1,2,2,122,Hibernating,2022-09-07,2023-06-10,276,96.482,0.75564681724846,6.616847826086957,1915.22
CUST_01368,225,9,1096.47,3,3,3,333,Need Attention,2022-10-06,2024-05-21,593,121.83,1.623545516769336,5.543423271500844,2026.07
CUST_01369,711,5,611.46,1,2,2,122,Hibernating,2022-05-22,2023-01-21,244,122.292,0.6680355920602327,7.484631147540984,2745.93
CUST_01370,270,20,4799.25,3,5,5,355,Loyal Customers,2022-03-26,2024-04-06,742,239.9625,2.0314852840520192,9.845013477088948,7087.3
CUST_01371,513,1,64.75,2,1,1,211,Hibernating,2023-08-07,2023-08-07,0,64.75,0.08213552361396304,12.175,2364.99
CUST_01372,6,9,770.3199999999999,5,3,2,532,Potential Loyalists,2023-06-16,2024-12-26,559,85.5911111111111,1.5304585900068446,5.880590339892666,1509.98
CUST_01373,493,8,1161.6,2,3,3,233,At Risk,2022-06-11,2023-08-27,442,145.2,1.2101300479123889,6.610859728506787,2879.69
CUST_01374,30,10,1919.32,5,3,4,534,Potential Loyalists,2023-12-14,2024-12-02,354,191.932,0.9691991786447639,10.317796610169491,5940.95
CUST_01375,385,2,206.43,2,1,1,211,Hibernating,2023-06-17,2023-12-13,179,103.215,0.49007529089664614,4.081005586592179,1263.66
CUST_01376,12,6,648.81,5,2,2,522,Potential Loyalists,2024-02-29,2024-12-20,295,108.13499999999999,0.8076659822039699,7.428813559322034,2409.94
CUST_01377,5,24,3388.39,5,5,5,555,Champions,2023-11-14,2024-12-27,409,141.18291666666667,1.1197809719370295,21.432762836185816,9077.82
CUST_01378,240,3,329.82,3,1,1,311,Need Attention,2023-10-31,2024-05-06,188,109.94,0.5147159479808351,5.82845744680851,1922.34
CUST_01379,200,6,589.26,3,2,2,322,Need Attention,2023-09-04,2024-06-15,285,98.21,0.7802874743326489,7.689473684210526,2265.55
CUST_01380,711,1,52.21,1,1,1,111,Hibernating,2023-01-21,2023-01-21,0,52.21,0.08213552361396304,12.175,1906.97
CUST_01381,145,12,1301.48,4,4,3,443,Loyal Customers,2023-04-06,2024-08-09,491,108.45666666666666,1.3442847364818618,8.926680244399185,2904.47
CUST_01382,34,9,1112.83,5,3,3,533,Potential Loyalists,2023-12-16,2024-11-28,348,123.64777777777778,0.9527720739219713,9.446120689655173,3503.98
CUST_01383,684,5,884.5600000000001,1,2,2,122,Hibernating,2022-06-11,2023-02-17,251,176.912,0.6872005475701575,7.275896414342629,3861.58
CUST_01384,26,7,936.31,5,2,2,522,Potential Loyalists,2023-11-16,2024-12-06,386,133.75857142857143,1.056810403832991,6.623704663212435,2657.93
CUST_01385,10,20,4400.46,5,5,5,555,Champions,2023-11-21,2024-12-22,397,220.023,1.0869267624914443,18.40050377833753,12145.6
CUST_01386,865,1,160.5,1,1,1,111,Hibernating,2022-08-20,2022-08-20,0,160.5,0.08213552361396304,12.175,5862.26
CUST_01387,310,39,12640.93,3,5,5,355,Loyal Customers,2022-03-17,2024-02-26,711,324.1264102564103,1.946611909650924,20.03481012658228,19481.43
CUST_01388,371,7,1644.48,2,2,3,223,Hibernating,2022-11-23,2023-12-27,399,234.9257142857143,1.0924024640657084,6.407894736842105,4516.14
CUST_01389,636,2,443.19,1,1,2,112,Hibernating,2022-11-04,2023-04-06,153,221.595,0.4188911704312115,4.7745098039215685,3174.02
CUST_01390,5,21,5055.1900000000005,5,5,5,555,Champions,2023-11-28,2024-12-27,395,240.72333333333336,1.08145106091718,19.41835443037975,14023.35
CUST_01391,277,13,2412.78,3,4,4,344,Loyal Customers,2022-11-25,2024-03-30,491,185.59846153846155,1.3442847364818618,9.670570264765784,5384.53
CUST_01392,363,3,473.36,2,1,2,212,Hibernating,2023-04-05,2024-01-04,274,157.78666666666666,0.7501711156741958,3.9990875912408756,1893.01
CUST_01393,108,5,592.48,4,2,2,422,Potential Loyalists,2023-11-04,2024-09-15,316,118.49600000000001,0.865160848733744,5.779272151898734,2054.46
CUST_01394,115,6,981.54,4,2,3,423,Potential Loyalists,2023-11-21,2024-09-08,292,163.59,0.7994524298425736,7.50513698630137,3683.3
CUST_01395,271,6,477.26,3,2,2,322,Need Attention,2023-05-06,2024-04-05,335,79.54333333333334,0.917180013689254,6.54179104477612,1561.07
CUST_01396,480,5,485.74,2,2,2,222,Hibernating,2023-01-15,2023-09-09,237,97.148,0.648870636550308,7.705696202531646,2245.78
CUST_01397,281,8,1207.88,3,3,3,333,Need Attention,2022-11-10,2024-03-26,502,150.985,1.374401095140315,5.820717131474103,2636.52
CUST_01398,25,17,2501.36,5,4,4,544,Champions,2023-03-27,2024-12-07,621,147.13882352941178,1.700205338809035,9.9987922705314,4413.63
CUST_01399,120,8,1259.28,4,3,3,433,Potential Loyalists,2024-01-08,2024-09-03,239,157.41,0.6543463381245722,12.225941422594142,5773.46
CUST_01400,769,1,95.21,1,1,1,111,Hibernating,2022-11-24,2022-11-24,0,95.21,0.08213552361396304,12.175,3477.55
CUST_01401,408,12,2125.96,2,4,4,244,Cannot Lose Them,2022-08-05,2023-11-20,472,177.16333333333333,1.2922655715263518,9.286016949152543,4935.43
CUST_01402,113,2,175.48,4,1,1,411,New Customers,2024-04-02,2024-09-10,161,87.74,0.4407939767282683,4.537267080745342,1194.3
CUST_01403,231,9,1601.2,3,3,3,333,Need Attention,2022-12-03,2024-05-15,529,177.91111111111113,1.4483230663928817,6.2140831758034025,3316.66
CUST_01404,419,2,86.43,2,1,1,211,Hibernating,2023-06-05,2023-11-09,157,43.215,0.42984257357973993,4.6528662420382165,603.22
CUST_01405,23,18,3494.59,5,5,5,555,Champions,2023-03-19,2024-12-09,631,194.1438888888889,1.727583846680356,10.419175911251982,6068.46
CUST_01406,748,9,1464.51,1,3,3,133,At Risk,2022-02-21,2022-12-15,297,162.72333333333333,0.813141683778234,11.068181818181818,5403.15
CUST_01407,346,16,4147.84,2,4,5,245,Cannot Lose Them,2023-05-07,2024-01-21,259,259.24,0.7091033538672142,22.563706563706564,17548.25
CUST_01408,338,15,3132.5,3,4,4,344,Loyal Customers,2022-07-19,2024-01-29,559,208.83333333333334,1.5304585900068446,9.800983899821109,6140.32
CUST_01409,420,13,1863.49,2,4,4,244,Cannot Lose Them,2022-06-23,2023-11-08,503,143.3453846153846,1.377138945927447,9.439860834990059,4059.48
CUST_01410,47,19,3775.52,4,5,5,455,Champions,2022-12-11,2024-11-15,705,198.71157894736842,1.9301848049281314,9.843617021276597,5868.12
CUST_01411,450,7,1547.16,2,2,3,223,Hibernating,2022-08-15,2023-10-09,420,221.02285714285716,1.1498973305954825,6.0875,4036.43
CUST_01412,334,9,1403.5700000000002,3,3,3,333,Need Attention,2022-08-05,2024-02-02,546,155.95222222222225,1.4948665297741273,6.020604395604396,2816.78
CUST_01413,71,5,1015.85,4,2,3,423,Potential Loyalists,2024-01-24,2024-10-22,272,203.17000000000002,0.7446954140999316,6.714154411764706,4092.34
CUST_01414,628,4,568.38,1,2,2,122,Hibernating,2022-09-14,2023-04-14,212,142.095,0.5804243668720055,6.891509433962264,2937.75
CUST_01415,829,1,211.46,1,1,1,111,Hibernating,2022-09-25,2022-09-25,0,211.46,0.08213552361396304,12.175,7723.58
CUST_01416,68,6,880.4399999999999,4,2,2,422,Potential Loyalists,2024-01-05,2024-10-25,294,146.73999999999998,0.8049281314168378,7.454081632653061,3281.44
CUST_01417,205,14,3005.91,3,4,4,344,Loyal Customers,2022-11-26,2024-06-10,562,214.70785714285714,1.538672142368241,9.098754448398576,5860.72
CUST_01418,309,3,124.38,3,1,1,311,Need Attention,2023-07-13,2024-02-27,229,41.46,0.6269678302532512,4.784934497816594,595.15
CUST_01419,69,9,717.44,4,3,2,432,Potential Loyalists,2023-12-06,2024-10-24,323,79.71555555555557,0.8843258042436687,10.177244582043343,2433.85
CUST_01420,550,2,172.48,1,1,1,111,Hibernating,2023-03-31,2023-07-01,92,86.24,0.2518822724161533,7.940217391304349,2054.29
CUST_01421,38,9,655.29,5,3,2,532,Potential Loyalists,2023-04-24,2024-11-24,580,72.81,1.5879534565366187,5.667672413793103,1237.99
CUST_01422,15,29,6929.64,5,5,5,555,Champions,2023-05-14,2024-12-17,583,238.95310344827587,1.596167008898015,18.16852487135506,13024.28
CUST_01423,635,2,197.22,1,1,1,111,Hibernating,2023-01-08,2023-04-07,89,98.61,0.243668720054757,8.207865168539326,2428.13
CUST_01424,318,5,1164.17,3,2,3,323,Need Attention,2023-06-13,2024-02-18,250,232.834,0.6844626967830253,7.305000000000001,5102.56
CUST_01425,496,3,309.71000000000004,2,1,1,211,Hibernating,2022-11-17,2023-08-24,280,103.23666666666668,0.7665982203969883,3.913392857142857,1212.02
CUST_01426,14,24,3895.33,5,5,5,555,Champions,2023-10-12,2024-12-18,433,162.30541666666667,1.1854893908281998,20.244803695150114,9857.52
CUST_01427,45,8,1465.26,4,3,3,433,Potential Loyalists,2024-01-19,2024-11-17,303,183.1575,0.8295687885010267,9.643564356435643,5298.87
CUST_01428,174,18,3147.3,4,5,4,454,Champions,2023-09-22,2024-07-11,293,174.85000000000002,0.8021902806297057,22.438566552901026,11770.15
CUST_01429,50,8,1816.1,4,3,4,434,Potential Loyalists,2024-03-22,2024-11-12,235,227.0125,0.6433949349760438,12.434042553191489,8468.05
CUST_01430,378,18,2750.21,2,5,4,254,Cannot Lose Them,2022-03-19,2023-12-20,641,152.78944444444446,1.754962354551677,10.256630265210608,4701.31
CUST_01431,1,27,6137.04,5,5,5,555,Champions,2023-10-08,2024-12-31,450,227.29777777777778,1.2320328542094456,21.915,14943.69
CUST_01432,99,8,1246.29,4,3,3,433,Potential Loyalists,2024-01-14,2024-09-24,254,155.78625,0.6954140999315537,11.503937007874017,5376.47
CUST_01433,643,8,1565.26,1,3,3,133,At Risk,2022-04-01,2023-03-30,363,195.6575,0.9938398357289527,8.049586776859504,4724.89
CUST_01434,14,10,1268.8500000000001,5,3,3,533,Potential Loyalists,2024-01-21,2024-12-18,332,126.88500000000002,0.9089664613278576,11.001506024096386,4187.78
CUST_01435,555,3,489.53,1,1,2,112,Hibernating,2022-11-28,2023-06-26,210,163.17666666666665,0.5749486652977412,5.217857142857143,2554.3
CUST_01436,82,6,1040.56,4,2,3,423,Potential Loyalists,2023-11-11,2024-10-11,335,173.42666666666665,0.917180013689254,6.54179104477612,3403.56
CUST_01437,292,11,2039.6399999999999,3,4,4,344,Loyal Customers,2023-04-09,2024-03-15,341,185.42181818181817,0.9336071184120466,11.782258064516128,6554.06
CUST_01438,35,5,763.06,5,2,2,522,Potential Loyalists,2024-02-20,2024-11-27,281,152.612,0.7693360711841205,6.499110320284697,2975.53
CUST_01439,437,1,63.51,2,1,1,211,Hibernating,2023-10-22,2023-10-22,0,63.51,0.08213552361396304,12.175,2319.7
CUST_01440,270,15,1118.49,3,4,3,343,Loyal Customers,2022-10-31,2024-04-06,523,74.566,1.431895961670089,10.475621414913958,2343.38
CUST_01441,304,33,7137.25,3,5,5,355,Loyal Customers,2022-06-30,2024-03-03,612,216.28030303030303,1.675564681724846,19.69485294117647,12778.83
CUST_01442,9,5,677.54,5,2,2,522,Potential Loyalists,2024-03-14,2024-12-23,284,135.50799999999998,0.7775496235455168,6.430457746478873,2614.14
CUST_01443,40,6,529.75,5,2,2,522,Potential Loyalists,2023-12-18,2024-11-22,340,88.29166666666667,0.9308692676249144,6.445588235294118,1707.28
CUST_01444,378,10,807.67,2,3,2,232,At Risk,2022-07-02,2023-12-20,536,80.767,1.4674880219028064,6.814365671641791,1651.13
CUST_01445,668,6,765.77,1,2,2,122,Hibernating,2022-05-03,2023-03-05,306,127.62833333333333,0.837782340862423,7.161764705882353,2742.13
CUST_01446,357,9,1866.92,2,3,4,234,Cannot Lose Them,2023-03-10,2024-01-10,306,207.43555555555557,0.837782340862423,10.742647058823529,6685.22
CUST_01447,5,12,1916.8899999999999,5,4,4,544,Champions,2023-07-19,2024-12-27,527,159.7408333333333,1.4428473648186173,8.316888045540798,3985.64
CUST_01448,727,2,234.24,1,1,1,111,Hibernating,2022-08-10,2023-01-05,148,117.12,0.405201916495551,4.9358108108108105,1734.25
CUST_01449,19,9,1243.8700000000001,5,3,3,533,Potential Loyalists,2024-03-14,2024-12-13,274,138.20777777777778,0.7501711156741958,11.997262773722627,4974.35
CUST_01450,406,16,4025.43,2,4,5,245,Cannot Lose Them,2023-02-23,2023-11-22,272,251.589375,0.7446954140999316,21.485294117647058,16216.42
CUST_01451,212,6,408.64,3,2,2,322,Need Attention,2023-06-09,2024-06-03,360,68.10666666666667,0.9856262833675564,6.0875,1243.8
CUST_01452,840,1,23.16,1,1,1,111,Hibernating,2022-09-14,2022-09-14,0,23.16,0.08213552361396304,12.175,845.92
CUST_01453,435,20,4635.16,2,5,5,255,Cannot Lose Them,2022-09-12,2023-10-24,407,231.75799999999998,1.1143052703627652,17.94840294840295,12479.06
CUST_01454,20,11,1494.28,5,4,3,543,Loyal Customers,2023-10-24,2024-12-12,415,135.84363636363636,1.136208076659822,9.68132530120482,3945.44
CUST_01455,365,19,3138.11,2,5,4,254,Cannot Lose Them,2022-04-15,2024-01-02,627,165.16368421052633,1.7166324435318274,11.068181818181818,5484.19
CUST_01456,316,9,1509.9099999999999,3,3,3,333,Need Attention,2022-08-05,2024-02-20,564,167.76777777777775,1.5441478439425051,5.82845744680851,2933.48
CUST_01457,70,3,121.7,4,1,1,411,New Customers,2023-12-09,2024-10-23,319,40.56666666666667,0.8733744010951403,3.4349529780564265,418.03
CUST_01458,777,3,191.36,1,1,1,111,Hibernating,2022-06-06,2022-11-16,163,63.78666666666667,0.4462696783025325,6.72239263803681,1286.4
CUST_01459,41,6,577.69,5,2,2,522,Potential Loyalists,2023-11-08,2024-11-21,379,96.28166666666668,1.0376454483230664,5.782321899736147,1670.19
CUST_01460,289,18,3792.27,3,5,5,355,Loyal Customers,2023-05-09,2024-03-18,314,210.68166666666667,0.8596851471594799,20.937898089171973,13233.69
CUST_01461,4,18,3795.38,5,5,5,555,Champions,2023-12-18,2024-12-28,376,210.85444444444445,1.0294318959616702,17.48537234042553,11060.61
CUST_01462,490,5,336.63,2,2,1,221,Hibernating,2023-02-12,2023-08-30,199,67.326,0.5448323066392882,9.17713567839196,1853.58
CUST_01463,26,7,545.2,5,2,2,522,Potential Loyalists,2023-10-24,2024-12-06,409,77.88571428571429,1.1197809719370295,6.25122249388753,1460.64
CUST_01464,289,12,1974.98,3,4,4,344,Loyal Customers,2022-11-26,2024-03-18,478,164.58166666666668,1.3086926762491444,9.169456066945607,4527.37
CUST_01465,254,2,167.39000000000001,3,1,1,311,Need Attention,2023-12-03,2024-04-22,141,83.69500000000001,0.3860369609856263,5.180851063829787,1300.83
CUST_01466,270,5,632.08,3,2,2,322,Need Attention,2023-06-27,2024-04-06,284,126.41600000000001,0.7775496235455168,6.430457746478873,2438.74
CUST_01467,1,11,1986.0900000000001,5,4,4,544,Champions,2023-11-28,2024-12-31,399,180.55363636363637,1.0924024640657084,10.069548872180452,5454.28
CUST_01468,483,11,1537.89,2,4,3,243,Loyal Customers,2022-06-14,2023-09-06,449,139.80818181818182,1.2292950034223136,8.948218262806236,3753.1
CUST_01469,200,13,1820.55,3,4,4,344,Loyal Customers,2023-03-16,2024-06-15,457,140.0423076923077,1.2511978097193703,10.390043763676148,4365.14
CUST_01470,236,9,1407.71,3,3,3,333,Need Attention,2022-11-07,2024-05-10,550,156.41222222222223,1.5058179329226558,5.976818181818182,2804.54
CUST_01471,73,5,481.99,4,2,2,422,Potential Loyalists,2024-01-09,2024-10-20,285,96.398,0.7802874743326489,6.407894736842105,1853.12
CUST_01472,265,33,8320.08,3,5,5,355,Loyal Customers,2022-10-24,2024-04-11,535,252.12363636363636,1.4647501711156743,22.52943925233645,17040.61
CUST_01473,56,8,1281.13,4,3,3,433,Potential Loyalists,2023-08-25,2024-11-06,439,160.14125,1.2019164955509924,6.6560364464692485,3197.72
CUST_01474,439,1,17.46,2,1,1,211,Hibernating,2023-10-20,2023-10-20,0,17.46,0.08213552361396304,12.175,637.73
CUST_01475,573,2,302.21,1,1,1,111,Hibernating,2022-12-22,2023-06-08,168,151.105,0.459958932238193,4.348214285714286,1971.11
CUST_01476,278,21,4868.11,3,5,5,355,Loyal Customers,2023-04-02,2024-03-29,362,231.8147619047619,0.9911019849418207,21.18853591160221,14735.45
CUST_01477,305,17,3249.8,3,4,4,344,Loyal Customers,2022-05-07,2024-03-02,665,191.16470588235296,1.8206707734428473,9.337218045112783,5354.84
CUST_01478,317,40,8832.43,3,5,5,355,Loyal Customers,2022-03-04,2024-02-19,717,220.81075,1.9630390143737166,20.376569037656903,13498.1
CUST_01479,774,8,1296.3,1,3,3,133,At Risk,2022-04-06,2022-11-19,227,162.0375,0.621492128678987,12.872246696035242,6257.36
CUST_01480,18,24,5552.92,5,5,5,555,Champions,2023-10-27,2024-12-14,414,231.37166666666667,1.1334702258726899,21.17391304347826,14697.13
CUST_01481,1,10,2663.64,5,3,4,534,Potential Loyalists,2023-12-06,2024-12-31,391,266.364,1.0704996577686516,9.341432225063938,7464.66
CUST_01482,210,8,865.32,3,3,2,332,Need Attention,2023-01-22,2024-06-05,500,108.165,1.3689253935660506,5.844,1896.35
CUST_01483,667,21,4427.64,1,5,5,155,Cannot Lose Them,2022-04-19,2023-03-06,321,210.84,0.8788501026694046,23.89485981308411,15113.98
CUST_01484,12,23,5528.42,5,5,5,555,Champions,2023-10-29,2024-12-20,418,240.36608695652174,1.1444216290212184,20.09748803827751,14492.26
CUST_01485,304,2,608.11,3,1,2,312,Need Attention,2023-12-21,2024-03-03,73,304.055,0.1998631074606434,10.006849315068493,9127.9
CUST_01486,653,4,316.43,1,2,1,121,Hibernating,2022-08-26,2023-03-20,206,79.1075,0.5639972621492129,7.092233009708738,1683.15
CUST_01487,288,8,792.9499999999999,3,3,2,332,Need Attention,2023-01-18,2024-03-19,426,99.11874999999999,1.1663244353182751,6.859154929577465,2039.61
CUST_01488,244,3,235.34,3,1,1,311,Need Attention,2023-08-01,2024-05-02,275,78.44666666666667,0.7529089664613279,3.9845454545454544,937.72
CUST_01489,689,2,364.31,1,1,1,111,Hibernating,2022-10-14,2023-02-12,121,182.155,0.33127994524298426,6.037190082644628,3299.11
CUST_01490,216,18,2120.84,3,5,4,354,Loyal Customers,2023-07-27,2024-05-30,308,117.82444444444445,0.8432580424366872,21.34577922077922,7545.16
CUST_01491,97,9,1075.92,4,3,3,433,Potential Loyalists,2023-04-20,2024-09-26,525,119.54666666666668,1.4373716632443532,6.261428571428572,2245.6
CUST_01492,530,16,3552.82,1,4,5,145,Cannot Lose Them,2022-09-09,2023-07-21,315,222.05125,0.8624229979466119,18.55238095238095,12358.74
CUST_01493,20,17,3532.07,5,4,5,545,Champions,2023-03-31,2024-12-12,622,207.76882352941178,1.702943189596167,9.982717041800642,6222.29
CUST_01494,49,6,923.71,4,2,2,422,Potential Loyalists,2023-11-18,2024-11-13,361,153.95166666666668,0.9883641341546886,6.070637119113573,2803.75
CUST_01495,47,5,513.05,4,2,2,422,Potential Loyalists,2024-03-02,2024-11-15,258,102.60999999999999,0.7063655030800822,7.078488372093023,2178.97
CUST_01496,700,5,548.02,1,2,2,122,Hibernating,2022-05-31,2023-02-01,246,109.604,0.6735112936344969,7.423780487804878,2441.03
CUST_01497,115,11,1071.1,4,4,3,443,Loyal Customers,2023-08-22,2024-09-08,383,97.37272727272726,1.0485968514715949,10.490208877284594,3064.38
CUST_01498,11,5,865.0999999999999,5,2,2,522,Potential Loyalists,2024-02-06,2024-12-21,319,173.01999999999998,0.8733744010951403,5.724921630094044,2971.58
CUST_01499,52,14,2143.2000000000003,4,4,4,444,Champions,2023-07-02,2024-11-10,497,153.08571428571432,1.3607118412046544,10.288732394366196,4725.17
CUST_01500,543,6,537.67,1,2,2,122,Hibernating,2022-09-07,2023-07-08,304,89.61166666666666,0.8323066392881588,7.208881578947368,1938.0
CUST_01501,7,22,4719.16,5,5,5,555,Champions,2023-11-10,2024-12-25,411,214.50727272727272,1.1252566735112937,19.55109489051095,12581.56
CUST_01502,320,1,62.57,3,1,1,311,Need Attention,2024-02-16,2024-02-16,0,62.57,0.08213552361396304,12.175,2285.37
CUST_01503,44,9,850.39,4,3,2,432,Potential Loyalists,2023-03-25,2024-11-18,604,94.48777777777778,1.6536618754277892,5.442466887417218,1542.74
CUST_01504,768,4,449.99,1,2,2,122,Hibernating,2022-06-10,2022-11-25,168,112.4975,0.459958932238193,8.696428571428571,2934.98
CUST_01505,373,1,85.07,2,1,1,211,Hibernating,2023-12-25,2023-12-25,0,85.07,0.08213552361396304,12.175,3107.18
CUST_01506,442,5,502.34999999999997,2,2,2,222,Hibernating,2023-02-15,2023-10-17,244,100.47,0.6680355920602327,7.484631147540984,2255.94
CUST_01507,191,2,293.65999999999997,3,1,1,311,Need Attention,2024-01-15,2024-06-24,161,146.82999999999998,0.4407939767282683,4.537267080745342,1998.62
CUST_01508,49,10,2073.16,4,3,4,434,Potential Loyalists,2024-01-21,2024-11-13,297,207.31599999999997,0.813141683778234,12.2979797979798,7648.7
CUST_01509,594,13,2414.85,1,4,4,144,Cannot Lose Them,2022-03-02,2023-05-18,442,185.7576923076923,1.2101300479123889,10.742647058823529,5986.59
CUST_01510,618,29,6699.89,1,5,5,155,Cannot Lose Them,2022-01-19,2023-04-24,460,231.03068965517244,1.2594113620807665,23.02663043478261,15959.57
CUST_01511,565,30,5498.7699999999995,1,5,5,155,Cannot Lose Them,2022-02-08,2023-06-16,493,183.29233333333332,1.3497604380561259,22.226166328600407,12221.66
CUST_01512,784,2,27.7,1,1,1,111,Hibernating,2022-08-13,2022-11-09,88,13.85,0.24093086926762491,8.301136363636363,344.91
CUST_01513,38,15,2918.15,5,4,4,544,Champions,2023-07-16,2024-11-24,497,194.54333333333335,1.3607118412046544,11.023641851106639,6433.73
CUST_01514,45,8,909.74,4,3,2,432,Potential Loyalists,2023-08-10,2024-11-17,465,113.7175,1.273100616016427,6.283870967741936,2143.76
CUST_01515,8,9,1306.61,5,3,3,533,Potential Loyalists,2024-02-09,2024-12-24,319,145.17888888888888,0.8733744010951403,10.304858934169278,4488.14
CUST_01516,17,13,1868.3899999999999,5,4,4,544,Champions,2023-09-02,2024-12-15,470,143.72230769230768,1.2867898699520877,10.102659574468085,4355.93
CUST_01517,78,16,2127.31,4,4,4,444,Champions,2023-01-24,2024-10-15,630,132.956875,1.7248459958932238,9.276190476190475,3700.0
CUST_01518,664,8,885.1800000000001,1,3,2,132,At Risk,2022-07-13,2023-03-09,239,110.64750000000001,0.6543463381245722,12.225941422594142,4058.31
CUST_01519,691,17,4022.99,1,4,5,145,Cannot Lose Them,2022-03-16,2023-02-10,331,236.64647058823527,0.9062286105407256,18.75906344410876,13317.8
CUST_01520,191,7,529.85,3,2,2,322,Need Attention,2023-06-25,2024-06-24,365,75.69285714285715,0.999315537303217,7.004794520547945,1590.64
CUST_01521,441,20,4186.62,2,5,5,255,Cannot Lose Them,2022-12-26,2023-10-18,296,209.331,0.810403832991102,24.679054054054056,15498.27
CUST_01522,311,10,1423.5,3,3,3,333,Need Attention,2022-07-19,2024-02-25,586,142.35,1.6043805612594113,6.232935153583618,2661.77
CUST_01523,24,6,574.4599999999999,5,2,2,522,Potential Loyalists,2024-01-29,2024-12-08,314,95.74333333333333,0.8596851471594799,6.979299363057325,2004.66
CUST_01524,14,9,779.9,5,3,2,532,Potential Loyalists,2023-07-27,2024-12-18,510,86.65555555555555,1.3963039014373717,6.445588235294117,1675.64
CUST_01525,299,35,8194.21,3,5,5,355,Loyal Customers,2022-03-24,2024-03-08,715,234.1202857142857,1.9575633127994525,17.87937062937063,12557.77
CUST_01526,680,4,582.65,1,2,2,122,Hibernating,2022-08-27,2023-02-21,178,145.6625,0.487337440109514,8.207865168539326,3586.73
CUST_01527,684,10,1473.53,1,3,3,133,At Risk,2022-03-22,2023-02-17,332,147.353,0.9089664613278576,11.001506024096386,4863.31
CUST_01528,113,5,1139.27,4,2,3,423,Potential Loyalists,2024-01-16,2024-09-10,238,227.85399999999998,0.6516084873374401,7.673319327731092,5245.19
CUST_01529,358,16,2263.0099999999998,2,4,4,244,Cannot Lose Them,2022-05-22,2024-01-09,597,141.43812499999999,1.6344969199178645,9.78894472361809,4153.59
CUST_01530,486,15,2261.09,2,4,4,244,Cannot Lose Them,2022-03-30,2023-09-03,522,150.73933333333335,1.429158110882957,10.495689655172413,4746.34
CUST_01531,385,14,2217.59,2,4,4,244,Cannot Lose Them,2022-09-03,2023-12-13,466,158.39928571428572,1.2758384668035592,10.973175965665236,5214.43
CUST_01532,429,12,1546.97,2,4,3,243,Loyal Customers,2022-09-09,2023-10-30,416,128.91416666666666,1.1389459274469542,10.536057692307692,4074.74
CUST_01533,342,4,960.27,2,2,2,222,Hibernating,2023-06-11,2024-01-25,228,240.0675,0.6242299794661191,6.407894736842105,4614.98
CUST_01534,662,18,3936.71,1,5,5,155,Cannot Lose Them,2022-05-28,2023-03-11,287,218.7061111111111,0.785763175906913,22.907665505226483,15030.14
CUST_01535,417,32,6372.83,2,5,5,255,Cannot Lose Them,2022-02-03,2023-11-11,646,199.1509375,1.7686516084873374,18.092879256965944,10809.64
CUST_01536,668,4,188.02,1,2,1,121,Hibernating,2022-07-16,2023-03-05,232,47.005,0.6351813826146475,6.297413793103448,888.03
CUST_01537,422,30,6120.96,2,5,5,255,Cannot Lose Them,2022-07-28,2023-11-06,466,204.032,1.2758384668035592,23.513948497854077,14392.79
CUST_01538,489,14,1729.6299999999999,2,4,3,243,Loyal Customers,2022-03-08,2023-08-31,541,123.54499999999999,1.4811772758384667,9.451940850277264,3503.22
CUST_01539,51,6,940.9599999999999,4,2,2,422,Potential Loyalists,2023-11-13,2024-11-11,364,156.82666666666665,0.9965776865160849,6.020604395604395,2832.57
CUST_01540,4,6,486.14,5,2,2,522,Potential Loyalists,2024-01-14,2024-12-28,349,81.02333333333333,0.9555099247091033,6.2793696275071635,1526.33
CUST_01541,346,7,1429.97,2,2,3,223,Hibernating,2023-01-12,2024-01-21,374,204.28142857142856,1.0239561943874058,6.836229946524065,4189.54
CUST_01542,214,11,1888.06,3,4,4,344,Loyal Customers,2023-05-19,2024-06-01,379,171.64181818181817,1.0376454483230664,10.600923482849604,5458.69
CUST_01543,9,23,6683.19,5,5,5,555,Champions,2023-12-19,2024-12-23,370,290.57347826086954,1.0130047912388775,22.704729729729728,19792.18
CUST_01544,273,15,3976.86,3,4,5,345,Loyal Customers,2023-06-16,2024-04-03,292,265.124,0.7994524298425736,18.762842465753426,14923.44
CUST_01545,590,9,1743.78,1,3,3,133,At Risk,2022-06-08,2023-05-22,348,193.75333333333333,0.9527720739219713,9.446120689655173,5490.65
CUST_01546,715,3,496.51,1,1,2,112,Hibernating,2022-05-10,2023-01-17,252,165.50333333333333,0.6899383983572895,4.348214285714286,2158.93
CUST_01547,145,4,413.59000000000003,4,2,2,422,Potential Loyalists,2024-01-22,2024-08-09,200,103.39750000000001,0.5475701574264202,7.305000000000001,2265.96
CUST_01548,411,32,6085.73,2,5,5,255,Cannot Lose Them,2022-06-28,2023-11-17,507,190.1790625,1.3880903490759753,23.053254437869825,13152.74
CUST_01549,405,36,8638.08,2,5,5,255,Cannot Lose Them,2022-03-17,2023-11-23,616,239.94666666666666,1.6865160848733745,21.34577922077922,15365.55
CUST_01550,475,12,1748.94,2,4,3,243,Loyal Customers,2022-06-12,2023-09-14,459,145.745,1.2566735112936345,9.549019607843137,4175.17
CUST_01551,519,26,4520.58,1,5,5,155,Cannot Lose Them,2022-05-19,2023-08-01,439,173.86846153846153,1.2019164955509924,21.632118451025057,11283.43
CUST_01552,380,5,583.01,2,2,2,222,Hibernating,2023-03-03,2023-12-18,290,116.602,0.7939767282683093,6.297413793103448,2202.87
CUST_01553,421,2,473.65000000000003,2,1,2,212,Hibernating,2023-06-24,2023-11-07,136,236.82500000000002,0.3723477070499658,5.3713235294117645,3816.19
CUST_01554,775,15,3614.3199999999997,1,4,5,145,Cannot Lose Them,2022-03-05,2022-11-18,258,240.95466666666664,0.7063655030800822,21.23546511627907,15350.35
CUST_01555,249,10,3090.22,3,3,4,334,Need Attention,2023-04-02,2024-04-27,391,309.022,1.0704996577686516,9.341432225063938,8660.12
CUST_01556,512,13,2128.55,2,4,4,244,Cannot Lose Them,2022-04-03,2023-08-08,492,163.7346153846154,1.3470225872689938,9.650914634146341,4740.57
CUST_01557,35,12,2110.38,5,4,4,544,Champions,2023-07-23,2024-11-27,493,175.865,1.3497604380561259,8.890466531440163,4690.57
CUST_01558,53,10,1305.45,4,3,3,433,Potential Loyalists,2023-11-10,2024-11-09,365,130.54500000000002,0.999315537303217,10.006849315068493,3919.03
CUST_01559,201,1,42.37,3,1,1,311,Need Attention,2024-06-14,2024-06-14,0,42.37,0.08213552361396304,12.175,1547.56
CUST_01560,114,2,616.22,4,1,2,412,New Customers,2024-03-19,2024-09-09,174,308.11,0.47638603696098564,4.198275862068965,3880.59
CUST_01561,49,12,2292.79,4,4,4,444,Champions,2023-10-11,2024-11-13,399,191.06583333333333,1.0924024640657084,10.984962406015038,6296.55
CUST_01562,288,33,7324.24,3,5,5,355,Loyal Customers,2022-07-07,2024-03-19,621,221.94666666666666,1.700205338809035,19.40942028985507,12923.57
CUST_01563,229,18,2472.7200000000003,3,5,4,354,Loyal Customers,2022-04-30,2024-05-17,748,137.37333333333333,2.0479123887748116,8.789438502673798,3622.3
CUST_01564,518,11,1560.1,2,4,3,243,Loyal Customers,2022-05-05,2023-08-02,454,141.8272727272727,1.242984257357974,8.84966960352423,3765.37
CUST_01565,129,16,2088.2200000000003,4,4,4,444,Champions,2022-10-08,2024-08-25,687,130.51375000000002,1.8809034907597535,8.506550218340612,3330.67
CUST_01566,120,3,79.35,4,1,1,411,New Customers,2023-12-27,2024-09-03,251,26.45,0.6872005475701575,4.365537848605578,346.41
CUST_01567,71,9,1152.1399999999999,4,3,3,433,Potential Loyalists,2023-12-07,2024-10-22,320,128.01555555555555,0.8761122518822724,10.27265625,3945.18
CUST_01568,486,7,582.29,2,2,2,222,Hibernating,2022-07-20,2023-09-03,410,83.1842857142857,1.1225188227241616,6.235975609756097,1556.21
CUST_01569,332,27,4466.3,3,5,5,355,Loyal Customers,2022-09-11,2024-02-04,511,165.41851851851854,1.3990417522245038,19.298923679060664,9577.2
CUST_01570,122,2,219.69,4,1,1,411,New Customers,2024-05-18,2024-09-01,106,109.845,0.29021218343600275,6.891509433962264,2270.99
CUST_01571,465,3,109.82000000000001,2,1,1,211,Hibernating,2022-12-22,2023-09-24,276,36.60666666666667,0.75564681724846,3.970108695652174,436.0
CUST_01572,14,8,1604.81,5,3,3,533,Potential Loyalists,2024-03-11,2024-12-18,282,200.60125,0.7720739219712526,10.361702127659575,6235.71
CUST_01573,37,10,1533.07,5,3,3,533,Potential Loyalists,2023-11-22,2024-11-25,369,153.307,1.0102669404517455,9.898373983739836,4552.47
CUST_01574,48,4,358.02,4,2,1,421,Potential Loyalists,2024-04-05,2024-11-14,223,89.505,0.6105407255304586,6.551569506726458,1759.19
CUST_01575,52,5,673.63,4,2,2,422,Potential Loyalists,2024-02-21,2024-11-10,263,134.726,0.7200547570157426,6.943916349809887,2806.58
CUST_01576,250,13,1122.76,3,4,3,343,Loyal Customers,2022-12-04,2024-04-26,509,86.36615384615385,1.3935660506502396,9.328585461689586,2417.02
CUST_01577,141,6,452.84,4,2,2,422,Potential Loyalists,2023-08-11,2024-08-13,368,75.47333333333333,1.0075290896646132,5.955163043478262,1348.37
CUST_01578,32,14,3095.94,5,4,4,544,Champions,2023-07-14,2024-11-30,505,221.13857142857142,1.3826146475017111,10.125742574257426,6717.58
CUST_01579,564,7,735.55,1,2,2,122,Hibernating,2022-06-25,2023-06-17,357,105.07857142857142,0.9774127310061602,7.161764705882352,2257.64
CUST_01580,420,7,1193.74,2,2,3,223,Hibernating,2022-12-11,2023-11-08,332,170.53428571428572,0.9089664613278576,7.70105421686747,3939.88
CUST_01581,654,1,16.16,1,1,1,111,Hibernating,2023-03-19,2023-03-19,0,16.16,0.08213552361396304,12.175,590.24
CUST_01582,20,25,5995.19,5,5,5,555,Champions,2023-08-17,2024-12-12,483,239.80759999999998,1.322381930184805,18.90527950310559,13600.89
CUST_01583,185,8,1760.6599999999999,4,3,3,433,Potential Loyalists,2023-08-15,2024-06-30,320,220.08249999999998,0.8761122518822724,9.13125,6028.88
CUST_01584,40,13,2832.88,5,4,4,544,Champions,2023-05-10,2024-11-22,562,217.91384615384615,1.538672142368241,8.448843416370106,5523.36
CUST_01585,431,22,5187.92,2,5,5,255,Cannot Lose Them,2022-10-05,2023-10-28,388,235.81454545454545,1.0622861054072552,20.710051546391753,14651.19
CUST_01586,221,28,6884.14,3,5,5,355,Loyal Customers,2023-02-12,2024-05-25,468,245.86214285714286,1.2813141683778233,21.852564102564106,16118.15
CUST_01587,5,14,2575.48,5,4,4,544,Champions,2023-08-08,2024-12-27,507,183.96285714285713,1.3880903490759753,10.085798816568047,5566.24
CUST_01588,592,1,24.6,1,1,1,111,Hibernating,2023-05-20,2023-05-20,0,24.6,0.08213552361396304,12.175,898.52
CUST_01589,13,12,1409.74,5,4,3,543,Loyal Customers,2023-09-23,2024-12-19,453,117.47833333333334,1.2402464065708418,9.675496688741722,3409.98
CUST_01590,8,24,6305.58,5,5,5,555,Champions,2024-01-16,2024-12-24,343,262.7325,0.9390828199863107,25.556851311953352,20143.85
CUST_01591,248,16,3915.87,3,4,5,345,Loyal Customers,2022-09-09,2024-04-28,597,244.741875,1.6344969199178645,9.78894472361809,7187.29
CUST_01592,190,10,1373.6100000000001,3,3,3,333,Need Attention,2022-08-07,2024-06-25,688,137.36100000000002,1.8836413415468858,5.308866279069767,2187.69
CUST_01593,22,9,1935.83,5,3,4,534,Potential Loyalists,2023-12-04,2024-12-10,372,215.0922222222222,1.0184804928131417,8.836693548387096,5702.11
CUST_01594,80,14,2967.1,4,4,4,444,Champions,2023-03-27,2024-10-13,566,211.93571428571428,1.5496235455167693,9.034452296819788,5744.17
CUST_01595,465,4,795.91,2,2,2,222,Hibernating,2023-03-22,2023-09-24,186,198.9775,0.5092402464065708,7.854838709677419,4688.81
CUST_01596,626,7,694.33,1,2,2,122,Hibernating,2022-04-16,2023-04-16,365,99.19000000000001,0.999315537303217,7.004794520547945,2084.42
CUST_01597,869,1,174.29,1,1,1,111,Hibernating,2022-08-16,2022-08-16,0,174.29,0.08213552361396304,12.175,6365.94
CUST_01598,8,16,2222.07,5,4,4,544,Champions,2023-03-13,2024-12-24,652,138.879375,1.78507871321013,8.963190184049079,3734.41
CUST_01599,72,8,1055.42,4,3,3,433,Potential Loyalists,2023-08-19,2024-10-21,429,131.9275,1.1745379876796715,6.811188811188811,2695.75
CUST_01600,259,12,1765.53,3,4,3,343,Loyal Customers,2023-01-06,2024-04-17,467,147.1275,1.2785763175906912,9.385438972162742,4142.57
CUST_01601,226,22,4862.7,3,5,5,355,Loyal Customers,2023-06-28,2024-05-20,327,221.03181818181818,0.8952772073921971,24.573394495412845,16294.51
CUST_01602,93,9,1095.76,4,3,3,433,Potential Loyalists,2023-05-26,2024-09-30,493,121.75111111111111,1.3497604380561259,6.667849898580122,2435.45
CUST_01603,5,8,1202.47,5,3,3,533,Potential Loyalists,2024-03-19,2024-12-27,283,150.30875,0.7748117727583846,10.325088339222615,4655.85
CUST_01604,3,13,2170.1,5,4,4,544,Champions,2023-09-05,2024-12-29,481,166.93076923076922,1.3169062286105406,9.871621621621623,4943.63
CUST_01605,46,5,869.37,4,2,2,422,Potential Loyalists,2024-01-07,2024-11-16,314,173.874,0.8596851471594799,5.81608280254777,3033.8
CUST_01606,299,3,293.47,3,1,1,311,Need Attention,2023-09-13,2024-03-08,177,97.82333333333334,0.48459958932238195,6.190677966101695,1816.78
CUST_01607,19,6,1089.57,5,2,3,523,Potential Loyalists,2024-01-30,2024-12-13,318,181.595,0.8706365503080082,6.891509433962264,3754.39
CUST_01608,1,24,7309.31,5,5,5,555,Champions,2023-12-01,2024-12-31,396,304.55458333333337,1.0841889117043122,22.136363636363633,20225.19
CUST_01609,245,8,1001.74,3,3,3,333,Need Attention,2023-07-24,2024-05-01,282,125.2175,0.7720739219712526,10.361702127659575,3892.4
CUST_01610,456,1,21.26,2,1,1,211,Hibernating,2023-10-03,2023-10-03,0,21.26,0.08213552361396304,12.175,776.52
CUST_01611,6,10,877.83,5,3,2,532,Potential Loyalists,2024-02-11,2024-12-26,319,87.783,0.8733744010951403,11.449843260188088,3015.3
CUST_01612,332,1,236.36,3,1,1,311,Need Attention,2024-02-04,2024-02-04,0,236.36,0.08213552361396304,12.175,8633.05
CUST_01613,377,1,66.5,2,1,1,211,Hibernating,2023-12-21,2023-12-21,0,66.5,0.08213552361396304,12.175,2428.91
CUST_01614,312,3,292.34,3,1,1,311,Need Attention,2023-07-14,2024-02-24,225,97.44666666666666,0.6160164271047228,4.87,1423.7
CUST_01615,287,19,3455.28,3,5,5,355,Loyal Customers,2022-03-29,2024-03-20,722,181.85684210526315,1.9767282683093772,9.611842105263158,5243.94
CUST_01616,199,2,32.230000000000004,3,1,1,311,Need Attention,2024-02-12,2024-06-16,125,16.115000000000002,0.34223134839151265,5.844,282.53
CUST_01617,733,8,2072.32,1,3,4,134,Cannot Lose Them,2022-04-11,2022-12-30,263,259.04,0.7200547570157426,11.110266159695819,8634.01
CUST_01618,276,40,10314.85,3,5,5,355,Loyal Customers,2022-03-15,2024-03-31,747,257.87125000000003,2.0451745379876796,19.55823293172691,15130.52
CUST_01619,47,7,1017.74,4,2,3,423,Potential Loyalists,2023-10-30,2024-11-15,382,145.39142857142858,1.0458590006844628,6.6930628272251305,2919.34
CUST_01620,27,7,618.5600000000001,5,2,2,522,Potential Loyalists,2023-11-26,2024-12-05,375,88.36571428571429,1.0266940451745379,6.8180000000000005,1807.43
CUST_01621,854,1,28.43,1,1,1,111,Hibernating,2022-08-31,2022-08-31,0,28.43,0.08213552361396304,12.175,1038.41
CUST_01622,702,1,257.17,1,1,1,111,Hibernating,2023-01-30,2023-01-30,0,257.17,0.08213552361396304,12.175,9393.13
CUST_01623,378,29,5863.23,2,5,5,255,Cannot Lose Them,2022-06-23,2023-12-20,545,202.1803448275862,1.4921286789869952,19.43532110091743,11788.32
CUST_01624,162,9,723.18,4,3,2,432,Potential Loyalists,2023-05-25,2024-07-23,425,80.35333333333332,1.163586584531143,7.734705882352941,1864.53
CUST_01625,503,26,4901.63,2,5,5,255,Cannot Lose Them,2022-04-22,2023-08-17,482,188.52423076923077,1.319644079397673,19.702282157676347,11143.07
CUST_01626,212,2,402.72,3,1,2,312,Need Attention,2023-12-23,2024-06-03,163,201.36,0.4462696783025325,4.4815950920245395,2707.24
CUST_01627,620,8,1055.51,1,3,3,133,At Risk,2022-03-20,2023-04-22,398,131.93875,1.0896646132785763,7.341708542713568,2905.97
CUST_01628,315,29,7347.91,3,5,5,355,Loyal Customers,2022-10-01,2024-02-21,508,253.3762068965517,1.3908281998631074,20.850885826771655,15849.36
CUST_01629,352,4,578.28,2,2,2,222,Hibernating,2023-04-25,2024-01-15,265,144.57,0.7255304585900069,5.513207547169811,2391.13
CUST_01630,457,10,1130.89,2,3,3,233,At Risk,2022-10-23,2023-10-02,344,113.08900000000001,0.9418206707734429,10.617732558139535,3602.25
CUST_01631,73,6,803.52,4,2,2,422,Potential Loyalists,2023-11-15,2024-10-20,340,133.92,0.9308692676249144,6.445588235294118,2589.58
CUST_01632,4,23,3529.0,5,5,5,555,Champions,2023-11-27,2024-12-28,397,153.43478260869566,1.0869267624914443,21.16057934508816,9740.31
CUST_01633,85,8,1287.3400000000001,4,3,3,433,Potential Loyalists,2023-04-30,2024-10-08,527,160.91750000000002,1.4428473648186173,5.544592030360532,2676.67
CUST_01634,102,5,943.39,4,2,2,422,Potential Loyalists,2023-12-09,2024-09-21,287,188.678,0.785763175906913,6.363240418118467,3601.81
CUST_01635,56,36,10928.85,4,5,5,455,Champions,2022-11-24,2024-11-06,713,303.57916666666665,1.9520876112251881,18.44179523141655,16795.63
CUST_01636,250,26,5971.53,3,5,5,355,Loyal Customers,2023-01-27,2024-04-26,455,229.67423076923075,1.2457221081451062,20.87142857142857,14380.89
CUST_01637,260,8,1224.0,3,3,3,333,Need Attention,2022-11-19,2024-04-16,514,153.0,1.4072553045859,5.684824902723736,2609.33
CUST_01638,21,22,4691.38,5,5,5,555,Champions,2023-11-13,2024-12-11,394,213.24454545454546,1.0787132101300478,20.394670050761423,13047.16
CUST_01639,82,7,1881.23,4,2,4,424,Potential Loyalists,2023-10-11,2024-10-11,366,268.7471428571429,1.002053388090349,6.985655737704918,5632.13
CUST_01640,332,7,679.64,3,2,2,322,Need Attention,2023-01-01,2024-02-04,399,97.09142857142857,1.0924024640657084,6.407894736842105,1866.45
CUST_01641,480,18,3131.01,2,5,4,254,Cannot Lose Them,2022-10-09,2023-09-09,335,173.94500000000002,0.917180013689254,19.625373134328356,10241.21
CUST_01642,317,19,2954.46,3,5,4,354,Loyal Customers,2022-07-05,2024-02-19,594,155.4978947368421,1.626283367556468,11.683080808080808,5450.08
CUST_01643,43,2,148.77,5,1,1,511,New Customers,2024-06-03,2024-11-19,169,74.385,0.46269678302532513,4.322485207100591,964.58
CUST_01644,372,3,303.42,2,1,1,211,Hibernating,2023-07-17,2023-12-26,162,101.14,0.44353182751540043,6.763888888888888,2052.3
CUST_01645,36,6,1286.43,5,2,3,523,Potential Loyalists,2024-01-18,2024-11-26,313,214.405,0.8569472963723477,7.001597444089457,4503.53
CUST_01646,173,15,3018.93,4,4,4,444,Champions,2023-02-13,2024-07-12,515,201.262,1.4099931553730323,10.638349514563107,6423.29
CUST_01647,86,8,695.32,4,3,2,432,Potential Loyalists,2023-07-14,2024-10-07,451,86.915,1.2347707049965777,6.478935698447893,1689.35
CUST_01648,519,3,316.96000000000004,1,1,1,111,Hibernating,2023-01-01,2023-08-01,212,105.65333333333335,0.5804243668720055,5.168632075471698,1638.25
CUST_01649,175,16,2783.35,4,4,4,444,Champions,2022-12-17,2024-07-10,571,173.959375,1.5633127994524298,10.234676007005254,5341.25
CUST_01650,39,8,1306.02,5,3,3,533,Potential Loyalists,2024-01-14,2024-11-23,314,163.2525,0.8596851471594799,9.305732484076433,4557.55
CUST_01651,201,9,1261.04,3,3,3,333,Need Attention,2023-01-21,2024-06-14,510,140.11555555555555,1.3963039014373717,6.445588235294117,2709.38
CUST_01652,197,10,1558.42,3,3,3,333,Need Attention,2023-07-03,2024-06-18,351,155.842,0.9609856262833676,10.405982905982906,4865.07
CUST_01653,140,16,2195.6,4,4,4,444,Champions,2023-02-03,2024-08-14,558,137.225,1.5277207392197125,10.473118279569892,4311.52
CUST_01654,219,16,1930.19,3,4,4,344,Loyal Customers,2023-01-30,2024-05-27,483,120.636875,1.322381930184805,12.099378881987578,4378.89
CUST_01655,49,6,1059.71,4,2,3,423,Potential Loyalists,2024-01-31,2024-11-13,287,176.61833333333334,0.785763175906913,7.635888501742161,4045.91
CUST_01656,87,17,2453.0299999999997,4,4,4,444,Champions,2022-12-21,2024-10-06,655,144.29588235294116,1.7932922655715264,9.479770992366412,4103.68
CUST_01657,501,4,794.58,2,2,2,222,Hibernating,2023-01-30,2023-08-19,201,198.645,0.5503080082135524,7.26865671641791,4331.65
CUST_01658,70,4,316.95,4,2,1,421,Potential Loyalists,2024-04-03,2024-10-23,203,79.2375,0.5557837097878165,7.197044334975369,1710.83
CUST_01659,229,3,380.71,3,1,1,311,Need Attention,2023-10-03,2024-05-17,227,126.90333333333332,0.621492128678987,4.827092511013216,1837.72
CUST_01660,161,1,101.13,4,1,1,411,New Customers,2024-07-24,2024-07-24,0,101.13,0.08213552361396304,12.175,3693.77
CUST_01661,14,13,2980.61,5,4,4,544,Champions,2023-07-20,2024-12-18,517,229.27769230769232,1.4154688569472964,9.184235976789168,6317.22
CUST_01662,289,9,1357.19,3,3,3,333,Need Attention,2022-08-19,2024-03-18,577,150.79888888888888,1.5797399041752225,5.6971403812824954,2577.37
CUST_01663,407,1,235.42,2,1,1,211,Hibernating,2023-11-21,2023-11-21,0,235.42,0.08213552361396304,12.175,8598.72
CUST_01664,29,9,972.65,5,3,2,532,Potential Loyalists,2024-02-10,2024-12-03,297,108.07222222222222,0.813141683778234,11.068181818181818,3588.49
CUST_01665,11,15,2657.9300000000003,5,4,4,544,Champions,2023-06-12,2024-12-21,558,177.19533333333337,1.5277207392197125,9.818548387096774,5219.4
CUST_01666,509,8,404.96999999999997,2,3,2,232,At Risk,2022-07-09,2023-08-11,398,50.621249999999996,1.0896646132785763,7.341708542713568,1114.94
CUST_01667,6,11,2121.38,5,4,4,544,Champions,2024-01-20,2024-12-26,341,192.8527272727273,0.9336071184120466,11.782258064516128,6816.72
CUST_01668,720,8,824.97,1,3,2,132,At Risk,2022-05-29,2023-01-12,228,103.12125,0.6242299794661191,12.81578947368421,3964.74
CUST_01669,6,12,2104.57,5,4,4,544,Champions,2023-11-12,2024-12-26,410,175.38083333333336,1.1225188227241616,10.690243902439024,5624.59
CUST_01670,430,6,709.36,2,2,2,222,Hibernating,2022-11-29,2023-10-29,334,118.22666666666667,0.9144421629021219,6.561377245508981,2327.19
CUST_01671,261,8,1219.53,3,3,3,333,Need Attention,2023-07-13,2024-04-15,277,152.44125,0.758384668035592,10.548736462093864,4824.19
CUST_01672,30,9,1106.18,5,3,3,533,Potential Loyalists,2023-05-23,2024-12-02,559,122.9088888888889,1.5304585900068446,5.880590339892666,2168.33
CUST_01673,212,12,2836.35,3,4,4,344,Loyal Customers,2023-06-28,2024-06-03,341,236.36249999999998,0.9336071184120466,12.853372434017595,9114.17
CUST_01674,485,7,679.9200000000001,2,2,2,222,Hibernating,2022-06-27,2023-09-04,434,97.13142857142859,1.1882272416153319,5.891129032258065,1716.64
CUST_01675,246,7,1503.9299999999998,3,2,3,323,Need Attention,2023-03-16,2024-04-30,411,214.84714285714284,1.1252566735112937,6.220802919708029,4009.57
CUST_01676,538,13,2263.68,1,4,4,144,Cannot Lose Them,2022-04-09,2023-07-13,460,174.12923076923076,1.2594113620807665,10.322282608695653,5392.23
CUST_01677,972,1,12.99,1,1,1,111,Hibernating,2022-05-05,2022-05-05,0,12.99,0.08213552361396304,12.175,474.46
CUST_01678,62,8,1892.45,4,3,4,434,Potential Loyalists,2024-03-05,2024-10-31,240,236.55625,0.6570841889117043,12.175,8640.22
CUST_01679,549,4,541.14,1,2,2,122,Hibernating,2023-01-14,2023-07-02,169,135.285,0.46269678302532513,8.644970414201183,3508.6
CUST_01680,10,29,6170.8,5,5,5,555,Champions,2023-06-06,2024-12-22,565,212.78620689655173,1.5468856947296372,18.747345132743362,11967.53
CUST_01681,3,17,2598.71,5,4,4,544,Champions,2023-04-02,2024-12-29,637,152.86529411764707,1.7440109514031485,9.747645211930926,4470.23
CUST_01682,124,10,2081.9900000000002,4,3,4,434,Potential Loyalists,2023-10-07,2024-08-30,328,208.199,0.8980150581793293,11.135670731707316,6955.31
CUST_01683,41,11,1483.1599999999999,5,4,3,543,Loyal Customers,2023-12-04,2024-11-21,353,134.83272727272725,0.9664613278576317,11.38172804532578,4603.89
CUST_01684,296,9,2062.39,3,3,4,334,Need Attention,2023-04-29,2024-03-11,317,229.15444444444444,0.8678986995208761,10.369873817034701,7128.91
CUST_01685,736,3,367.01,1,1,1,111,Hibernating,2022-05-24,2022-12-27,217,122.33666666666666,0.5941136208076659,5.049539170506913,1853.23
CUST_01686,172,3,540.28,4,1,2,412,New Customers,2023-12-11,2024-07-13,215,180.09333333333333,0.5886379192334018,5.096511627906977,2753.54
CUST_01687,47,8,1371.5900000000001,4,3,3,433,Potential Loyalists,2024-02-09,2024-11-15,280,171.44875000000002,0.7665982203969883,10.435714285714287,5367.57
CUST_01688,15,11,2127.29,5,4,4,544,Champions,2023-12-02,2024-12-17,381,193.39,1.0431211498973305,10.545275590551181,6118.05
CUST_01689,835,3,563.71,1,1,2,112,Hibernating,2022-03-25,2022-09-19,178,187.90333333333334,0.487337440109514,6.155898876404494,3470.14
CUST_01690,427,1,93.07,2,1,1,211,Hibernating,2023-11-01,2023-11-01,0,93.07,0.08213552361396304,12.175,3399.38
CUST_01691,365,4,640.51,2,2,2,222,Hibernating,2023-06-02,2024-01-02,214,160.1275,0.5859000684462696,6.827102803738319,3279.62
CUST_01692,447,18,4594.67,2,5,5,255,Cannot Lose Them,2022-11-19,2023-10-12,327,255.25944444444445,0.8952772073921971,20.105504587155963,15396.36
CUST_01693,6,33,6998.9800000000005,5,5,5,555,Champions,2023-04-10,2024-12-26,626,212.09030303030303,1.7138945927446954,19.254392971246006,12251.01
CUST_01694,134,34,5195.53,4,5,5,455,Champions,2022-10-24,2024-08-20,666,152.80970588235294,1.8234086242299794,18.646396396396398,8548.05
CUST_01695,570,22,3895.3900000000003,1,5,5,155,Cannot Lose Them,2022-05-15,2023-06-11,392,177.06318181818185,1.0732375085557837,20.49872448979592,10888.71
CUST_01696,441,3,252.09,2,1,1,211,Hibernating,2022-11-29,2023-10-18,323,84.03,0.8843258042436687,3.392414860681115,855.19
CUST_01697,735,9,2059.08,1,3,4,134,Cannot Lose Them,2022-04-11,2022-12-28,261,228.78666666666666,0.7145790554414785,12.594827586206895,8644.59
CUST_01698,358,16,3843.8999999999996,2,4,5,245,Cannot Lose Them,2023-03-31,2024-01-09,284,240.24374999999998,0.7775496235455168,20.577464788732392,14830.82
CUST_01699,329,6,1281.92,3,2,3,323,Need Attention,2023-04-03,2024-02-07,310,213.65333333333334,0.8487337440109514,7.069354838709677,4531.17
CUST_01700,289,1,49.99,3,1,1,311,Need Attention,2024-03-18,2024-03-18,0,49.99,0.08213552361396304,12.175,1825.88
CUST_01701,23,8,908.01,5,3,2,532,Potential Loyalists,2024-01-09,2024-12-09,335,113.50125,0.917180013689254,8.722388059701492,2970.01
CUST_01702,425,4,386.43,2,2,1,221,Hibernating,2023-05-08,2023-11-03,179,96.6075,0.49007529089664614,8.162011173184357,2365.53
CUST_01703,712,5,316.92,1,2,1,121,Hibernating,2022-06-18,2023-01-20,216,63.384,0.5913757700205339,8.45486111111111,1607.71
CUST_01704,224,38,8074.2300000000005,3,5,5,355,Loyal Customers,2022-09-09,2024-05-22,621,212.47973684210527,1.700205338809035,22.35024154589372,14246.92
CUST_01705,689,3,96.07,1,1,1,111,Hibernating,2022-07-11,2023-02-12,216,32.02333333333333,0.5913757700205339,5.072916666666667,487.36
CUST_01706,42,5,948.78,5,2,2,522,Potential Loyalists,2024-03-01,2024-11-20,264,189.756,0.7227926078028748,6.917613636363636,3937.98
CUST_01707,326,15,3206.46,3,4,4,344,Loyal Customers,2023-05-06,2024-02-10,280,213.764,0.7665982203969883,19.56696428571429,12548.14
CUST_01708,53,8,686.7,4,3,2,432,Potential Loyalists,2024-01-14,2024-11-09,300,85.8375,0.8213552361396304,9.74,2508.17
CUST_01709,586,6,623.0500000000001,1,2,2,122,Hibernating,2022-08-17,2023-05-26,282,103.84166666666668,0.7720739219712526,7.7712765957446805,2420.95
CUST_01710,97,10,2138.46,4,3,4,434,Potential Loyalists,2023-09-26,2024-09-26,366,213.846,1.002053388090349,9.979508196721312,6402.23
CUST_01711,732,1,81.52,1,1,1,111,Hibernating,2022-12-31,2022-12-31,0,81.52,0.08213552361396304,12.175,2977.52
CUST_01712,520,10,982.67,1,3,3,133,At Risk,2022-08-16,2023-07-31,349,98.267,0.9555099247091033,10.465616045845273,3085.27
CUST_01713,513,22,5139.35,2,5,5,255,Cannot Lose Them,2022-06-30,2023-08-07,403,233.6068181818182,1.103353867214237,19.939205955334987,13973.8
CUST_01714,497,4,374.46,2,2,1,221,Hibernating,2023-03-12,2023-08-23,164,93.615,0.4490075290896646,8.908536585365853,2501.92
CUST_01715,799,1,12.26,1,1,1,111,Hibernating,2022-10-25,2022-10-25,0,12.26,0.08213552361396304,12.175,447.8
CUST_01716,254,12,1545.58,3,4,3,343,Loyal Customers,2023-02-20,2024-04-22,427,128.79833333333332,1.1690622861054072,10.264637002341921,3966.2
CUST_01717,87,4,451.35,4,2,2,422,Potential Loyalists,2024-02-13,2024-10-06,236,112.8375,0.6461327857631759,6.190677966101695,2095.62
CUST_01718,275,1,209.95,3,1,1,311,Need Attention,2024-04-01,2024-04-01,0,209.95,0.08213552361396304,12.175,7668.42
CUST_01719,302,4,550.01,3,2,2,322,Need Attention,2023-08-27,2024-03-05,191,137.5025,0.5229295003422314,7.649214659685863,3155.36
CUST_01720,528,20,4550.18,1,5,5,155,Cannot Lose Them,2022-09-19,2023-07-23,307,227.50900000000001,0.840520191649555,23.794788273615637,16240.59
CUST_01721,547,3,184.96,1,1,1,111,Hibernating,2022-09-01,2023-07-04,306,61.653333333333336,0.837782340862423,3.5808823529411766,662.32
CUST_01722,517,23,5490.91,2,5,5,255,Cannot Lose Them,2022-05-09,2023-08-03,451,238.73521739130433,1.2347707049965777,18.626940133037692,13340.72
CUST_01723,19,19,3039.14,5,5,4,554,Champions,2022-12-25,2024-12-13,719,159.95473684210526,1.9685147159479808,9.651947148817802,4631.62
CUST_01724,28,15,2702.23,5,4,4,544,Champions,2023-07-16,2024-12-04,507,180.14866666666666,1.3880903490759753,10.80621301775148,5840.17
CUST_01725,22,4,758.2,5,2,2,522,Potential Loyalists,2024-04-24,2024-12-10,230,189.55,0.6297056810403833,6.352173913043479,3612.16
CUST_01726,53,6,857.57,4,2,2,422,Potential Loyalists,2023-12-28,2024-11-09,317,142.92833333333334,0.8678986995208761,6.913249211356467,2964.3
CUST_01727,69,19,3789.61,4,5,5,455,Champions,2022-12-15,2024-10-24,679,199.45315789473685,1.8590006844626967,10.220544918998527,6115.56
CUST_01728,4,22,4360.91,5,5,5,555,Champions,2023-11-22,2024-12-28,402,198.2231818181818,1.1006160164271048,19.98880597014925,11886.73
CUST_01729,53,24,4740.78,4,5,5,455,Champions,2023-09-09,2024-11-09,427,197.5325,1.1690622861054072,20.529274004683842,12165.6
CUST_01730,793,2,337.52,1,1,1,111,Hibernating,2022-08-18,2022-10-31,74,168.76,0.2026009582477755,9.871621621621621,4997.8
CUST_01731,669,9,1636.68,1,3,3,133,At Risk,2022-05-22,2023-03-04,286,181.85333333333335,0.783025325119781,11.493881118881118,6270.6
CUST_01732,116,9,710.08,4,3,2,432,Potential Loyalists,2023-03-05,2024-09-07,552,78.89777777777778,1.51129363449692,5.955163043478261,1409.55
CUST_01733,441,35,7188.77,2,5,5,255,Cannot Lose Them,2022-02-06,2023-10-18,619,205.3934285714286,1.6947296372347707,20.65226171243942,12725.52
CUST_01734,162,36,7437.26,4,5,5,455,Champions,2022-12-29,2024-07-23,572,206.59055555555557,1.566050650239562,22.987762237762237,14247.16
CUST_01735,599,2,145.64000000000001,1,1,1,111,Hibernating,2023-01-15,2023-05-13,118,72.82000000000001,0.32306639288158795,6.190677966101695,1352.42
CUST_01736,62,8,675.61,4,3,2,432,Potential Loyalists,2023-06-19,2024-10-31,500,84.45125,1.3689253935660506,5.844,1480.6
CUST_01737,472,9,1357.79,2,3,3,233,At Risk,2022-04-15,2023-09-17,520,150.86555555555555,1.4236824093086926,6.321634615384616,2861.15
CUST_01738,935,1,40.72,1,1,1,111,Hibernating,2022-06-11,2022-06-11,0,40.72,0.08213552361396304,12.175,1487.3
CUST_01739,466,1,67.03,2,1,1,211,Hibernating,2023-09-23,2023-09-23,0,67.03,0.08213552361396304,12.175,2448.27
CUST_01740,2,16,3465.15,5,4,5,545,Champions,2024-02-18,2024-12-30,316,216.571875,0.865160848733744,18.49367088607595,12015.63
CUST_01741,273,16,2870.2,3,4,4,344,Loyal Customers,2022-07-22,2024-04-03,621,179.3875,1.700205338809035,9.41062801932367,5064.45
CUST_01742,110,7,838.79,4,2,2,422,Potential Loyalists,2023-07-02,2024-09-13,439,119.82714285714285,1.2019164955509924,5.824031890660592,2093.63
CUST_01743,40,15,2660.88,5,4,4,544,Champions,2023-04-06,2024-11-22,596,177.392,1.6317590691307324,9.19253355704698,4892.05
CUST_01744,666,18,4136.51,1,5,5,155,Cannot Lose Them,2022-03-12,2023-03-07,360,229.80611111111114,0.9856262833675564,18.2625,12590.5
CUST_01745,5,5,835.05,5,2,2,522,Potential Loyalists,2024-04-04,2024-12-27,267,167.01,0.731006160164271,6.839887640449438,3426.99
CUST_01746,306,10,748.25,3,3,2,332,Need Attention,2023-03-11,2024-03-01,356,74.825,0.974674880219028,10.259831460674157,2303.08
CUST_01747,42,5,396.9,5,2,2,522,Potential Loyalists,2024-01-17,2024-11-20,308,79.38,0.8432580424366872,5.929383116883117,1412.02
CUST_01748,291,34,7655.85,3,5,5,355,Loyal Customers,2022-06-16,2024-03-16,639,225.17205882352943,1.7494866529774127,19.434272300469484,13128.17
CUST_01749,561,3,185.79000000000002,1,1,1,111,Hibernating,2022-10-31,2023-06-20,232,61.93000000000001,0.6351813826146475,4.723060344827586,877.5
CUST_01750,327,10,1252.02,3,3,3,333,Need Attention,2022-07-13,2024-02-09,576,125.202,1.5770020533880904,6.341145833333333,2381.77
CUST_01751,455,1,98.29,2,1,1,211,Hibernating,2023-10-04,2023-10-04,0,98.29,0.08213552361396304,12.175,3590.04
CUST_01752,2,23,4383.84,5,5,5,555,Champions,2024-02-17,2024-12-30,317,190.6017391304348,0.8678986995208761,26.500788643533124,15153.29
CUST_01753,3,23,5389.32,5,5,5,555,Champions,2023-10-17,2024-12-29,439,234.3182608695652,1.2019164955509924,19.13610478359909,13451.82
CUST_01754,34,7,712.9399999999999,5,2,2,522,Potential Loyalists,2024-02-24,2024-11-28,278,101.84857142857142,0.7611225188227242,9.196942446043165,2810.09
CUST_01755,160,20,2995.89,4,5,4,454,Champions,2022-08-20,2024-07-25,705,149.7945,1.9301848049281314,10.361702127659575,4656.38
CUST_01756,351,30,4872.69,2,5,5,255,Cannot Lose Them,2022-05-31,2024-01-16,595,162.42299999999997,1.6290212183436004,18.415966386554622,8973.53
CUST_01757,496,10,1402.62,2,3,3,233,At Risk,2022-08-12,2023-08-24,377,140.262,1.0321697467488022,9.688328912466844,4076.71
CUST_01758,765,15,3463.35,1,4,5,145,Cannot Lose Them,2022-03-12,2022-11-28,261,230.89,0.7145790554414785,20.991379310344826,14540.1
CUST_01759,513,3,168.29,2,1,1,211,Hibernating,2022-11-24,2023-08-07,256,56.096666666666664,0.7008898015058179,4.2802734375,720.33
CUST_01760,159,2,129.95,4,1,1,411,New Customers,2024-05-03,2024-07-26,84,64.975,0.2299794661190965,8.696428571428571,1695.15
CUST_01761,90,11,2738.21,4,4,4,444,Champions,2023-09-11,2024-10-03,388,248.92818181818183,1.0622861054072552,10.355025773195877,7732.97
CUST_01762,5,17,4686.05,5,4,5,545,Champions,2024-01-03,2024-12-27,359,275.65000000000003,0.9828884325804244,17.295961002785514,14302.89
CUST_01763,12,6,753.5799999999999,5,2,2,522,Potential Loyalists,2023-12-26,2024-12-20,360,125.59666666666665,0.9856262833675564,6.0875,2293.71
CUST_01764,488,25,5328.45,2,5,5,255,Cannot Lose Them,2022-05-05,2023-09-01,484,213.138,1.325119780971937,18.866219008264462,12063.32
CUST_01765,440,2,428.65,2,1,2,212,Hibernating,2023-05-18,2023-10-19,154,214.325,0.4216290212183436,4.7435064935064934,3049.96
CUST_01766,305,8,1739.1,3,3,3,333,Need Attention,2022-12-18,2024-03-02,440,217.3875,1.2046543463381245,6.6409090909090915,4330.95
CUST_01767,15,18,4783.62,5,5,5,555,Champions,2024-02-28,2024-12-17,293,265.75666666666666,0.8021902806297057,22.438566552901026,17889.6
CUST_01768,385,4,456.85,2,2,2,222,Hibernating,2023-05-13,2023-12-13,214,114.2125,0.5859000684462696,6.827102803738319,2339.22
CUST_01769,232,10,827.1800000000001,3,3,2,332,Need Attention,2022-10-11,2024-05-14,581,82.718,1.5906913073237507,6.2865748709122204,1560.04
CUST_01770,526,8,860.78,1,3,2,132,At Risk,2022-05-09,2023-07-25,442,107.5975,1.2101300479123889,6.610859728506787,2133.94
CUST_01771,49,19,3387.3,4,5,5,455,Champions,2022-12-29,2024-11-13,685,178.27894736842106,1.8754277891854894,10.13102189781022,5418.44
CUST_01772,370,13,2201.04,2,4,4,244,Cannot Lose Them,2022-08-31,2023-12-28,484,169.31076923076924,1.325119780971937,9.81043388429752,4983.04
CUST_01773,28,7,1033.87,5,2,3,523,Potential Loyalists,2023-09-09,2024-12-04,452,147.69571428571427,1.2375085557837098,5.656526548672566,2506.33
CUST_01774,162,8,1452.82,4,3,3,433,Potential Loyalists,2023-05-31,2024-07-23,419,181.6025,1.1471594798083504,6.973747016706444,3799.35
CUST_01775,754,1,292.28,1,1,1,111,Hibernating,2022-12-09,2022-12-09,0,292.28,0.08213552361396304,12.175,10675.53
CUST_01776,398,6,940.5,2,2,2,222,Hibernating,2022-11-26,2023-11-30,369,156.75,1.0102669404517455,5.939024390243902,2792.83
CUST_01777,421,10,1712.84,2,3,3,233,At Risk,2022-03-26,2023-11-07,591,171.284,1.6180698151950719,6.180203045685279,3175.71
CUST_01778,490,23,3887.11,2,5,5,255,Cannot Lose Them,2022-05-25,2023-08-30,462,169.00478260869565,1.264887063655031,18.183441558441558,9219.27
CUST_01779,621,10,1631.1399999999999,1,3,3,133,At Risk,2022-07-20,2023-04-21,275,163.11399999999998,0.7529089664613279,13.281818181818181,6499.35
CUST_01780,436,6,428.74,2,2,2,222,Hibernating,2022-11-08,2023-10-23,349,71.45666666666666,0.9555099247091033,6.2793696275071635,1346.11
CUST_01781,234,16,2332.96,3,4,4,344,Loyal Customers,2022-10-13,2024-05-12,577,145.81,1.5797399041752225,10.128249566724437,4430.4
CUST_01782,395,33,7747.099999999999,2,5,5,255,Cannot Lose Them,2022-04-26,2023-12-03,586,234.76060606060605,1.6043805612594113,20.56868600682594,14486.15
CUST_01783,137,2,218.16,4,1,1,411,New Customers,2024-03-06,2024-08-17,164,109.08,0.4490075290896646,4.454268292682927,1457.61
CUST_01784,56,10,2108.04,4,3,4,434,Potential Loyalists,2023-09-12,2024-11-06,421,210.804,1.1526351813826146,8.675771971496438,5486.66
CUST_01785,366,4,159.71,2,2,1,221,Hibernating,2023-06-18,2024-01-01,197,39.9275,0.5393566050650239,7.416243654822336,888.34
CUST_01786,58,4,459.85,4,2,2,422,Potential Loyalists,2024-04-30,2024-11-04,188,114.9625,0.5147159479808351,7.7712765957446805,2680.22
CUST_01787,557,2,116.72,1,1,1,111,Hibernating,2022-12-26,2023-06-24,180,58.36,0.4928131416837782,4.058333333333334,710.53
CUST_01788,400,24,7707.65,2,5,5,255,Cannot Lose Them,2022-08-15,2023-11-28,470,321.15208333333334,1.2867898699520877,18.651063829787233,17969.48
CUST_01789,925,1,105.14,1,1,1,111,Hibernating,2022-06-21,2022-06-21,0,105.14,0.08213552361396304,12.175,3840.24
CUST_01790,460,3,173.72,2,1,1,211,Hibernating,2023-02-13,2023-09-29,228,57.906666666666666,0.6242299794661191,4.805921052631579,834.88
CUST_01791,925,1,21.1,1,1,1,111,Hibernating,2022-06-21,2022-06-21,0,21.1,0.08213552361396304,12.175,770.68
CUST_01792,51,9,1590.29,4,3,3,433,Potential Loyalists,2024-01-09,2024-11-11,307,176.6988888888889,0.840520191649555,10.707654723127037,5676.09
CUST_01793,32,16,1883.37,5,4,4,544,Champions,2023-05-21,2024-11-30,559,117.710625,1.5304585900068446,10.45438282647585,3691.78
CUST_01794,314,14,2471.2799999999997,3,4,4,344,Loyal Customers,2022-12-27,2024-02-22,422,176.51999999999998,1.1553730321697468,12.117298578199051,6416.84
CUST_01795,281,2,163.8,3,1,1,311,Need Attention,2023-10-23,2024-03-26,155,81.9,0.4243668720054757,4.712903225806452,1157.96
CUST_01796,554,9,1522.81,1,3,3,133,At Risk,2022-10-15,2023-06-27,255,169.20111111111112,0.6981519507186859,12.891176470588235,6543.6
CUST_01797,701,1,68.14,1,1,1,111,Hibernating,2023-01-31,2023-01-31,0,68.14,0.08213552361396304,12.175,2488.81
CUST_01798,4,23,5693.139999999999,5,5,5,555,Champions,2023-11-28,2024-12-28,396,247.5278260869565,1.0841889117043122,21.21401515151515,15753.18
CUST_01799,162,2,275.84,4,1,1,411,New Customers,2024-02-23,2024-07-23,151,137.92,0.4134154688569473,4.837748344370861,2001.67
CUST_01800,295,1,36.95,3,1,1,311,Need Attention,2024-03-12,2024-03-12,0,36.95,0.08213552361396304,12.175,1349.6
CUST_01801,326,9,1445.25,3,3,3,333,Need Attention,2023-03-11,2024-02-10,336,160.58333333333334,0.919917864476386,9.783482142857142,4713.19
CUST_01802,106,29,5689.71,4,5,5,455,Champions,2023-04-24,2024-09-17,512,196.19689655172414,1.4017796030116358,20.68798828125,12176.76
CUST_01803,597,1,141.54,1,1,1,111,Hibernating,2023-05-15,2023-05-15,0,141.54,0.08213552361396304,12.175,5169.75
CUST_01804,120,6,795.6600000000001,4,2,2,422,Potential Loyalists,2023-11-30,2024-09-03,278,132.61,0.7611225188227242,7.883093525179856,3136.13
CUST_01805,5,31,5877.13,5,5,5,555,Champions,2023-07-25,2024-12-27,521,189.58483870967743,1.4264202600958247,21.732725527831096,12360.59
CUST_01806,92,2,79.81,4,1,1,411,New Customers,2024-06-23,2024-10-01,100,39.905,0.2737850787132101,7.305000000000001,874.52
CUST_01807,363,4,186.63,2,2,1,221,Hibernating,2023-06-15,2024-01-04,203,46.6575,0.5557837097878165,7.197044334975369,1007.39
CUST_01808,167,9,1501.87,4,3,3,433,Potential Loyalists,2023-02-07,2024-07-18,527,166.87444444444444,1.4428473648186173,6.237666034155598,3122.72
CUST_01809,65,16,1860.77,4,4,4,444,Champions,2023-03-19,2024-10-28,589,116.298125,1.6125941136208077,9.921901528013581,3461.7
CUST_01810,474,12,1644.28,2,4,3,243,Loyal Customers,2022-07-05,2023-09-15,437,137.02333333333334,1.1964407939767283,10.02974828375286,4122.93
CUST_01811,600,1,183.96,1,1,1,111,Hibernating,2023-05-12,2023-05-12,0,183.96,0.08213552361396304,12.175,6719.14
CUST_01812,820,8,894.7,1,3,2,132,At Risk,2022-02-11,2022-10-04,235,111.8375,0.6433949349760438,12.434042553191489,4171.78
CUST_01813,327,2,72.03,3,1,1,311,Need Attention,2023-09-05,2024-02-09,157,36.015,0.42984257357973993,4.6528662420382165,502.72
CUST_01814,484,2,45.66,2,1,1,211,Hibernating,2023-06-14,2023-09-05,83,22.83,0.2272416153319644,8.801204819277109,602.79
CUST_01815,534,19,4099.63,1,5,5,155,Cannot Lose Them,2022-08-05,2023-07-17,346,215.77,0.947296372347707,20.05708092485549,12983.15
CUST_01816,15,12,1991.68,5,4,4,544,Champions,2023-09-24,2024-12-17,450,165.97333333333333,1.2320328542094456,9.74,4849.74
CUST_01817,353,7,813.87,2,2,2,222,Hibernating,2023-01-11,2024-01-14,368,116.26714285714286,1.0075290896646132,6.947690217391305,2423.36
CUST_01818,18,21,5576.1900000000005,5,5,5,555,Champions,2023-10-11,2024-12-14,430,265.53285714285715,1.1772758384668036,17.837790697674418,14209.56
CUST_01819,598,6,783.51,1,2,2,122,Hibernating,2022-08-19,2023-05-14,268,130.585,0.7337440109514032,8.177238805970148,3203.47
CUST_01820,77,7,575.73,4,2,2,422,Potential Loyalists,2023-11-01,2024-10-16,350,82.24714285714286,0.9582477754962354,7.305000000000001,1802.45
CUST_01821,140,10,2178.41,4,3,4,434,Potential Loyalists,2022-12-31,2024-08-14,592,217.84099999999998,1.620807665982204,6.169763513513514,4032.08
CUST_01822,17,12,2844.7799999999997,5,4,4,544,Champions,2023-09-26,2024-12-15,446,237.06499999999997,1.2210814510609171,9.827354260089686,6989.17
CUST_01823,484,26,4578.78,2,5,5,255,Cannot Lose Them,2022-05-19,2023-09-05,474,176.10692307692307,1.297741273100616,20.03481012658228,10584.81
CUST_01824,220,5,779.9300000000001,3,2,2,322,Need Attention,2023-08-25,2024-05-26,275,155.98600000000002,0.7529089664613279,6.640909090909091,3107.67
CUST_01825,1,10,1552.55,5,3,3,533,Potential Loyalists,2023-12-03,2024-12-31,394,155.255,1.0787132101300478,9.27030456852792,4317.78
CUST_01826,607,7,1082.84,1,2,3,123,Hibernating,2022-04-16,2023-05-05,384,154.69142857142856,1.051334702258727,6.658203125,3089.9
CUST_01827,599,5,589.38,1,2,2,122,Hibernating,2022-08-23,2023-05-13,263,117.876,0.7200547570157426,6.943916349809887,2455.56
CUST_01828,86,5,626.49,4,2,2,422,Potential Loyalists,2024-01-20,2024-10-07,261,125.298,0.7145790554414785,6.997126436781609,2630.18
CUST_01829,611,10,1848.8400000000001,1,3,4,134,Cannot Lose Them,2022-05-14,2023-05-01,352,184.88400000000001,0.9637234770704997,10.376420454545455,5755.3
CUST_01830,85,10,1870.62,4,3,4,434,Potential Loyalists,2023-03-21,2024-10-08,567,187.06199999999998,1.5523613963039014,6.441798941798942,3615.05
CUST_01831,162,8,1508.96,4,3,3,433,Potential Loyalists,2023-08-30,2024-07-23,328,188.62,0.8980150581793293,8.908536585365853,5040.98
CUST_01832,240,17,2496.95,3,4,4,344,Loyal Customers,2022-11-08,2024-05-06,545,146.87941176470588,1.4921286789869952,11.393119266055045,5020.24
CUST_01833,57,8,1148.3,4,3,3,433,Potential Loyalists,2023-07-13,2024-11-05,481,143.5375,1.3169062286105406,6.0748440748440755,2615.9
CUST_01834,348,6,832.79,2,2,2,222,Hibernating,2023-01-09,2024-01-19,375,138.79833333333332,1.0266940451745379,5.844,2433.41
CUST_01835,262,18,3829.46,3,5,5,355,Loyal Customers,2023-05-16,2024-04-14,334,212.74777777777777,0.9144421629021219,19.684131736526947,12563.27
CUST_01836,91,12,2049.25,4,4,4,444,Champions,2023-04-10,2024-10-02,541,170.77083333333334,1.4811772758384667,8.101663585951941,4150.58
CUST_01837,717,1,78.18,1,1,1,111,Hibernating,2023-01-15,2023-01-15,0,78.18,0.08213552361396304,12.175,2855.52
CUST_01838,108,6,1667.76,4,2,3,423,Potential Loyalists,2023-09-03,2024-09-15,378,277.96,1.0349075975359343,5.7976190476190474,4834.52
CUST_01839,215,8,1056.49,3,3,3,333,Need Attention,2023-01-26,2024-05-31,491,132.06125,1.3442847364818618,5.95112016293279,2357.74
CUST_01840,415,7,1040.31,2,2,3,223,Hibernating,2022-12-13,2023-11-13,335,148.6157142857143,0.917180013689254,7.6320895522388055,3402.75
CUST_01841,108,6,482.34000000000003,4,2,2,422,Potential Loyalists,2023-09-02,2024-09-15,379,80.39,1.0376454483230664,5.782321899736147,1394.52
CUST_01842,576,4,639.19,1,2,2,122,Hibernating,2022-11-23,2023-06-05,194,159.7975,0.5311430527036276,7.530927835051547,3610.27
CUST_01843,160,3,387.46999999999997,4,1,1,411,New Customers,2023-11-28,2024-07-25,240,129.15666666666667,0.6570841889117043,4.565625,1769.04
CUST_01844,660,2,246.29,1,1,1,111,Hibernating,2022-10-17,2023-03-13,147,123.145,0.4024640657084189,4.969387755102041,1835.87
CUST_01845,559,2,166.15,1,1,1,111,Hibernating,2023-04-08,2023-06-22,75,83.075,0.2053388090349076,9.74,2427.45
CUST_01846,8,31,6858.26,5,5,5,555,Champions,2023-05-14,2024-12-24,590,221.2341935483871,1.6153319644079398,19.191101694915254,12737.18
CUST_01847,123,7,1237.9299999999998,4,2,3,423,Potential Loyalists,2023-08-30,2024-08-31,367,176.84714285714284,1.0047912388774811,6.966621253405995,3696.08
CUST_01848,60,20,2320.03,4,5,4,454,Champions,2023-02-05,2024-11-02,636,116.00150000000001,1.7412731006160165,11.485849056603774,3997.13
CUST_01849,390,3,164.28,2,1,1,211,Hibernating,2023-03-25,2023-12-08,258,54.76,0.7063655030800822,4.247093023255814,697.71
CUST_01850,210,8,928.4499999999999,3,3,2,332,Need Attention,2023-02-22,2024-06-05,469,116.05624999999999,1.2840520191649556,6.230277185501066,2169.19
CUST_01851,124,8,1029.09,4,3,3,433,Potential Loyalists,2023-04-29,2024-08-30,489,128.63625,1.3388090349075976,5.975460122699386,2305.98
CUST_01852,94,13,2221.3,4,4,4,444,Champions,2023-07-22,2024-09-29,435,170.8692307692308,1.1909650924024642,10.915517241379309,5595.38
CUST_01853,22,7,1505.0700000000002,5,2,3,523,Potential Loyalists,2024-03-18,2024-12-10,267,215.01000000000002,0.731006160164271,9.575842696629215,6176.71
CUST_01854,234,2,120.62,3,1,1,311,Need Attention,2023-12-10,2024-05-12,154,60.31,0.4216290212183436,4.7435064935064934,858.24
CUST_01855,37,4,919.8,5,2,2,522,Potential Loyalists,2024-04-06,2024-11-25,233,229.95,0.6379192334017796,6.2703862660944205,4325.63
CUST_01856,282,4,285.43,3,2,1,321,Need Attention,2023-11-02,2024-03-25,144,71.3575,0.3942505133470226,10.145833333333332,2171.94
CUST_01857,17,12,1760.71,5,4,3,543,Loyal Customers,2023-09-06,2024-12-15,466,146.72583333333333,1.2758384668035592,9.405579399141631,4140.12
CUST_01858,301,35,7047.6,3,5,5,355,Loyal Customers,2022-05-19,2024-03-06,657,201.36,1.7987679671457906,19.457762557077626,11754.05
CUST_01859,379,12,1309.53,2,4,3,243,Loyal Customers,2022-08-19,2023-12-19,487,109.1275,1.3333333333333333,9.0,2946.44
CUST_01860,518,2,72.36,2,1,1,211,Hibernating,2023-03-23,2023-08-02,132,36.18,0.3613963039014374,5.534090909090908,600.67
CUST_01861,683,3,242.59,1,1,1,111,Hibernating,2022-06-27,2023-02-18,236,80.86333333333333,0.6461327857631759,4.643008474576272,1126.35
CUST_01862,22,24,3914.07,5,5,5,555,Champions,2023-11-26,2024-12-10,380,163.08625,1.0403832991101984,23.06842105263158,11286.43
CUST_01863,13,29,5325.03,5,5,5,555,Champions,2023-07-20,2024-12-19,518,183.62172413793104,1.4182067077344285,20.44835907335907,11264.29
CUST_01864,210,5,1045.37,3,2,3,323,Need Attention,2023-09-28,2024-06-05,251,209.07399999999998,0.6872005475701575,7.275896414342629,4563.6
CUST_01865,230,1,23.98,3,1,1,311,Need Attention,2024-05-16,2024-05-16,0,23.98,0.08213552361396304,12.175,875.87
CUST_01866,485,3,164.08,2,1,1,211,Hibernating,2023-01-30,2023-09-04,217,54.693333333333335,0.5941136208076659,5.049539170506913,828.53
CUST_01867,151,12,2720.83,4,4,4,444,Champions,2023-04-17,2024-08-03,474,226.73583333333332,1.297741273100616,9.246835443037975,6289.77
CUST_01868,15,28,6449.56,5,5,5,555,Champions,2023-06-06,2024-12-17,560,230.3414285714286,1.5331964407939767,18.2625,12619.83
CUST_01869,9,7,585.14,5,2,2,522,Potential Loyalists,2023-12-03,2024-12-23,386,83.59142857142857,1.056810403832991,6.623704663212435,1661.05
CUST_01870,1,16,3173.6,5,4,4,544,Champions,2023-07-07,2024-12-31,543,198.35,1.486652977412731,10.762430939226519,6404.18
CUST_01871,25,6,414.21,5,2,2,522,Potential Loyalists,2024-03-03,2024-12-07,279,69.035,0.7638603696098563,7.854838709677419,1626.78
CUST_01872,661,6,502.73,1,2,2,122,Hibernating,2022-05-24,2023-03-12,292,83.78833333333334,0.7994524298425736,7.50513698630137,1886.53
CUST_01873,559,6,987.3199999999999,1,2,3,123,Hibernating,2022-08-03,2023-06-22,323,164.5533333333333,0.8843258042436687,6.78482972136223,3349.4
CUST_01874,322,11,3300.1099999999997,3,4,4,344,Loyal Customers,2022-12-10,2024-02-14,431,300.01,1.1800136892539357,9.321925754060326,8390.01
CUST_01875,84,20,4284.02,4,5,5,455,Champions,2022-12-06,2024-10-09,673,214.20100000000002,1.842573579739904,10.854383358098069,6975.06
CUST_01876,391,9,963.09,2,3,2,232,At Risk,2022-08-19,2023-12-07,475,107.01,1.3004791238877482,6.920526315789473,2221.7
CUST_01877,47,6,1022.44,4,2,3,423,Potential Loyalists,2023-11-10,2024-11-15,371,170.40666666666667,1.0157426420260096,5.907008086253369,3019.78
CUST_01878,43,6,538.52,5,2,2,522,Potential Loyalists,2023-12-23,2024-11-19,332,89.75333333333333,0.9089664613278576,6.600903614457831,1777.36
CUST_01879,691,1,34.97,1,1,1,111,Hibernating,2023-02-10,2023-02-10,0,34.97,0.08213552361396304,12.175,1277.28
CUST_01880,18,24,5031.11,5,5,5,555,Champions,2023-10-24,2024-12-14,417,209.62958333333333,1.1416837782340863,21.02158273381295,13220.24
CUST_01881,368,27,7171.04,2,5,5,255,Cannot Lose Them,2022-09-13,2023-12-30,473,265.59407407407406,1.2950034223134839,20.84936575052854,16612.4
CUST_01882,576,1,403.95,1,1,2,112,Hibernating,2023-06-05,2023-06-05,0,403.95,0.08213552361396304,12.175,14754.27
CUST_01883,405,15,2762.34,2,4,4,244,Cannot Lose Them,2022-02-26,2023-11-23,635,184.156,1.7385352498288844,8.627952755905511,4766.67
CUST_01884,525,4,323.37,1,2,1,121,Hibernating,2023-01-10,2023-07-26,197,80.8425,0.5393566050650239,7.416243654822336,1798.64
CUST_01885,24,12,2708.94,5,4,4,544,Champions,2023-09-11,2024-12-08,454,225.745,1.242984257357974,9.654185022026432,6538.15
CUST_01886,80,8,1300.07,4,3,3,433,Potential Loyalists,2023-06-12,2024-10-13,489,162.50875,1.3388090349075976,5.975460122699386,2913.19
CUST_01887,788,1,91.44,1,1,1,111,Hibernating,2022-11-05,2022-11-05,0,91.44,0.08213552361396304,12.175,3339.85
CUST_01888,379,2,113.76,2,1,1,211,Hibernating,2023-10-19,2023-12-19,61,56.88,0.16700889801505817,11.975409836065575,2043.48
CUST_01889,234,9,1810.77,3,3,4,334,Need Attention,2022-12-30,2024-05-12,499,201.19666666666666,1.3661875427789185,6.587675350701403,3976.25
CUST_01890,386,12,2387.02,2,4,4,244,Cannot Lose Them,2022-09-29,2023-12-12,439,198.91833333333332,1.2019164955509924,9.984054669703873,5958.03
CUST_01891,731,2,347.75,1,1,1,111,Hibernating,2022-08-04,2023-01-01,150,173.875,0.4106776180698152,4.87,2540.31
CUST_01892,473,20,3275.55,2,5,4,254,Cannot Lose Them,2022-09-03,2023-09-16,378,163.7775,1.0349075975359343,19.325396825396826,9495.2
CUST_01893,202,19,3257.78,3,5,4,354,Loyal Customers,2022-05-19,2024-06-13,756,171.4621052631579,2.0698151950718686,9.179563492063492,4721.84
CUST_01894,225,10,1637.46,3,3,3,333,Need Attention,2023-05-10,2024-05-21,377,163.746,1.0321697467488022,9.688328912466844,4759.28
CUST_01895,674,16,3509.47,1,4,5,145,Cannot Lose Them,2022-04-28,2023-02-27,305,219.341875,0.8350444900752909,19.160655737704918,12608.2
CUST_01896,8,38,8195.27,5,5,5,555,Champions,2023-02-28,2024-12-24,665,215.66500000000002,1.8206707734428473,20.87142857142857,13503.71
CUST_01897,15,30,4919.2,5,5,5,555,Champions,2023-07-06,2024-12-17,530,163.97333333333333,1.4510609171800137,20.67452830188679,10170.21
CUST_01898,277,9,1508.1,3,3,3,333,Need Attention,2023-04-23,2024-03-30,342,167.56666666666666,0.9363449691991786,9.611842105263158,4831.87
CUST_01899,618,1,110.65,1,1,1,111,Hibernating,2023-04-24,2023-04-24,0,110.65,0.08213552361396304,12.175,4041.49
CUST_01900,291,6,616.87,3,2,2,322,Need Attention,2023-04-03,2024-03-16,348,102.81166666666667,0.9527720739219713,6.297413793103448,1942.34
CUST_01901,257,8,2108.39,3,3,4,334,Need Attention,2023-01-05,2024-04-19,470,263.54875,1.2867898699520877,6.217021276595744,4915.46
CUST_01902,256,9,1768.87,3,3,3,333,Need Attention,2022-12-01,2024-04-20,506,196.5411111111111,1.3853524982888432,6.496541501976285,3830.51
CUST_01903,844,1,418.66,1,1,2,112,Hibernating,2022-09-10,2022-09-10,0,418.66,0.08213552361396304,12.175,15291.56
CUST_01904,377,4,447.94000000000005,2,2,2,222,Hibernating,2023-06-11,2023-12-21,193,111.98500000000001,0.5284052019164955,7.569948186528498,2543.16
CUST_01905,264,3,478.68,3,1,2,312,Need Attention,2023-08-03,2024-04-12,253,159.56,0.6926762491444216,4.3310276679841895,2073.18
CUST_01906,272,13,1908.17,3,4,4,344,Loyal Customers,2022-12-17,2024-04-04,474,146.7823076923077,1.297741273100616,10.01740506329114,4411.13
CUST_01907,11,18,2528.1,5,5,4,554,Champions,2024-02-22,2024-12-21,303,140.45,0.8295687885010267,21.698019801980198,9142.46
CUST_01908,69,12,2991.65,4,4,4,444,Champions,2023-10-15,2024-10-24,375,249.30416666666667,1.0266940451745379,11.688,8741.6
CUST_01909,468,24,4926.38,2,5,5,255,Cannot Lose Them,2022-08-03,2023-09-21,414,205.26583333333335,1.1334702258726899,21.17391304347826,13038.84
CUST_01910,12,17,2435.48,5,4,4,544,Champions,2023-06-07,2024-12-20,562,143.2635294117647,1.538672142368241,11.048487544483985,4748.54
CUST_01911,409,20,3585.09,2,5,5,255,Cannot Lose Them,2022-11-19,2023-11-19,365,179.2545,0.999315537303217,20.013698630136986,10762.64
CUST_01912,702,1,92.71,1,1,1,111,Hibernating,2023-01-30,2023-01-30,0,92.71,0.08213552361396304,12.175,3386.23
CUST_01913,21,14,2812.46,5,4,4,544,Champions,2023-06-03,2024-12-11,557,200.89000000000001,1.5249828884325805,9.180430879712747,5532.77
CUST_01914,181,13,2994.11,4,4,4,444,Champions,2022-12-28,2024-07-04,554,230.31615384615387,1.516769336071184,8.570848375451265,5922.01
CUST_01915,162,2,503.07000000000005,4,1,2,412,New Customers,2024-04-05,2024-07-23,109,251.53500000000003,0.29842573579739906,6.70183486238532,5057.24
CUST_01916,765,8,1209.56,1,3,3,133,At Risk,2022-02-13,2022-11-28,288,151.195,0.7885010266940452,10.145833333333332,4602.0
CUST_01917,80,8,978.03,4,3,2,432,Potential Loyalists,2023-06-18,2024-10-13,483,122.25375,1.322381930184805,6.049689440993789,2218.79
CUST_01918,359,21,3693.93,2,5,5,255,Cannot Lose Them,2023-01-25,2024-01-08,348,175.90142857142857,0.9527720739219713,22.040948275862068,11631.1
CUST_01919,562,2,128.03,1,1,1,111,Hibernating,2022-12-22,2023-06-19,179,64.015,0.49007529089664614,4.081005586592179,783.74
CUST_01920,337,13,2048.61,3,4,4,344,Loyal Customers,2022-08-23,2024-01-30,525,157.5853846153846,1.4373716632443532,9.044285714285714,4275.74
CUST_01921,61,5,621.55,4,2,2,422,Potential Loyalists,2024-02-24,2024-11-01,251,124.30999999999999,0.6872005475701575,7.275896414342629,2713.4
CUST_01922,816,1,97.29,1,1,1,111,Hibernating,2022-10-08,2022-10-08,0,97.29,0.08213552361396304,12.175,3553.52
CUST_01923,6,8,866.4399999999999,5,3,2,532,Potential Loyalists,2023-10-19,2024-12-26,434,108.30499999999999,1.1882272416153319,6.732718894009217,2187.56
CUST_01924,64,9,1253.99,4,3,3,433,Potential Loyalists,2023-08-03,2024-10-29,453,139.3322222222222,1.2402464065708418,7.256622516556292,3033.24
CUST_01925,636,6,596.37,1,2,2,122,Hibernating,2022-06-03,2023-04-06,307,99.395,0.840520191649555,7.138436482084691,2128.57
CUST_01926,200,38,6091.48,3,5,5,355,Loyal Customers,2022-07-07,2024-06-15,709,160.30210526315787,1.9411362080766599,19.576163610719323,9414.3
CUST_01927,461,3,349.12,2,1,1,211,Hibernating,2023-01-27,2023-09-28,244,116.37333333333333,0.6680355920602327,4.490778688524591,1567.82
CUST_01928,300,6,617.7,3,2,2,322,Need Attention,2023-04-21,2024-03-07,321,102.95,0.8788501026694046,6.827102803738318,2108.55
CUST_01929,83,7,828.43,4,2,2,422,Potential Loyalists,2023-07-31,2024-10-10,437,118.34714285714286,1.1964407939767283,5.850686498855835,2077.24
CUST_01930,37,9,937.3699999999999,5,3,2,532,Potential Loyalists,2023-07-02,2024-11-25,512,104.1522222222222,1.4017796030116358,6.42041015625,2006.1
CUST_01931,148,9,1159.18,4,3,3,433,Potential Loyalists,2023-03-01,2024-08-06,524,128.79777777777778,1.434633812457221,6.27337786259542,2423.99
CUST_01932,519,2,269.69,1,1,1,111,Hibernating,2023-04-08,2023-08-01,115,134.845,0.31485284052019163,6.352173913043479,2569.68
CUST_01933,73,10,1865.84,4,3,4,434,Potential Loyalists,2023-01-25,2024-10-20,634,186.584,1.7357973990417521,5.761041009463723,3224.75
CUST_01934,13,29,5260.41,5,5,5,555,Champions,2023-09-14,2024-12-19,462,181.39344827586206,1.264887063655031,22.92694805194805,12476.39
CUST_01935,573,8,755.83,1,3,2,132,At Risk,2022-03-05,2023-06-08,460,94.47875,1.2594113620807665,6.352173913043479,1800.44
CUST_01936,117,20,3566.04,4,5,5,455,Champions,2022-08-14,2024-09-06,754,178.302,2.0643394934976045,9.688328912466844,5182.35
CUST_01937,359,7,838.02,2,2,2,222,Hibernating,2022-12-16,2024-01-08,388,119.71714285714286,1.0622861054072552,6.589561855670103,2366.65
CUST_01938,171,9,1311.1399999999999,4,3,3,433,Potential Loyalists,2023-01-20,2024-07-14,541,145.6822222222222,1.4811772758384667,6.076247689463956,2655.6
CUST_01939,34,9,2203.73,5,3,4,534,Potential Loyalists,2024-01-31,2024-11-28,302,244.85888888888888,0.8268309377138946,10.884933774834437,7995.82
CUST_01940,239,11,1988.58,3,4,4,344,Loyal Customers,2023-05-29,2024-05-07,344,180.78,0.9418206707734429,11.679505813953488,6334.26
CUST_01941,559,13,2302.33,1,4,4,144,Cannot Lose Them,2022-03-30,2023-06-22,449,177.10230769230768,1.2292950034223136,10.575167037861915,5618.66
CUST_01942,59,7,1374.33,4,2,3,423,Potential Loyalists,2023-09-17,2024-11-03,413,196.33285714285714,1.1307323750855578,6.1906779661016955,3646.3
CUST_01943,653,15,2712.61,1,4,4,144,Cannot Lose Them,2022-05-11,2023-03-20,313,180.84066666666666,0.8569472963723477,17.50399361022364,9496.3
CUST_01944,650,10,1242.98,1,3,3,133,At Risk,2022-05-08,2023-03-23,319,124.298,0.8733744010951403,11.449843260188088,4269.58
CUST_01945,834,4,127.07,1,2,1,121,Hibernating,2022-04-13,2022-09-20,160,31.7675,0.4380561259411362,9.13125,870.23
CUST_01946,114,6,701.4200000000001,4,2,2,422,Potential Loyalists,2023-10-09,2024-09-09,336,116.90333333333335,0.919917864476386,6.522321428571429,2287.44
CUST_01947,689,2,52.25,1,1,1,111,Hibernating,2022-09-24,2023-02-12,141,26.125,0.3860369609856263,5.180851063829787,406.05
CUST_01948,490,10,1714.3600000000001,2,3,3,233,At Risk,2022-09-27,2023-08-30,337,171.436,0.9226557152635181,10.838278931750743,5574.21
CUST_01949,185,39,6912.88,4,5,5,455,Champions,2022-09-17,2024-06-30,652,177.25333333333333,1.78507871321013,21.84777607361963,11617.77
CUST_01950,243,14,2945.59,3,4,4,344,Loyal Customers,2022-10-16,2024-05-03,565,210.39928571428572,1.5468856947296372,9.050442477876107,5712.62
CUST_01951,14,7,662.72,5,2,2,522,Potential Loyalists,2024-03-23,2024-12-18,270,94.67428571428572,0.7392197125256673,9.469444444444445,2689.54
CUST_01952,518,22,4851.9,2,5,5,255,Cannot Lose Them,2022-05-21,2023-08-02,438,220.54090909090908,1.1991786447638604,18.345890410958905,12138.06
CUST_01953,22,19,3060.66,5,5,4,554,Champions,2022-09-02,2024-12-10,830,161.08736842105262,2.272416153319644,8.361144578313255,4040.62
CUST_01954,519,15,3143.7799999999997,1,4,4,144,Cannot Lose Them,2022-10-09,2023-08-01,296,209.58533333333332,0.810403832991102,18.50929054054054,11637.83
CUST_01955,207,8,946.04,3,3,2,332,Need Attention,2023-04-18,2024-06-08,417,118.255,1.1416837782340863,7.0071942446043165,2485.91
CUST_01956,347,29,6801.66,2,5,5,255,Cannot Lose Them,2022-10-22,2024-01-20,455,234.54,1.2457221081451062,23.279670329670328,16380.04
CUST_01957,9,24,3986.21,5,5,5,555,Champions,2023-09-13,2024-12-23,467,166.09208333333333,1.2785763175906912,18.770877944325484,9353.08
CUST_01958,139,8,1043.1299999999999,4,3,3,433,Potential Loyalists,2023-06-09,2024-08-15,433,130.39124999999999,1.1854893908281998,6.748267898383372,2639.75
CUST_01959,72,4,668.11,4,2,2,422,Potential Loyalists,2024-03-31,2024-10-21,204,167.0275,0.5585215605749486,7.161764705882353,3588.63
CUST_01960,808,1,226.88,1,1,1,111,Hibernating,2022-10-16,2022-10-16,0,226.88,0.08213552361396304,12.175,8286.79
CUST_01961,854,2,61.81,1,1,1,111,Hibernating,2022-05-03,2022-08-31,120,30.905,0.32854209445585214,6.0875,564.4
CUST_01962,190,2,151.64,3,1,1,311,Need Attention,2024-04-18,2024-06-25,68,75.82,0.1861738535249829,10.742647058823529,2443.52
CUST_01963,446,6,1216.59,2,2,3,223,Hibernating,2023-01-22,2023-10-13,264,202.765,0.7227926078028748,8.301136363636363,5049.54
CUST_01964,214,30,7138.5199999999995,3,5,5,355,Loyal Customers,2022-12-13,2024-06-01,536,237.95066666666665,1.4674880219028064,20.44309701492537,14593.35
CUST_01965,825,1,46.57,1,1,1,111,Hibernating,2022-09-29,2022-09-29,0,46.57,0.08213552361396304,12.175,1700.97
CUST_01966,383,5,1398.5,2,2,3,223,Hibernating,2023-03-13,2023-12-15,277,279.7,0.758384668035592,6.592960288808665,5532.15
CUST_01967,175,18,4004.85,4,5,5,455,Champions,2023-08-29,2024-07-10,316,222.49166666666667,0.865160848733744,20.805379746835442,13887.07
CUST_01968,144,37,7079.78,4,5,5,455,Champions,2022-10-07,2024-08-10,673,191.3454054054054,1.842573579739904,20.080609212481427,11527.0
CUST_01969,284,38,7136.89,3,5,5,355,Loyal Customers,2022-02-17,2024-03-23,765,187.8128947368421,2.0944558521560577,18.14313725490196,10222.55
CUST_01970,146,3,160.31,4,1,1,411,New Customers,2023-11-25,2024-08-08,257,53.43666666666667,0.70362765229295,4.2636186770428015,683.5
CUST_01971,495,9,1306.27,2,3,3,233,At Risk,2022-04-19,2023-08-25,493,145.14111111111112,1.3497604380561259,6.667849898580122,2903.34
CUST_01972,722,5,587.43,1,2,2,122,Hibernating,2022-04-12,2023-01-10,273,117.48599999999999,0.7474332648870636,6.68956043956044,2357.79
CUST_01973,752,2,174.99,1,1,1,111,Hibernating,2022-08-08,2022-12-11,125,87.495,0.34223134839151265,5.844,1533.96
CUST_01974,429,23,4515.47,2,5,5,255,Cannot Lose Them,2022-10-22,2023-10-30,373,196.32478260869567,1.0212183436002737,22.52211796246649,13264.95
CUST_01975,4,27,5437.23,5,5,5,555,Champions,2023-08-19,2024-12-28,497,201.37888888888887,1.3607118412046544,19.84255533199195,11987.62
CUST_01976,43,9,926.9,5,3,2,532,Potential Loyalists,2023-07-20,2024-11-19,488,102.98888888888888,1.3360711841204653,6.736168032786885,2081.25
CUST_01977,325,5,303.86,3,2,1,321,Need Attention,2023-05-10,2024-02-11,277,60.772000000000006,0.758384668035592,6.592960288808665,1202.0
CUST_01978,10,10,1153.93,5,3,3,533,Potential Loyalists,2024-01-03,2024-12-22,354,115.393,0.9691991786447639,10.317796610169491,3571.8
CUST_01979,5,6,1124.0,5,2,3,523,Potential Loyalists,2024-02-11,2024-12-27,320,187.33333333333334,0.8761122518822724,6.8484375,3848.82
CUST_01980,666,10,991.81,1,3,3,133,At Risk,2022-03-13,2023-03-07,359,99.181,0.9828884325804244,10.174094707520892,3027.23
CUST_01981,17,22,5026.33,5,5,5,555,Champions,2024-02-09,2024-12-15,310,228.46954545454545,0.8487337440109514,25.920967741935485,17766.46
CUST_01982,16,5,429.98,5,2,2,522,Potential Loyalists,2024-04-28,2024-12-16,232,85.99600000000001,0.6351813826146475,7.8717672413793105,2030.82
CUST_01983,24,10,1025.21,5,3,3,533,Potential Loyalists,2023-11-16,2024-12-08,388,102.521,1.0622861054072552,9.413659793814434,2895.29
CUST_01984,345,6,1442.44,2,2,3,223,Hibernating,2023-03-10,2024-01-22,318,240.40666666666667,0.8706365503080082,6.891509433962264,4970.29
CUST_01985,443,3,501.51,2,1,2,212,Hibernating,2023-02-09,2023-10-16,249,167.17,0.6817248459958932,4.400602409638554,2206.95
CUST_01986,236,3,158.26,3,1,1,311,Need Attention,2023-08-16,2024-05-10,268,52.75333333333333,0.7337440109514032,4.088619402985074,647.06
CUST_01987,22,19,4354.13,5,5,5,555,Champions,2024-02-24,2024-12-10,290,229.16473684210527,0.7939767282683093,23.930172413793105,16451.85
CUST_01988,22,15,2740.63,5,4,4,544,Champions,2023-04-13,2024-12-10,607,182.7086666666667,1.6618754277891854,9.025947281713345,4947.36
CUST_01989,661,2,318.62,1,1,1,111,Hibernating,2022-12-04,2023-03-12,98,159.31,0.2683093771389459,7.454081632653061,3562.53
CUST_01990,145,40,9181.29,4,5,5,455,Champions,2022-09-10,2024-08-09,699,229.53225000000003,1.9137577002053388,20.901287553648068,14392.56
CUST_01991,356,1,66.51,2,1,1,211,Hibernating,2024-01-11,2024-01-11,0,66.51,0.08213552361396304,12.175,2429.28
CUST_01992,214,6,1452.72,3,2,3,323,Need Attention,2023-05-30,2024-06-01,368,242.12,1.0075290896646132,5.955163043478262,4325.59
CUST_01993,495,7,1746.81,2,2,3,223,Hibernating,2022-07-18,2023-08-25,403,249.5442857142857,1.103353867214237,6.344292803970223,4749.55
CUST_01994,30,10,2586.55,5,3,4,534,Potential Loyalists,2023-12-07,2024-12-02,361,258.65500000000003,0.9883641341546886,10.117728531855956,7851.0
CUST_01995,195,5,869.76,3,2,2,322,Need Attention,2023-12-02,2024-06-20,201,173.952,0.5503080082135524,9.085820895522387,4741.49
CUST_01996,241,17,3661.29,3,4,5,345,Loyal Customers,2022-04-11,2024-05-05,755,215.37,2.0670773442847366,8.224172185430463,5313.72
CUST_01997,83,8,1233.78,4,3,3,433,Potential Loyalists,2023-07-19,2024-10-10,449,154.2225,1.2292950034223136,6.507795100222717,3010.95
CUST_01998,553,11,1911.94,1,4,4,144,Cannot Lose Them,2022-06-07,2023-06-28,386,173.81272727272727,1.056810403832991,10.408678756476684,5427.48
CUST_01999,559,12,4122.68,1,4,5,145,Cannot Lose Them,2022-02-05,2023-06-22,502,343.5566666666667,1.374401095140315,8.731075697211155,8998.86
CUST_02000,427,18,3071.7000000000003,2,5,4,254,Cannot Lose Them,2022-02-01,2023-11-01,638,170.65,1.7467488021902806,10.304858934169278,5275.57
CUST_02001,60,7,1091.09,4,2,3,423,Potential Loyalists,2023-10-09,2024-11-02,390,155.86999999999998,1.0677618069815196,6.55576923076923,3065.54
CUST_02002,79,10,880.36,4,3,2,432,Potential Loyalists,2023-03-22,2024-10-14,572,88.036,1.566050650239562,6.385489510489511,1686.46
CUST_02003,438,2,145.24,2,1,1,211,Hibernating,2023-05-31,2023-10-21,143,72.62,0.3915126625598905,5.108391608391608,1112.91
CUST_02004,568,3,210.79,1,1,1,111,Hibernating,2022-10-16,2023-06-13,240,70.26333333333334,0.6570841889117043,4.565625,962.39
CUST_02005,344,18,2396.13,2,5,4,254,Cannot Lose Them,2022-04-09,2024-01-23,654,133.11833333333334,1.7905544147843941,10.052752293577981,4014.62
CUST_02006,432,14,1890.98,2,4,4,244,Cannot Lose Them,2022-04-11,2023-10-27,564,135.07,1.5441478439425051,9.066489361702127,3673.83
CUST_02007,471,17,3350.92,2,4,4,244,Cannot Lose Them,2022-12-09,2023-09-18,283,197.1129411764706,0.7748117727583846,21.940812720848058,12974.45
CUST_02008,145,10,1528.97,4,3,3,433,Potential Loyalists,2023-03-05,2024-08-09,523,152.897,1.431895961670089,6.983747609942639,3203.38
CUST_02009,195,8,1101.96,3,3,3,333,Need Attention,2023-10-11,2024-06-20,253,137.745,0.6926762491444216,11.549407114624506,4772.62
CUST_02010,411,4,376.15999999999997,2,2,1,221,Hibernating,2023-06-05,2023-11-17,165,94.03999999999999,0.4517453798767967,8.854545454545455,2498.04
CUST_02011,12,6,1627.1799999999998,5,2,3,523,Potential Loyalists,2024-02-01,2024-12-20,323,271.19666666666666,0.8843258042436687,6.78482972136223,5520.07
CUST_02012,191,9,1755.32,3,3,3,333,Need Attention,2022-12-18,2024-06-24,554,195.03555555555556,1.516769336071184,5.933664259927798,3471.83
CUST_02013,267,4,418.66,3,2,2,322,Need Attention,2023-09-13,2024-04-09,209,104.665,0.5722108145106092,6.990430622009569,2194.96
CUST_02014,31,10,1413.87,5,3,3,533,Potential Loyalists,2024-01-01,2024-12-01,335,141.387,0.917180013689254,10.902985074626866,4624.62
CUST_02015,371,3,415.94,2,1,2,212,Hibernating,2023-02-18,2023-12-27,312,138.64666666666668,0.8542094455852156,3.512019230769231,1460.79
CUST_02016,101,7,830.56,4,2,2,422,Potential Loyalists,2023-11-05,2024-09-22,322,118.65142857142857,0.8815879534565366,7.940217391304348,2826.35
CUST_02017,84,5,708.28,4,2,2,422,Potential Loyalists,2024-01-29,2024-10-09,254,141.656,0.6954140999315537,7.18996062992126,3055.5
CUST_02018,403,2,111.5,2,1,1,211,Hibernating,2023-07-28,2023-11-25,120,55.75,0.32854209445585214,6.0875,1018.13
CUST_02019,652,23,8025.21,1,5,5,155,Cannot Lose Them,2022-02-25,2023-03-21,389,348.9221739130435,1.0650239561943875,21.595758354755784,22605.72
CUST_02020,346,35,6254.0599999999995,2,5,5,255,Cannot Lose Them,2022-04-22,2024-01-21,639,178.68742857142857,1.7494866529774127,20.00586854460094,10724.39
CUST_02021,368,22,6670.92,2,5,5,255,Cannot Lose Them,2023-02-03,2023-12-30,330,303.2236363636364,0.9034907597535934,24.35,22150.49
CUST_02022,98,6,1043.81,4,2,3,423,Potential Loyalists,2023-08-23,2024-09-25,399,173.96833333333333,1.0924024640657084,5.492481203007519,2866.55
CUST_02023,382,7,425.38,2,2,2,222,Hibernating,2022-10-18,2023-12-16,424,60.76857142857143,1.160848733744011,6.030070754716981,1099.32
CUST_02024,1,7,707.75,5,2,2,522,Potential Loyalists,2023-11-05,2024-12-31,422,101.10714285714286,1.1553730321697468,6.058649289099526,1837.72
CUST_02025,440,24,6079.8,2,5,5,255,Cannot Lose Them,2022-09-20,2023-10-19,394,253.32500000000002,1.0787132101300478,22.248730964467008,16908.48
CUST_02026,12,17,3484.58,5,4,5,545,Champions,2024-02-11,2024-12-20,313,204.97529411764705,0.8569472963723477,19.83785942492013,12198.81
CUST_02027,128,9,1235.8400000000001,4,3,3,433,Potential Loyalists,2023-04-01,2024-08-26,513,137.31555555555556,1.404517453798768,6.407894736842105,2639.71
CUST_02028,666,4,265.82,1,2,1,121,Hibernating,2022-07-12,2023-03-07,238,66.455,0.6516084873374401,6.1386554621848735,1223.83
CUST_02029,70,12,2037.73,4,4,4,444,Champions,2023-08-15,2024-10-23,435,169.81083333333333,1.1909650924024642,10.075862068965517,5132.97
CUST_02030,175,10,1218.6399999999999,4,3,3,433,Potential Loyalists,2022-12-27,2024-07-10,561,121.86399999999999,1.5359342915811087,6.510695187165775,2380.26
CUST_02031,22,10,1178.97,5,3,3,533,Potential Loyalists,2023-04-05,2024-12-10,615,117.897,1.6837782340862424,5.939024390243902,2100.58
CUST_02032,74,39,8770.74,4,5,5,455,Champions,2023-01-24,2024-10-19,634,224.89076923076922,1.7357973990417521,22.468059936908517,15158.58
CUST_02033,27,14,1257.73,5,4,3,543,Loyal Customers,2023-06-05,2024-12-05,549,89.83785714285715,1.5030800821355237,9.314207650273223,2510.31
CUST_02034,225,9,1714.32,3,3,3,333,Need Attention,2023-01-01,2024-05-21,506,190.48,1.3853524982888432,6.496541501976285,3712.38
CUST_02035,59,13,1945.61,4,4,4,444,Champions,2023-07-28,2024-11-03,464,149.66230769230768,1.270362765229295,10.233297413793103,4594.62
CUST_02036,288,12,2282.03,3,4,4,344,Loyal Customers,2022-11-28,2024-03-19,477,190.16916666666668,1.3059548254620124,9.18867924528302,5242.21
CUST_02037,439,12,1609.8600000000001,2,4,3,243,Loyal Customers,2022-08-08,2023-10-20,438,134.155,1.1991786447638604,10.006849315068493,4027.41
CUST_02038,192,7,746.94,3,2,2,322,Need Attention,2023-07-07,2024-06-23,352,106.7057142857143,0.9637234770704997,7.263494318181818,2325.17
CUST_02039,48,12,2009.87,4,4,4,444,Champions,2023-09-20,2024-11-14,421,167.48916666666665,1.1526351813826146,10.410926365795726,5231.15
CUST_02040,492,26,5099.96,2,5,5,255,Cannot Lose Them,2022-04-27,2023-08-28,488,196.1523076923077,1.3360711841204653,19.460040983606557,11451.4
CUST_02041,64,8,1326.4299999999998,4,3,3,433,Potential Loyalists,2023-07-24,2024-10-29,463,165.80374999999998,1.267624914442163,6.311015118790497,3139.17
CUST_02042,345,1,56.19,2,1,1,211,Hibernating,2024-01-22,2024-01-22,0,56.19,0.08213552361396304,12.175,2052.34
CUST_02043,6,18,3704.86,5,5,5,555,Champions,2024-02-20,2024-12-26,310,205.82555555555555,0.8487337440109514,21.208064516129035,13095.48
CUST_02044,785,2,149.03,1,1,1,111,Hibernating,2022-07-02,2022-11-08,129,74.515,0.3531827515400411,5.662790697674418,1265.89
CUST_02045,976,1,128.62,1,1,1,111,Hibernating,2022-05-01,2022-05-01,0,128.62,0.08213552361396304,12.175,4697.85
CUST_02046,3,29,4512.14,5,5,5,555,Champions,2023-06-16,2024-12-29,562,155.59103448275863,1.538672142368241,18.847419928825623,8797.47
CUST_02047,647,3,340.1,1,1,1,111,Hibernating,2022-05-26,2023-03-26,304,113.36666666666667,0.8323066392881588,3.604440789473684,1225.87
CUST_02048,489,12,1400.97,2,4,3,243,Loyal Customers,2022-06-21,2023-08-31,436,116.7475,1.1937029431895962,10.052752293577981,3520.9
CUST_02049,259,6,970.68,3,2,2,322,Need Attention,2023-05-11,2024-04-17,342,161.78,0.9363449691991786,6.407894736842105,3110.01
CUST_02050,482,1,166.16,2,1,1,211,Hibernating,2023-09-07,2023-09-07,0,166.16,0.08213552361396304,12.175,6068.99
CUST_02051,474,9,2593.9,2,3,4,234,Cannot Lose Them,2022-12-21,2023-09-15,268,288.2111111111111,0.7337440109514032,12.265858208955223,10605.47
CUST_02052,166,18,4477.88,4,5,5,455,Champions,2022-10-16,2024-07-19,642,248.7711111111111,1.757700205338809,10.240654205607477,7642.74
CUST_02053,45,14,2235.95,4,4,4,444,Champions,2023-07-28,2024-11-17,478,159.71071428571426,1.3086926762491444,10.697698744769875,5125.61
CUST_02054,351,26,5194.33,2,5,5,255,Cannot Lose Them,2022-11-28,2024-01-16,414,199.78192307692308,1.1334702258726899,22.93840579710145,13748.04
CUST_02055,67,6,656.5,4,2,2,422,Potential Loyalists,2023-12-24,2024-10-26,307,109.41666666666667,0.840520191649555,7.138436482084691,2343.19
CUST_02056,6,18,3745.84,5,5,5,555,Champions,2024-02-10,2024-12-26,320,208.10222222222222,0.8761122518822724,20.5453125,12826.58
CUST_02057,29,2,202.57,5,1,1,511,New Customers,2024-06-11,2024-12-03,175,101.285,0.4791238877481177,4.174285714285714,1268.38
CUST_02058,565,3,396.37,1,1,2,112,Hibernating,2022-12-03,2023-06-16,195,132.12333333333333,0.5338809034907598,5.619230769230769,2227.29
CUST_02059,581,18,2596.11,1,5,4,154,Cannot Lose Them,2022-06-23,2023-05-31,342,144.22833333333335,0.9363449691991786,19.223684210526315,8317.8
CUST_02060,601,8,1147.23,1,3,3,133,At Risk,2022-07-16,2023-05-11,299,143.40375,0.8186173853524983,9.77257525083612,4204.27
CUST_02061,7,10,1835.96,5,3,4,534,Potential Loyalists,2023-04-01,2024-12-25,634,183.596,1.7357973990417521,5.761041009463723,3173.11
CUST_02062,339,16,4414.2,2,4,5,245,Cannot Lose Them,2023-04-30,2024-01-28,273,275.8875,0.7474332648870636,21.40659340659341,17717.43
CUST_02063,503,2,267.65999999999997,2,1,1,211,Hibernating,2023-03-19,2023-08-17,151,133.82999999999998,0.4134154688569473,4.837748344370861,1942.31
CUST_02064,162,9,935.48,4,3,2,432,Potential Loyalists,2023-04-15,2024-07-23,465,103.94222222222223,1.273100616016427,7.069354838709677,2204.41
CUST_02065,4,11,1430.31,5,4,3,543,Loyal Customers,2024-01-19,2024-12-28,344,130.02818181818182,0.9418206707734429,11.679505813953488,4555.99
CUST_02066,867,1,67.11,1,1,1,111,Hibernating,2022-08-18,2022-08-18,0,67.11,0.08213552361396304,12.175,2451.19
CUST_02067,311,7,521.95,3,2,2,322,Need Attention,2023-01-30,2024-02-25,391,74.56428571428572,1.0704996577686516,6.539002557544757,1462.73
CUST_02068,266,18,3787.69,3,5,5,355,Loyal Customers,2022-05-30,2024-04-10,681,210.4272222222222,1.864476386036961,9.65418502202643,6094.51
CUST_02069,550,3,187.46,1,1,1,111,Hibernating,2022-12-23,2023-07-01,190,62.48666666666667,0.5201916495550992,5.767105263157895,1081.1
CUST_02070,10,39,7280.62,5,5,5,555,Champions,2023-01-19,2024-12-22,703,186.6825641025641,1.9247091033538672,20.26280227596017,11348.14
CUST_02071,589,23,5482.37,1,5,5,155,Cannot Lose Them,2022-04-16,2023-05-23,402,238.36391304347825,1.1006160164271048,20.89738805970149,14943.55
CUST_02072,259,9,1401.47,3,3,3,333,Need Attention,2022-11-05,2024-04-17,529,155.7188888888889,1.4483230663928817,6.2140831758034025,2902.95
CUST_02073,240,21,4464.58,3,5,5,355,Loyal Customers,2023-05-13,2024-05-06,359,212.5990476190476,0.9828884325804244,21.365598885793872,13626.92
CUST_02074,7,7,607.28,5,2,2,522,Potential Loyalists,2024-01-16,2024-12-25,344,86.75428571428571,0.9418206707734429,7.432412790697674,1934.38
CUST_02075,689,2,263.26,1,1,1,111,Hibernating,2022-10-11,2023-02-12,124,131.63,0.3394934976043806,5.891129032258064,2326.35
CUST_02076,290,9,2002.6,3,3,4,334,Need Attention,2023-01-06,2024-03-17,436,222.5111111111111,1.1937029431895962,7.539564220183486,5032.91
CUST_02077,253,3,303.45000000000005,3,1,1,311,Need Attention,2023-06-06,2024-04-23,322,101.15000000000002,0.8815879534565366,3.402950310559006,1032.63
CUST_02078,543,7,1078.3899999999999,1,2,3,123,Hibernating,2022-06-25,2023-07-08,378,154.05571428571426,1.0349075975359343,6.763888888888888,3126.05
CUST_02079,825,1,59.18,1,1,1,111,Hibernating,2022-09-29,2022-09-29,0,59.18,0.08213552361396304,12.175,2161.55
CUST_02080,14,10,1505.94,5,3,3,533,Potential Loyalists,2024-01-17,2024-12-18,336,150.594,0.919917864476386,10.870535714285715,4911.11
CUST_02081,171,35,6953.81,4,5,5,455,Champions,2022-12-23,2024-07-14,569,198.68028571428573,1.5578370978781657,22.467047451669593,13391.28
CUST_02082,521,8,538.31,1,3,2,132,At Risk,2022-12-13,2023-07-30,229,67.28875,0.6269678302532512,12.759825327510917,2575.78
CUST_02083,375,8,1556.3,2,3,3,233,At Risk,2022-09-24,2023-12-23,455,194.5375,1.2457221081451062,6.421978021978021,3747.95
CUST_02084,28,10,1664.05,5,3,3,533,Potential Loyalists,2024-01-24,2024-12-04,315,166.405,0.8624229979466119,11.595238095238095,5788.52
CUST_02085,876,2,93.77,1,1,1,111,Hibernating,2022-03-24,2022-08-09,138,46.885,0.37782340862423,5.293478260869565,744.55
CUST_02086,291,17,3214.09,3,4,4,344,Loyal Customers,2022-08-17,2024-03-16,577,189.06411764705882,1.5797399041752225,10.761265164644714,6103.71
CUST_02087,414,1,291.56,2,1,1,211,Hibernating,2023-11-14,2023-11-14,0,291.56,0.08213552361396304,12.175,10649.23
CUST_02088,256,13,2232.11,3,4,4,344,Loyal Customers,2023-01-24,2024-04-20,452,171.70076923076925,1.2375085557837098,10.504977876106194,5411.14
CUST_02089,191,20,4136.67,3,5,5,355,Loyal Customers,2022-05-02,2024-06-24,784,206.83350000000002,2.1464750171115674,9.317602040816327,5781.58
CUST_02090,1,32,6614.57,5,5,5,555,Champions,2023-03-30,2024-12-31,642,206.7053125,1.757700205338809,18.205607476635514,11289.59
CUST_02091,355,8,1180.92,2,3,3,233,At Risk,2023-04-18,2024-01-12,269,147.615,0.7364818617385352,10.862453531598513,4810.38
CUST_02092,279,7,860.0999999999999,3,2,2,322,Need Attention,2023-04-13,2024-03-28,350,122.87142857142855,0.9582477754962354,7.305000000000001,2692.73
CUST_02093,379,16,2418.63,2,4,4,244,Cannot Lose Them,2022-04-15,2023-12-19,613,151.164375,1.678302532511978,9.533442088091354,4323.35
CUST_02094,468,7,644.0799999999999,2,2,2,222,Hibernating,2022-09-23,2023-09-21,363,92.01142857142857,0.9938398357289527,7.043388429752066,1944.22
CUST_02095,563,20,5214.15,1,5,5,155,Cannot Lose Them,2022-07-07,2023-06-18,346,260.7075,0.947296372347707,21.112716763005782,16512.73
CUST_02096,32,7,1149.96,5,2,3,523,Potential Loyalists,2023-10-26,2024-11-30,401,164.28,1.0978781656399725,6.3759351620947635,3142.32
CUST_02097,378,10,1715.87,2,3,3,233,At Risk,2022-12-08,2023-12-20,377,171.587,1.0321697467488022,9.688328912466844,4987.17
CUST_02098,279,8,584.21,3,3,2,332,Need Attention,2023-06-18,2024-03-28,284,73.02625,0.7775496235455168,10.288732394366196,2254.04
CUST_02099,459,5,433.65,2,2,2,222,Hibernating,2023-01-30,2023-09-30,243,86.72999999999999,0.6652977412731006,7.515432098765432,1955.44
CUST_02100,295,3,173.14,3,1,1,311,Need Attention,2023-05-12,2024-03-12,305,57.71333333333333,0.8350444900752909,3.592622950819672,622.03
CUST_02101,609,6,832.45,1,2,2,122,Hibernating,2022-06-11,2023-05-03,326,138.74166666666667,0.892539356605065,6.72239263803681,2798.03
CUST_02102,258,30,6264.0,3,5,5,355,Loyal Customers,2022-10-15,2024-04-18,551,208.8,1.5085557837097878,19.88656987295826,12456.95
CUST_02103,400,10,965.03,2,3,2,232,At Risk,2022-12-27,2023-11-28,336,96.503,0.919917864476386,10.870535714285715,3147.12
CUST_02104,7,19,2927.27,5,5,4,554,Champions,2024-02-17,2024-12-25,312,154.06684210526316,0.8542094455852156,22.24278846153846,10280.63
CUST_02105,37,7,763.4000000000001,5,2,2,522,Potential Loyalists,2023-11-13,2024-11-25,378,109.05714285714286,1.0349075975359343,6.763888888888888,2212.95
CUST_02106,768,5,594.8499999999999,1,2,2,122,Hibernating,2022-02-15,2022-11-25,283,118.96999999999998,0.7748117727583846,6.453180212014135,2303.2
CUST_02107,1,14,2711.32,5,4,4,544,Champions,2023-09-14,2024-12-31,474,193.6657142857143,1.297741273100616,10.787974683544304,6267.78
CUST_02108,29,14,1755.0500000000002,5,4,3,543,Loyal Customers,2023-06-04,2024-12-03,548,125.3607142857143,1.5003422313483916,9.331204379562044,3509.3
CUST_02109,428,17,4026.56,2,4,5,245,Cannot Lose Them,2022-03-14,2023-10-31,596,236.85647058823528,1.6317590691307324,10.418204697986576,7402.86
CUST_02110,444,31,7405.69,2,5,5,255,Cannot Lose Them,2022-03-14,2023-10-15,580,238.8932258064516,1.5879534565366187,19.52198275862069,13991.01
CUST_02111,19,5,942.5600000000001,5,2,2,522,Potential Loyalists,2024-03-10,2024-12-13,278,188.512,0.7611225188227242,6.569244604316546,3715.14
CUST_02112,105,10,3023.01,4,3,4,434,Potential Loyalists,2023-09-20,2024-09-18,364,302.30100000000004,0.9965776865160849,10.034340659340659,9100.17
CUST_02113,409,32,6750.86,2,5,5,255,Cannot Lose Them,2022-02-07,2023-11-19,650,210.964375,1.7796030116358659,17.981538461538463,11380.39
CUST_02114,423,4,589.25,2,2,2,222,Hibernating,2023-03-03,2023-11-05,247,147.3125,0.676249144421629,5.91497975708502,2614.05
CUST_02115,819,1,48.29,1,1,1,111,Hibernating,2022-10-05,2022-10-05,0,48.29,0.08213552361396304,12.175,1763.79
CUST_02116,88,11,1479.98,4,4,3,443,Loyal Customers,2023-06-23,2024-10-05,470,134.54363636363635,1.2867898699520877,8.548404255319149,3450.4
CUST_02117,1,28,5086.59,5,5,5,555,Champions,2023-07-25,2024-12-31,525,181.66392857142858,1.4373716632443532,19.48,10616.44
CUST_02118,2,20,4356.33,5,5,5,555,Champions,2023-12-09,2024-12-30,387,217.8165,1.0595482546201231,18.875968992248062,12334.49
CUST_02119,499,28,5578.97,2,5,5,255,Cannot Lose Them,2022-05-01,2023-08-21,477,199.2489285714286,1.3059548254620124,21.440251572327043,12815.84
CUST_02120,684,4,201.67000000000002,1,2,1,121,Hibernating,2022-07-30,2023-02-17,202,50.417500000000004,0.5530458590006845,7.232673267326732,1093.96
CUST_02121,183,30,5984.17,4,5,5,455,Champions,2023-01-26,2024-07-02,523,199.47233333333332,1.431895961670089,20.951242829827915,12537.58
CUST_02122,645,2,71.75999999999999,1,1,1,111,Hibernating,2022-12-28,2023-03-28,90,35.879999999999995,0.2464065708418891,8.116666666666667,873.68
CUST_02123,15,14,2068.32,5,4,4,544,Champions,2023-07-30,2024-12-17,506,147.73714285714286,1.3853524982888432,10.105731225296443,4478.98
CUST_02124,166,8,2137.94,4,3,4,434,Potential Loyalists,2023-09-23,2024-07-19,300,267.2425,0.8213552361396304,9.74,7808.83
CUST_02125,13,7,644.04,5,2,2,522,Potential Loyalists,2023-12-14,2024-12-19,371,92.00571428571428,1.0157426420260096,6.891509433962264,1902.17
CUST_02126,478,3,395.99999999999994,2,1,2,212,Hibernating,2022-12-16,2023-09-11,269,131.99999999999997,0.7364818617385352,4.073420074349443,1613.07
CUST_02127,539,30,7595.83,1,5,5,155,Cannot Lose Them,2022-04-04,2023-07-12,464,253.19433333333333,1.270362765229295,23.61530172413793,17937.78
CUST_02128,590,4,344.83000000000004,1,2,1,121,Hibernating,2022-11-20,2023-05-22,183,86.20750000000001,0.5010266940451745,7.983606557377049,2064.74
CUST_02129,553,1,19.4,1,1,1,111,Hibernating,2023-06-28,2023-06-28,0,19.4,0.08213552361396304,12.175,708.58
CUST_02130,50,2,290.21,4,1,1,411,New Customers,2024-07-14,2024-11-12,121,145.105,0.33127994524298426,6.037190082644628,2628.08
CUST_02131,438,1,84.18,2,1,1,211,Hibernating,2023-10-21,2023-10-21,0,84.18,0.08213552361396304,12.175,3074.67
CUST_02132,339,2,53.0,2,1,1,211,Hibernating,2023-08-23,2024-01-28,158,26.5,0.432580424366872,4.6234177215189876,367.56
CUST_02133,16,23,5344.55,5,5,5,555,Champions,2023-10-28,2024-12-16,415,232.3717391304348,1.136208076659822,20.242771084337353,14111.54
CUST_02134,198,7,964.44,3,2,2,322,Need Attention,2023-04-21,2024-06-17,423,137.77714285714288,1.158110882956879,6.044326241134751,2498.31
CUST_02135,82,17,5907.78,4,4,5,445,Champions,2023-12-23,2024-10-11,293,347.5164705882353,0.8021902806297057,21.1919795221843,22093.69
CUST_02136,2,11,1924.43,5,4,4,544,Champions,2023-12-05,2024-12-30,391,174.94818181818184,1.0704996577686516,10.275575447570333,5393.08
CUST_02137,23,15,2532.73,5,4,4,544,Champions,2023-07-02,2024-12-09,526,168.84866666666667,1.4401095140314852,10.415874524714829,5276.12
CUST_02138,410,2,643.51,2,1,2,212,Hibernating,2023-07-13,2023-11-18,128,321.755,0.35044490075290896,5.70703125,5508.8
CUST_02139,484,6,818.93,2,2,2,222,Hibernating,2022-09-23,2023-09-05,347,136.48833333333332,0.9500342231348392,6.315561959654178,2586.0
CUST_02140,645,20,3778.03,1,5,5,155,Cannot Lose Them,2022-05-31,2023-03-28,301,188.9015,0.8240930869267625,24.269102990033222,13753.41
CUST_02141,211,14,2692.58,3,4,4,344,Loyal Customers,2023-02-01,2024-06-04,489,192.32714285714286,1.3388090349075976,10.457055214723926,6033.53
CUST_02142,304,10,1236.68,3,3,3,333,Need Attention,2022-08-09,2024-03-03,572,123.668,1.566050650239562,6.385489510489511,2369.04
CUST_02143,463,5,744.99,2,2,2,222,Hibernating,2022-12-19,2023-09-26,281,148.998,0.7693360711841205,6.499110320284697,2905.06
CUST_02144,503,2,128.04,2,1,1,211,Hibernating,2023-03-05,2023-08-17,165,64.02,0.4517453798767967,4.427272727272728,850.3
CUST_02145,65,5,460.8,4,2,2,422,Potential Loyalists,2024-03-10,2024-10-28,232,92.16,0.6351813826146475,7.8717672413793105,2176.39
CUST_02146,52,9,793.77,4,3,2,432,Potential Loyalists,2023-12-14,2024-11-10,332,88.19666666666666,0.9089664613278576,9.901355421686747,2619.8
CUST_02147,18,5,1167.01,5,2,3,523,Potential Loyalists,2024-02-21,2024-12-14,297,233.402,0.813141683778234,6.1489898989899,4305.56
CUST_02148,617,21,5782.21,1,5,5,155,Cannot Lose Them,2022-05-24,2023-04-25,336,275.34333333333336,0.919917864476386,22.828125,18856.72
CUST_02149,9,28,6879.24,5,5,5,555,Champions,2023-09-06,2024-12-23,474,245.68714285714285,1.297741273100616,21.575949367088608,15902.8
CUST_02150,569,1,195.36,1,1,1,111,Hibernating,2023-06-12,2023-06-12,0,195.36,0.08213552361396304,12.175,7135.52
CUST_02151,336,3,565.55,3,1,2,312,Need Attention,2023-03-25,2024-01-31,312,188.51666666666665,0.8542094455852156,3.512019230769231,1986.22
CUST_02152,586,4,118.44999999999999,1,2,1,121,Hibernating,2022-10-19,2023-05-26,219,29.612499999999997,0.5995893223819302,6.671232876712328,592.66
CUST_02153,106,31,6856.42,4,5,5,455,Champions,2023-04-08,2024-09-17,528,221.17483870967743,1.4455852156057496,21.44460227272727,14229.02
CUST_02154,847,1,187.63,1,1,1,111,Hibernating,2022-09-07,2022-09-07,0,187.63,0.08213552361396304,12.175,6853.19
CUST_02155,505,32,7965.59,2,5,5,255,Cannot Lose Them,2022-02-12,2023-08-15,549,248.9246875,1.5030800821355237,21.2896174863388,15898.53
CUST_02156,41,6,1052.33,5,2,3,523,Potential Loyalists,2024-01-02,2024-11-21,324,175.38833333333332,0.8870636550308009,6.763888888888888,3558.92
CUST_02157,75,9,1025.05,4,3,3,433,Potential Loyalists,2023-03-21,2024-10-18,577,113.89444444444445,1.5797399041752225,5.6971403812824954,1946.62
CUST_02158,633,6,458.14,1,2,2,122,Hibernating,2022-04-15,2023-04-09,359,76.35666666666667,0.9828884325804244,6.104456824512535,1398.35
CUST_02159,388,14,3107.83,2,4,4,244,Cannot Lose Them,2022-07-27,2023-12-10,501,221.98785714285714,1.3716632443531827,10.206586826347307,6797.22
CUST_02160,231,10,1801.93,3,3,4,334,Need Attention,2023-04-13,2024-05-15,398,180.193,1.0896646132785763,9.17713567839196,4960.97
CUST_02161,59,3,341.68,4,1,1,411,New Customers,2024-02-21,2024-11-03,256,113.89333333333333,0.7008898015058179,4.2802734375,1462.48
CUST_02162,119,2,363.90999999999997,4,1,1,411,New Customers,2024-03-21,2024-09-04,167,181.95499999999998,0.45722108145106094,4.374251497005988,2387.75
CUST_02163,75,6,1070.3,4,2,3,423,Potential Loyalists,2023-12-22,2024-10-18,301,178.38333333333333,0.8240930869267625,7.280730897009966,3896.28
CUST_02164,739,3,214.13,1,1,1,111,Hibernating,2022-05-17,2022-12-24,221,71.37666666666667,0.6050650239561944,4.95814479638009,1061.69
CUST_02165,628,1,36.84,1,1,1,111,Hibernating,2023-04-14,2023-04-14,0,36.84,0.08213552361396304,12.175,1345.58
CUST_02166,156,18,3726.58,4,5,5,455,Champions,2022-08-21,2024-07-29,708,207.03222222222223,1.9383983572895278,9.286016949152541,5767.51
CUST_02167,600,7,654.9,1,2,2,122,Hibernating,2022-04-17,2023-05-12,390,93.55714285714285,1.0677618069815196,6.55576923076923,1840.02
CUST_02168,483,1,30.99,2,1,1,211,Hibernating,2023-09-06,2023-09-06,0,30.99,0.08213552361396304,12.175,1131.91
CUST_02169,597,13,2726.76,1,4,4,144,Cannot Lose Them,2022-03-15,2023-05-15,426,209.75076923076924,1.1663244353182751,11.14612676056338,7013.73
CUST_02170,123,17,3552.45,4,4,5,445,Champions,2022-11-25,2024-08-31,645,208.96764705882353,1.7659137577002053,9.626744186046512,6035.03
CUST_02171,660,3,334.81,1,1,1,111,Hibernating,2022-07-20,2023-03-13,236,111.60333333333334,0.6461327857631759,4.643008474576272,1554.53
CUST_02172,24,19,4202.06,5,5,5,555,Champions,2024-01-06,2024-12-08,337,221.16105263157897,0.9226557152635181,20.59272997032641,13662.93
CUST_02173,700,5,977.23,1,2,2,122,Hibernating,2022-06-26,2023-02-01,220,195.446,0.6023271731690623,8.301136363636363,4867.27
CUST_02174,207,4,411.5,3,2,2,322,Need Attention,2023-12-29,2024-06-08,162,102.875,0.44353182751540043,9.018518518518517,2783.34
CUST_02175,54,16,3359.7999999999997,4,4,4,444,Champions,2023-04-12,2024-11-08,576,209.98749999999998,1.5770020533880904,10.145833333333332,6391.49
CUST_02176,68,13,2746.5299999999997,4,4,4,444,Champions,2023-07-02,2024-10-25,481,211.27153846153846,1.3169062286105406,9.871621621621623,6256.78
CUST_02177,400,4,879.44,2,2,2,222,Hibernating,2023-05-30,2023-11-28,182,219.86,0.49828884325804246,8.027472527472527,5294.76
CUST_02178,459,8,1553.56,2,3,3,233,At Risk,2022-06-26,2023-09-30,461,194.195,1.2621492128678986,6.3383947939262475,3692.65
CUST_02179,193,3,200.29000000000002,3,1,1,311,Need Attention,2023-11-19,2024-06-22,216,66.76333333333334,0.5913757700205339,5.072916666666667,1016.05
CUST_02180,15,20,3377.63,5,5,4,554,Champions,2024-01-08,2024-12-17,344,168.88150000000002,0.9418206707734429,21.23546511627907,10758.83
CUST_02181,552,3,341.4,1,1,1,111,Hibernating,2022-12-31,2023-06-29,180,113.8,0.4928131416837782,6.0875,2078.27
CUST_02182,245,3,183.62,3,1,1,311,Need Attention,2023-10-06,2024-05-01,208,61.20666666666667,0.5694729637234771,5.268028846153846,967.32
CUST_02183,548,3,732.59,1,1,2,112,Hibernating,2022-11-30,2023-07-03,215,244.1966666666667,0.5886379192334018,5.096511627906977,3733.65
CUST_02184,8,9,1541.79,5,3,3,533,Potential Loyalists,2024-02-17,2024-12-24,311,171.31,0.8514715947980835,10.569935691318328,5432.21
CUST_02185,52,6,628.61,4,2,2,422,Potential Loyalists,2023-12-28,2024-11-10,318,104.76833333333333,0.8706365503080082,6.891509433962264,2166.04
CUST_02186,163,8,830.72,4,3,2,432,Potential Loyalists,2023-10-07,2024-07-22,289,103.84,0.7912388774811773,10.110726643598616,3149.69
CUST_02187,349,1,73.08,2,1,1,211,Hibernating,2024-01-18,2024-01-18,0,73.08,0.08213552361396304,12.175,2669.25
CUST_02188,297,19,3322.88,3,5,4,354,Loyal Customers,2022-06-14,2024-03-10,635,174.88842105263157,1.7385352498288844,10.928740157480314,5733.93
CUST_02189,80,7,1407.3,4,2,3,423,Potential Loyalists,2023-09-14,2024-10-13,395,201.04285714285714,1.08145106091718,6.472784810126583,3903.92
CUST_02190,180,19,2155.93,4,5,4,454,Champions,2022-07-21,2024-07-05,715,113.46999999999998,1.9575633127994525,9.705944055944055,3304.0
CUST_02191,527,5,606.39,1,2,2,122,Hibernating,2022-11-16,2023-07-24,250,121.27799999999999,0.6844626967830253,7.305000000000001,2657.81
CUST_02192,36,13,1754.07,5,4,3,543,Loyal Customers,2023-06-02,2024-11-26,543,134.92846153846153,1.486652977412731,8.744475138121548,3539.64
CUST_02193,242,10,1453.2199999999998,3,3,3,333,Need Attention,2023-05-15,2024-05-04,355,145.32199999999997,0.971937029431896,10.288732394366198,4485.54
CUST_02194,170,7,725.9,4,2,2,422,Potential Loyalists,2023-06-26,2024-07-15,385,103.7,1.054072553045859,6.640909090909091,2065.99
CUST_02195,313,7,702.5699999999999,3,2,2,322,Need Attention,2022-12-24,2024-02-23,426,100.36714285714285,1.1663244353182751,6.001760563380282,1807.14
CUST_02196,599,2,237.99,1,1,1,111,Hibernating,2023-03-05,2023-05-13,69,118.995,0.188911704312115,10.58695652173913,3779.38
CUST_02197,507,6,547.52,2,2,2,222,Hibernating,2022-09-15,2023-08-13,332,91.25333333333333,0.9089664613278576,6.600903614457831,1807.06
CUST_02198,339,3,400.35,2,1,2,212,Hibernating,2023-06-25,2024-01-28,217,133.45000000000002,0.5941136208076659,5.049539170506913,2021.58
CUST_02199,324,5,692.43,3,2,2,322,Need Attention,2023-06-01,2024-02-12,256,138.486,0.7008898015058179,7.1337890625,2963.79
CUST_02200,538,1,23.23,1,1,1,111,Hibernating,2023-07-13,2023-07-13,0,23.23,0.08213552361396304,12.175,848.48
CUST_02201,53,2,188.07999999999998,4,1,1,411,New Customers,2024-05-16,2024-11-09,177,94.03999999999999,0.48459958932238195,4.127118644067797,1164.34
CUST_02202,1,19,4059.28,5,5,5,555,Champions,2022-10-27,2024-12-31,796,213.6463157894737,2.1793292265571527,8.71827889447236,5587.88
CUST_02203,34,34,8427.36,5,5,5,555,Champions,2023-01-01,2024-11-28,697,247.86352941176472,1.9082819986310746,17.817073170731707,13248.61
CUST_02204,265,25,5284.24,3,5,5,355,Loyal Customers,2023-02-23,2024-04-11,413,211.3696,1.1307323750855578,22.109564164648912,14019.87
CUST_02205,55,6,672.28,4,2,2,422,Potential Loyalists,2023-10-07,2024-11-07,397,112.04666666666667,1.0869267624914443,5.520151133501259,1855.54
CUST_02206,499,23,6265.32,2,5,5,255,Cannot Lose Them,2022-06-20,2023-08-21,427,272.40521739130435,1.1690622861054072,19.673887587822016,16077.81
CUST_02207,250,18,2487.96,3,5,4,354,Loyal Customers,2023-05-29,2024-04-26,333,138.22,0.9117043121149897,19.743243243243246,8186.73
CUST_02208,158,39,9353.57,4,5,5,455,Champions,2022-08-23,2024-07-27,704,239.8351282051282,1.9274469541409993,20.234019886363637,14558.49
CUST_02209,594,2,214.0,1,1,1,111,Hibernating,2022-11-23,2023-05-18,176,107.0,0.48186173853524983,4.150568181818182,1332.33
CUST_02210,223,2,553.0899999999999,3,1,2,312,Need Attention,2023-12-06,2024-05-23,169,276.54499999999996,0.46269678302532513,4.322485207100591,3586.09
CUST_02211,141,4,619.63,4,2,2,422,Potential Loyalists,2024-01-29,2024-08-13,197,154.9075,0.5393566050650239,7.416243654822336,3446.5
CUST_02212,276,3,190.64,3,1,1,311,Need Attention,2023-09-26,2024-03-31,187,63.54666666666666,0.5119780971937029,5.8596256684491985,1117.08
CUST_02213,493,9,803.1800000000001,2,3,2,232,At Risk,2022-04-12,2023-08-27,502,89.24222222222222,1.374401095140315,6.548306772908366,1753.16
CUST_02214,33,5,272.81,5,2,1,521,Potential Loyalists,2024-03-28,2024-11-29,246,54.562,0.6735112936344969,7.423780487804878,1215.17
CUST_02215,750,1,291.95,1,1,1,111,Hibernating,2022-12-13,2022-12-13,0,291.95,0.08213552361396304,12.175,10663.47
CUST_02216,383,18,3332.18,2,5,4,254,Cannot Lose Them,2023-01-29,2023-12-15,320,185.1211111111111,0.8761122518822724,20.5453125,11410.11
CUST_02217,572,5,673.6500000000001,1,2,2,122,Hibernating,2022-11-12,2023-06-09,209,134.73000000000002,0.5722108145106092,8.738038277511961,3531.83
CUST_02218,594,25,4278.7699999999995,1,5,5,155,Cannot Lose Them,2022-02-12,2023-05-18,460,171.15079999999998,1.2594113620807665,19.85054347826087,10192.31
CUST_02219,395,1,95.63,2,1,1,211,Hibernating,2023-12-03,2023-12-03,0,95.63,0.08213552361396304,12.175,3492.89
CUST_02220,19,21,4386.599999999999,5,5,5,555,Champions,2024-01-23,2024-12-13,325,208.88571428571427,0.8898015058179329,23.60076923076923,14789.59
CUST_02221,29,19,2635.31,5,5,4,554,Champions,2024-01-18,2024-12-03,320,138.70052631578946,0.8761122518822724,21.68671875,9023.88
CUST_02222,399,7,1069.6200000000001,2,2,3,223,Hibernating,2022-11-10,2023-11-29,384,152.80285714285716,1.051334702258727,6.658203125,3052.18
CUST_02223,146,20,3598.4,4,5,5,455,Champions,2022-06-21,2024-08-08,779,179.92000000000002,2.132785763175907,9.377406931964055,5061.55
CUST_02224,281,22,5374.21,3,5,5,355,Loyal Customers,2023-02-08,2024-03-26,412,244.28227272727273,1.1279945242984257,19.50364077669903,14293.18
CUST_02225,235,2,46.32,3,1,1,311,Need Attention,2023-11-24,2024-05-11,169,23.16,0.46269678302532513,4.322485207100591,300.33
CUST_02226,280,8,1030.12,3,3,3,333,Need Attention,2022-10-19,2024-03-27,525,128.765,1.4373716632443532,5.565714285714286,2150.01
CUST_02227,166,5,378.31,4,2,1,421,Potential Loyalists,2023-12-04,2024-07-19,228,75.662,0.6242299794661191,8.009868421052632,1818.13
CUST_02228,702,1,77.29,1,1,1,111,Hibernating,2023-01-30,2023-01-30,0,77.29,0.08213552361396304,12.175,2823.02
CUST_02229,32,17,3193.24,5,4,4,544,Champions,2023-04-06,2024-11-30,604,187.8376470588235,1.6536618754277892,10.280215231788079,5793.03
CUST_02230,28,12,2309.82,5,4,4,544,Champions,2023-08-29,2024-12-04,463,192.485,1.267624914442163,9.466522678185745,5466.49
CUST_02231,607,4,567.13,1,2,2,122,Hibernating,2022-11-17,2023-05-05,169,141.7825,0.46269678302532513,8.644970414201183,3677.12
CUST_02232,167,10,1181.63,4,3,3,433,Potential Loyalists,2023-09-01,2024-07-18,321,118.16300000000001,0.8788501026694046,11.378504672897195,4033.55
CUST_02233,330,2,230.26000000000002,3,1,1,311,Need Attention,2023-10-18,2024-02-06,111,115.13000000000001,0.30390143737166325,6.581081081081081,2273.04
CUST_02234,69,9,921.54,4,3,2,432,Potential Loyalists,2023-03-17,2024-10-24,587,102.39333333333333,1.6071184120465434,5.600085178875639,1720.23
CUST_02235,452,9,1566.35,2,3,3,233,At Risk,2022-10-23,2023-10-07,349,174.0388888888889,0.9555099247091033,9.419054441260744,4917.85
CUST_02236,600,26,4701.59,1,5,5,155,Cannot Lose Them,2022-03-28,2023-05-12,410,180.83038461538462,1.1225188227241616,23.162195121951218,12565.29
CUST_02237,377,35,7238.26,2,5,5,255,Cannot Lose Them,2022-04-09,2023-12-21,621,206.80742857142857,1.700205338809035,20.58574879227053,12771.86
CUST_02238,930,1,133.06,1,1,1,111,Hibernating,2022-06-16,2022-06-16,0,133.06,0.08213552361396304,12.175,4860.02
CUST_02239,922,1,65.17,1,1,1,111,Hibernating,2022-06-24,2022-06-24,0,65.17,0.08213552361396304,12.175,2380.33
CUST_02240,288,25,4670.36,3,5,5,355,Loyal Customers,2023-01-04,2024-03-19,440,186.81439999999998,1.2046543463381245,20.75284090909091,11630.79
CUST_02241,37,4,336.41,5,2,1,521,Potential Loyalists,2024-04-12,2024-11-25,227,84.1025,0.621492128678987,6.436123348017621,1623.88
CUST_02242,173,3,318.33,4,1,1,411,New Customers,2023-11-21,2024-07-12,234,106.11,0.6406570841889117,4.682692307692308,1490.64
CUST_02243,23,7,982.29,5,2,3,523,Potential Loyalists,2024-03-02,2024-12-09,282,140.32714285714286,0.7720739219712526,9.066489361702127,3816.82
CUST_02244,177,20,3653.9700000000003,4,5,5,455,Champions,2022-06-06,2024-07-08,763,182.69850000000002,2.088980150581793,9.574049803407602,5247.49
CUST_02245,24,6,1293.7,5,2,3,523,Potential Loyalists,2024-02-08,2024-12-08,304,215.61666666666667,0.8323066392881588,7.208881578947368,4663.07
CUST_02246,21,25,6864.89,5,5,5,555,Champions,2023-09-11,2024-12-11,457,274.5956,1.2511978097193703,19.9808533916849,16459.96
CUST_02247,709,4,631.5500000000001,1,2,2,122,Hibernating,2022-06-28,2023-01-23,209,157.88750000000002,0.5722108145106092,6.990430622009569,3311.1
CUST_02248,438,16,2614.01,2,4,4,244,Cannot Lose Them,2022-03-02,2023-10-21,598,163.375625,1.6372347707049966,9.77257525083612,4789.8
CUST_02249,13,21,3715.6800000000003,5,5,5,555,Champions,2023-11-21,2024-12-19,394,176.93714285714287,1.0787132101300478,19.46763959390863,10333.65
CUST_02250,284,18,3130.59,3,5,4,354,Loyal Customers,2022-04-02,2024-03-23,721,173.92166666666668,1.9739904175222451,9.118585298196948,4757.76
CUST_02251,1,14,3276.89,5,4,4,544,Champions,2023-09-24,2024-12-31,464,234.0635714285714,1.270362765229295,11.020474137931034,7738.47
CUST_02252,575,5,857.56,1,2,2,122,Hibernating,2022-09-16,2023-06-06,263,171.512,0.7200547570157426,6.943916349809887,3572.89
CUST_02253,627,2,123.97,1,1,1,111,Hibernating,2023-01-29,2023-04-15,76,61.985,0.2080766598220397,9.611842105263158,1787.37
CUST_02254,194,8,1757.3600000000001,3,3,3,333,Need Attention,2023-08-14,2024-06-21,312,219.67000000000002,0.8542094455852156,9.365384615384615,6171.88
CUST_02255,22,19,3460.47,5,5,5,555,Champions,2024-01-19,2024-12-10,326,182.13,0.892539356605065,21.287576687116566,11631.32
CUST_02256,546,2,133.0,1,1,1,111,Hibernating,2023-04-28,2023-07-05,68,66.5,0.1861738535249829,10.742647058823529,2143.16
CUST_02257,284,2,94.67,3,1,1,311,Need Attention,2023-11-16,2024-03-23,128,47.335,0.35044490075290896,5.70703125,810.43
CUST_02258,50,14,1591.91,4,4,3,443,Loyal Customers,2023-08-12,2024-11-12,458,113.70785714285715,1.2539356605065024,11.164847161572052,3808.59
CUST_02259,235,27,7762.31,3,5,5,355,Loyal Customers,2023-01-25,2024-05-11,472,287.49296296296296,1.2922655715263518,20.89353813559322,18020.24
CUST_02260,93,32,7642.14,4,5,5,455,Champions,2023-03-07,2024-09-30,573,238.816875,1.568788501026694,20.397905759162306,14614.09
CUST_02261,720,19,4185.0,1,5,5,155,Cannot Lose Them,2022-02-11,2023-01-12,335,220.26315789473685,0.917180013689254,20.715671641791044,13688.7
CUST_02262,168,15,3070.0,4,4,4,444,Champions,2023-11-12,2024-07-17,248,204.66666666666666,0.6789869952087612,22.09173387096774,13564.32
CUST_02263,35,15,3424.5,5,4,5,545,Champions,2023-04-05,2024-11-27,602,228.3,1.648186173853525,9.100913621262459,6233.22
CUST_02264,2,14,2956.76,5,4,4,544,Champions,2023-07-26,2024-12-30,523,211.19714285714286,1.431895961670089,9.777246653919693,6194.78
CUST_02265,388,1,54.06,2,1,1,211,Hibernating,2023-12-10,2023-12-10,0,54.06,0.08213552361396304,12.175,1974.54
CUST_02266,8,8,907.57,5,3,2,532,Potential Loyalists,2024-03-21,2024-12-24,278,113.44625,0.7611225188227242,10.510791366906474,3577.23
CUST_02267,131,10,1798.28,4,3,3,433,Potential Loyalists,2023-03-22,2024-08-23,520,179.828,1.4236824093086926,7.024038461538462,3789.36
CUST_02268,129,18,5193.55,4,5,5,455,Champions,2023-11-28,2024-08-25,271,288.53055555555557,0.7419575633127995,24.260147601476014,20999.38
CUST_02269,505,7,663.34,2,2,2,222,Hibernating,2022-07-31,2023-08-15,380,94.76285714285714,1.0403832991101984,6.728289473684211,1912.78
CUST_02270,34,29,5903.09,5,5,5,555,Champions,2023-05-17,2024-11-28,561,203.5548275862069,1.5359342915811087,18.88101604278075,11529.97
CUST_02271,394,1,10.69,2,1,1,211,Hibernating,2023-12-04,2023-12-04,0,10.69,0.08213552361396304,12.175,390.45
CUST_02272,38,11,1558.17,5,4,3,543,Loyal Customers,2023-10-24,2024-11-24,397,141.6518181818182,1.0869267624914443,10.120277078085643,4300.67
CUST_02273,505,6,453.87,2,2,2,222,Hibernating,2022-08-25,2023-08-15,355,75.645,0.971937029431896,6.173239436619718,1400.92
CUST_02274,2,26,5334.78,5,5,5,555,Champions,2023-11-17,2024-12-30,409,205.18384615384613,1.1197809719370295,23.21882640586797,14292.38
CUST_02275,393,14,2694.61,2,4,4,244,Cannot Lose Them,2022-08-03,2023-12-05,489,192.47214285714287,1.3388090349075976,10.457055214723926,6038.08
CUST_02276,444,31,5023.99,2,5,5,255,Cannot Lose Them,2022-06-18,2023-10-15,484,162.0641935483871,1.325119780971937,23.394111570247933,11374.04
CUST_02277,15,16,2099.7200000000003,5,4,4,544,Champions,2023-04-18,2024-12-17,609,131.23250000000002,1.6673511293634498,9.596059113300493,3777.94
CUST_02278,149,9,1324.46,4,3,3,433,Potential Loyalists,2023-04-22,2024-08-05,471,147.16222222222223,1.2895277207392197,6.979299363057325,3081.27
CUST_02279,24,10,1899.73,5,3,4,534,Potential Loyalists,2023-04-25,2024-12-08,593,189.973,1.623545516769336,6.159359190556493,3510.34
CUST_02280,557,8,1097.08,1,3,3,133,At Risk,2022-03-29,2023-06-24,452,137.135,1.2375085557837098,6.464601769911504,2659.57
CUST_02281,76,12,2083.84,4,4,4,444,Champions,2023-09-10,2024-10-17,403,173.65333333333334,1.103353867214237,10.87593052109181,5665.92
CUST_02282,146,10,1101.34,4,3,3,433,Potential Loyalists,2023-02-04,2024-08-08,551,110.13399999999999,1.5085557837097878,6.628856624319419,2190.19
CUST_02283,230,17,2997.38,3,4,4,344,Loyal Customers,2022-08-17,2024-05-16,638,176.3164705882353,1.7467488021902806,9.732366771159874,5147.93
CUST_02284,189,34,7934.27,3,5,5,355,Loyal Customers,2022-10-11,2024-06-26,624,233.3608823529412,1.7084188911704312,19.901442307692307,13932.65
CUST_02285,629,2,357.55,1,1,1,111,Hibernating,2022-12-05,2023-04-13,129,178.775,0.3531827515400411,5.662790697674418,3037.1
CUST_02286,5,9,1707.83,5,3,3,533,Potential Loyalists,2023-09-27,2024-12-27,457,189.7588888888889,1.2511978097193703,7.1931072210065645,4094.87
CUST_02287,500,22,5605.53,2,5,5,255,Cannot Lose Them,2022-07-17,2023-08-20,399,254.79681818181817,1.0924024640657084,20.139097744360903,15394.13
CUST_02288,1002,1,74.79,1,1,1,111,Hibernating,2022-04-05,2022-04-05,0,74.79,0.08213552361396304,12.175,2731.7
CUST_02289,540,6,1231.95,1,2,3,123,Hibernating,2022-08-24,2023-07-11,321,205.32500000000002,0.8788501026694046,6.827102803738318,4205.32
CUST_02290,516,10,1632.42,2,3,3,233,At Risk,2022-06-23,2023-08-04,407,163.24200000000002,1.1143052703627652,8.974201474201475,4394.9
CUST_02291,33,17,3893.1200000000003,5,4,5,545,Champions,2023-04-29,2024-11-29,580,229.00705882352943,1.5879534565366187,10.705603448275863,7354.98
CUST_02292,21,33,8111.3,5,5,5,555,Champions,2023-03-30,2024-12-11,622,245.7969696969697,1.702943189596167,19.3782154340836,14289.32
CUST_02293,687,4,752.2800000000001,1,2,2,122,Hibernating,2022-08-04,2023-02-14,194,188.07000000000002,0.5311430527036276,7.530927835051547,4249.02
CUST_02294,721,5,658.2199999999999,1,2,2,122,Hibernating,2022-04-29,2023-01-11,257,131.64399999999998,0.70362765229295,7.10603112840467,2806.4
CUST_02295,173,16,2989.16,4,4,4,444,Champions,2023-11-16,2024-07-12,239,186.8225,0.6543463381245722,24.451882845188283,13704.49
CUST_02296,19,8,1709.73,5,3,3,533,Potential Loyalists,2024-03-21,2024-12-13,267,213.71625,0.731006160164271,10.943820224719103,7016.62
CUST_02297,186,7,1252.07,4,2,3,423,Potential Loyalists,2023-05-22,2024-06-29,404,178.86714285714285,1.106091718001369,6.328589108910891,3395.93
CUST_02298,363,19,3146.26,2,5,4,254,Cannot Lose Them,2023-02-25,2024-01-04,313,165.5926315789474,0.8569472963723477,22.171725239616613,11014.42
CUST_02299,182,9,1503.4,4,3,3,433,Potential Loyalists,2023-07-01,2024-07-03,368,167.04444444444445,1.0075290896646132,8.932744565217392,4476.5
CUST_02300,278,8,1773.57,3,3,3,333,Need Attention,2023-04-08,2024-03-29,356,221.69625,0.974674880219028,8.207865168539326,5458.96
CUST_02301,340,3,220.10999999999999,2,1,1,211,Hibernating,2023-03-24,2024-01-27,309,73.36999999999999,0.8459958932238193,3.546116504854369,780.54
CUST_02302,352,14,1823.47,2,4,4,244,Cannot Lose Them,2022-08-20,2024-01-15,513,130.24785714285716,1.404517453798768,9.967836257309942,3894.87
CUST_02303,333,37,9950.78,3,5,5,355,Loyal Customers,2022-03-06,2024-02-03,699,268.94,1.9137577002053388,19.333690987124463,15598.81
CUST_02304,559,26,4909.21,1,5,5,155,Cannot Lose Them,2022-03-23,2023-06-22,456,188.81576923076923,1.2484599589322383,20.825657894736842,11796.64
CUST_02305,531,13,2070.71,1,4,4,144,Cannot Lose Them,2022-04-06,2023-07-20,470,159.28538461538463,1.2867898699520877,10.102659574468085,4827.62
CUST_02306,306,5,652.6800000000001,3,2,2,322,Need Attention,2023-05-21,2024-03-01,285,130.536,0.7802874743326489,6.407894736842105,2509.38
CUST_02307,467,5,464.29,2,2,2,222,Hibernating,2023-01-25,2023-09-22,240,92.858,0.6570841889117043,7.609375,2119.77
CUST_02308,294,7,1452.23,3,2,3,323,Need Attention,2023-02-10,2024-03-13,397,207.46142857142857,1.0869267624914443,6.440176322418136,4008.26
CUST_02309,509,9,1562.1,2,3,3,233,At Risk,2022-04-04,2023-08-11,494,173.56666666666666,1.352498288843258,6.654352226720648,3464.92
CUST_02310,814,2,132.6,1,1,1,111,Hibernating,2022-07-30,2022-10-10,72,66.3,0.1971252566735113,10.145833333333332,2018.01
CUST_02311,406,2,96.55,2,1,1,211,Hibernating,2023-05-28,2023-11-22,178,48.275,0.487337440109514,4.103932584269663,594.35
CUST_02312,132,9,785.19,4,3,2,432,Potential Loyalists,2023-04-29,2024-08-22,481,87.24333333333334,1.3169062286105406,6.834199584199585,1788.72
CUST_02313,91,11,2614.23,4,4,4,444,Champions,2023-08-29,2024-10-02,400,237.65727272727273,1.0951403148528405,10.044375,7161.36
CUST_02314,840,1,21.51,1,1,1,111,Hibernating,2022-09-14,2022-09-14,0,21.51,0.08213552361396304,12.175,785.65
CUST_02315,154,10,1506.44,4,3,3,433,Potential Loyalists,2023-08-17,2024-07-31,349,150.644,0.9555099247091033,10.465616045845273,4729.75
CUST_02316,29,11,2690.91,5,4,4,544,Champions,2023-10-05,2024-12-03,425,244.62818181818182,1.163586584531143,9.453529411764706,6937.8
CUST_02317,119,15,3829.22,4,4,5,445,Champions,2023-11-14,2024-09-04,295,255.28133333333332,0.8076659822039699,18.572033898305083,14223.28
CUST_02318,338,38,6950.33,3,5,5,355,Loyal Customers,2022-03-16,2024-01-29,684,182.9034210526316,1.8726899383983573,20.291666666666668,11134.25
CUST_02319,424,5,248.38000000000002,2,2,1,221,Hibernating,2023-01-08,2023-11-04,300,49.676,0.8213552361396304,6.0875,907.21
CUST_02320,496,16,4213.4,2,4,5,245,Cannot Lose Them,2022-12-20,2023-08-24,247,263.3375,0.676249144421629,23.65991902834008,18691.63
CUST_02321,481,13,2642.5,2,4,4,244,Cannot Lose Them,2022-06-24,2023-09-08,441,203.26923076923077,1.2073921971252566,10.76700680272109,6565.8
CUST_02322,605,6,1160.63,1,2,3,123,Hibernating,2022-05-22,2023-05-07,350,193.43833333333336,0.9582477754962354,6.261428571428572,3633.6
CUST_02323,286,7,1100.62,3,2,3,323,Need Attention,2023-03-15,2024-03-21,372,157.23142857142855,1.0184804928131417,6.872983870967742,3241.95
CUST_02324,635,11,2443.06,1,4,4,144,Cannot Lose Them,2022-03-08,2023-04-07,395,222.09636363636363,1.08145106091718,10.171518987341774,6777.17
CUST_02325,240,17,2910.58,3,4,4,344,Loyal Customers,2022-10-03,2024-05-06,581,171.21058823529413,1.5906913073237507,10.687177280550776,5489.27
CUST_02326,238,39,6928.36,3,5,5,355,Loyal Customers,2022-06-28,2024-05-08,680,177.6502564102564,1.8617385352498288,20.948161764705883,11164.34
CUST_02327,335,2,87.49,3,1,1,311,Need Attention,2023-09-28,2024-02-01,126,43.745,0.34496919917864477,5.7976190476190474,760.85
CUST_02328,330,5,785.24,3,2,2,322,Need Attention,2023-05-05,2024-02-06,277,157.048,0.758384668035592,6.592960288808665,3106.23
CUST_02329,5,15,3212.32,5,4,4,544,Champions,2023-07-02,2024-12-27,544,214.15466666666669,1.4893908281998631,10.071231617647058,6470.4
CUST_02330,21,17,2907.16,5,4,4,544,Champions,2023-04-25,2024-12-11,596,171.00941176470587,1.6317590691307324,10.418204697986576,5344.83
CUST_02331,31,8,1236.67,5,3,3,533,Potential Loyalists,2024-01-29,2024-12-01,307,154.58375,0.840520191649555,9.517915309446254,4413.95
CUST_02332,86,22,6013.43,4,5,5,455,Champions,2023-11-18,2024-10-07,324,273.3377272727273,0.8870636550308009,24.800925925925924,20337.09
CUST_02333,3,6,719.86,5,2,2,522,Potential Loyalists,2024-01-03,2024-12-29,361,119.97666666666667,0.9883641341546886,6.070637119113573,2185.0
CUST_02334,54,5,802.57,4,2,2,422,Potential Loyalists,2024-02-19,2024-11-08,263,160.514,0.7200547570157426,6.943916349809887,3343.79
CUST_02335,124,9,1505.85,4,3,3,433,Potential Loyalists,2023-09-23,2024-08-30,342,167.31666666666666,0.9363449691991786,9.611842105263158,4824.66
CUST_02336,164,10,1300.53,4,3,3,433,Potential Loyalists,2023-08-14,2024-07-21,342,130.053,0.9363449691991786,10.679824561403509,4166.83
CUST_02337,246,15,1486.48,3,4,3,343,Loyal Customers,2022-08-28,2024-04-30,611,99.09866666666667,1.672826830937714,8.966857610474632,2665.81
CUST_02338,20,16,3420.07,5,4,5,545,Champions,2023-05-29,2024-12-12,563,213.754375,1.541409993155373,10.380106571936057,6656.38
CUST_02339,388,4,600.23,2,2,2,222,Hibernating,2023-06-13,2023-12-10,180,150.0575,0.4928131416837782,8.116666666666667,3653.9
CUST_02340,280,5,495.41999999999996,3,2,2,322,Need Attention,2023-08-02,2024-03-27,238,99.08399999999999,0.6516084873374401,7.673319327731092,2280.91
CUST_02341,423,9,1708.76,2,3,3,233,At Risk,2022-11-20,2023-11-05,350,189.86222222222221,0.9582477754962354,9.392142857142858,5349.64
CUST_02342,555,2,48.66,1,1,1,111,Hibernating,2023-03-25,2023-06-26,93,24.33,0.2546201232032854,7.854838709677419,573.32
CUST_02343,8,9,1932.64,5,3,4,534,Potential Loyalists,2024-01-11,2024-12-24,348,214.73777777777778,0.9527720739219713,9.446120689655173,6085.32
CUST_02344,464,25,6087.349999999999,2,5,5,255,Cannot Lose Them,2022-08-27,2023-09-25,394,243.49399999999997,1.0787132101300478,23.175761421319798,16929.48
CUST_02345,571,4,561.86,1,2,2,122,Hibernating,2022-12-19,2023-06-10,173,140.465,0.4736481861738535,8.445086705202312,3558.72
CUST_02346,40,12,2729.61,5,4,4,544,Champions,2023-10-02,2024-11-22,417,227.4675,1.1416837782340863,10.510791366906474,7172.59
CUST_02347,22,24,5355.82,5,5,5,555,Champions,2023-09-16,2024-12-10,451,223.15916666666666,1.2347707049965777,19.43680709534368,13012.51
CUST_02348,13,20,4179.29,5,5,5,555,Champions,2024-01-05,2024-12-19,349,208.9645,0.9555099247091033,20.931232091690546,13121.65
CUST_02349,630,5,360.64,1,2,1,121,Hibernating,2022-07-04,2023-04-12,282,72.128,0.7720739219712526,6.476063829787234,1401.32
CUST_02350,594,8,1016.6500000000001,1,3,3,133,At Risk,2022-08-14,2023-05-18,277,127.08125000000001,0.758384668035592,10.548736462093864,4021.64
CUST_02351,661,10,1092.21,1,3,3,133,At Risk,2022-03-27,2023-03-12,350,109.221,0.9582477754962354,10.435714285714287,3419.4
CUST_02352,28,15,2001.18,5,4,4,544,Champions,2023-05-08,2024-12-04,576,133.412,1.5770020533880904,9.51171875,3806.93
CUST_02353,19,11,2823.54,5,4,4,544,Champions,2023-09-23,2024-12-13,447,256.68545454545455,1.2238193018480492,8.988255033557047,6921.46
CUST_02354,348,13,2577.28,2,4,4,244,Cannot Lose Them,2022-12-12,2024-01-19,403,198.2523076923077,1.103353867214237,11.782258064516128,7007.58
CUST_02355,434,6,918.5,2,2,2,222,Hibernating,2022-11-23,2023-10-25,336,153.08333333333334,0.919917864476386,6.522321428571429,2995.38
CUST_02356,332,30,7898.47,3,5,5,355,Loyal Customers,2022-10-26,2024-02-04,466,263.2823333333333,1.2758384668035592,23.513948497854077,18572.42
CUST_02357,23,12,1857.65,5,4,4,544,Champions,2023-11-24,2024-12-09,381,154.80416666666667,1.0431211498973305,11.503937007874017,5342.57
CUST_02358,253,12,2674.53,3,4,4,344,Loyal Customers,2023-02-11,2024-04-23,437,222.87750000000003,1.1964407939767283,10.02974828375286,6706.22
CUST_02359,447,28,4885.47,2,5,5,255,Cannot Lose Them,2022-08-25,2023-10-12,413,174.48107142857143,1.1307323750855578,24.762711864406782,12961.87
CUST_02360,228,37,6835.56,3,5,5,355,Loyal Customers,2022-05-09,2024-05-18,740,184.74486486486487,2.026009582477755,18.2625,10121.71
CUST_02361,462,9,1419.8400000000001,2,3,3,233,At Risk,2022-04-09,2023-09-27,536,157.76000000000002,1.4674880219028064,6.132929104477611,2902.59
CUST_02362,161,9,979.17,4,3,2,432,Potential Loyalists,2023-03-01,2024-07-24,511,108.79666666666667,1.3990417522245038,6.432974559686889,2099.66
CUST_02363,156,8,609.81,4,3,2,432,Potential Loyalists,2023-06-17,2024-07-29,408,76.22625,1.1170431211498972,7.161764705882353,1637.74
CUST_02364,220,7,2225.2799999999997,3,2,4,324,Need Attention,2023-05-04,2024-05-26,388,317.8971428571428,1.0622861054072552,6.589561855670103,6284.41
CUST_02365,398,11,2577.02,2,4,4,244,Cannot Lose Them,2022-11-06,2023-11-30,389,234.27454545454546,1.0650239561943875,10.32840616966581,7259.05
CUST_02366,717,2,456.52000000000004,1,1,2,112,Hibernating,2022-10-31,2023-01-15,76,228.26000000000002,0.2080766598220397,9.611842105263158,6582.0
CUST_02367,660,6,1133.5,1,2,3,123,Hibernating,2022-05-18,2023-03-13,299,188.91666666666666,0.8186173853524983,7.329431438127091,4153.96
CUST_02368,135,18,2864.18,4,5,4,454,Champions,2022-12-24,2024-08-19,604,159.1211111111111,1.6536618754277892,10.884933774834437,5196.07
CUST_02369,296,9,2555.66,3,3,4,334,Need Attention,2022-08-19,2024-03-11,570,283.9622222222222,1.5605749486652978,5.7671052631578945,4912.92
CUST_02370,923,1,338.21,1,1,1,111,Hibernating,2022-06-23,2022-06-23,0,338.21,0.08213552361396304,12.175,12353.12
CUST_02371,34,12,1799.78,5,4,4,544,Champions,2023-08-23,2024-11-28,463,149.98166666666665,1.267624914442163,9.466522678185745,4259.41
CUST_02372,348,2,125.69000000000001,2,1,1,211,Hibernating,2023-09-21,2024-01-19,120,62.845000000000006,0.32854209445585214,6.0875,1147.71
CUST_02373,349,3,346.15,2,1,1,211,Hibernating,2023-04-18,2024-01-18,275,115.38333333333333,0.7529089664613279,3.9845454545454544,1379.25
CUST_02374,90,17,2956.98,4,4,4,444,Champions,2022-10-17,2024-10-03,717,173.94,1.9630390143737166,8.660041841004183,4518.98
CUST_02375,555,2,173.14000000000001,1,1,1,111,Hibernating,2023-03-27,2023-06-26,91,86.57000000000001,0.24914442162902123,8.027472527472527,2084.81
CUST_02376,50,23,4520.17,4,5,5,455,Champions,2023-10-08,2024-11-12,401,196.52913043478262,1.0978781656399725,20.949501246882793,12351.56
CUST_02377,320,10,1571.4,3,3,3,333,Need Attention,2022-09-06,2024-02-16,528,157.14000000000001,1.4455852156057496,6.917613636363636,3261.1
CUST_02378,349,1,100.01,2,1,1,211,Hibernating,2024-01-18,2024-01-18,0,100.01,0.08213552361396304,12.175,3652.87
CUST_02379,14,27,5226.42,5,5,5,555,Champions,2023-07-16,2024-12-18,521,193.57111111111112,1.4264202600958247,18.928502879078696,10992.03
CUST_02380,504,5,751.4000000000001,2,2,2,222,Hibernating,2022-11-30,2023-08-16,259,150.28000000000003,0.7091033538672142,7.051158301158301,3178.94
CUST_02381,782,2,266.65999999999997,1,1,1,111,Hibernating,2022-08-03,2022-11-11,100,133.32999999999998,0.2737850787132101,7.305000000000001,2921.93
CUST_02382,835,1,140.53,1,1,1,111,Hibernating,2022-09-19,2022-09-19,0,140.53,0.08213552361396304,12.175,5132.86
CUST_02383,555,26,6558.29,1,5,5,155,Cannot Lose Them,2022-03-18,2023-06-26,465,252.2419230769231,1.273100616016427,20.42258064516129,15454.29
CUST_02384,289,15,1689.56,3,4,3,343,Loyal Customers,2022-07-10,2024-03-18,617,112.63733333333333,1.6892539356605065,8.87965964343598,3000.54
CUST_02385,128,18,3093.37,4,5,4,454,Champions,2022-12-05,2024-08-26,630,171.8538888888889,1.7248459958932238,10.435714285714285,5380.25
CUST_02386,305,8,1262.3799999999999,3,3,3,333,Need Attention,2022-12-09,2024-03-02,449,157.79749999999999,1.2292950034223136,6.507795100222717,3080.74
CUST_02387,40,7,1567.04,5,2,3,523,Potential Loyalists,2023-11-11,2024-11-22,377,223.86285714285714,1.0321697467488022,6.78183023872679,4554.6
CUST_02388,5,19,4046.27,5,5,5,555,Champions,2024-01-27,2024-12-27,335,212.96157894736842,0.917180013689254,20.715671641791044,13234.93
CUST_02389,185,12,1500.0900000000001,4,4,3,443,Loyal Customers,2023-02-01,2024-06-30,515,125.00750000000001,1.4099931553730323,8.510679611650485,3191.7
CUST_02390,345,17,3429.4900000000002,2,4,5,245,Cannot Lose Them,2022-06-26,2024-01-22,575,201.73470588235296,1.5742642026009583,10.798695652173912,6535.42
CUST_02391,66,16,2435.47,4,4,4,444,Champions,2023-01-24,2024-10-27,642,152.216875,1.757700205338809,9.102803738317757,4156.8
CUST_02392,249,3,357.06,3,1,1,311,Need Attention,2023-08-17,2024-04-27,254,119.02,0.6954140999315537,4.3139763779527565,1540.35
CUST_02393,554,1,82.06,1,1,1,111,Hibernating,2023-06-27,2023-06-27,0,82.06,0.08213552361396304,12.175,2997.24
CUST_02394,196,7,1042.66,3,2,3,323,Need Attention,2023-06-06,2024-06-19,379,148.95142857142858,1.0376454483230664,6.746042216358839,3014.5
CUST_02395,397,7,627.54,2,2,2,222,Hibernating,2022-09-06,2023-12-01,451,89.64857142857143,1.2347707049965777,5.669068736141907,1524.67
CUST_02396,33,35,8100.74,5,5,5,555,Champions,2023-03-23,2024-11-29,617,231.4497142857143,1.6892539356605065,20.719205834683954,14386.36
CUST_02397,6,32,7494.8099999999995,5,5,5,555,Champions,2023-07-07,2024-12-26,538,234.21281249999998,1.4729637234770705,21.724907063197026,15264.75
CUST_02398,230,4,381.40999999999997,3,2,1,321,Need Attention,2023-11-02,2024-05-16,196,95.35249999999999,0.5366187542778919,7.454081632653061,2132.3
CUST_02399,645,2,193.35,1,1,1,111,Hibernating,2022-12-21,2023-03-28,97,96.675,0.2655715263518138,7.530927835051547,2184.16
CUST_02400,292,17,3554.26,3,4,5,345,Loyal Customers,2023-06-03,2024-03-15,286,209.07411764705884,0.783025325119781,21.710664335664337,13617.41
CUST_02401,596,2,73.67,1,1,1,111,Hibernating,2023-02-12,2023-05-16,93,36.835,0.2546201232032854,7.854838709677419,868.0
CUST_02402,26,17,2935.8199999999997,5,4,4,544,Champions,2023-05-05,2024-12-06,581,172.69529411764705,1.5906913073237507,10.687177280550776,5536.88
CUST_02403,639,3,157.45,1,1,1,111,Hibernating,2022-06-02,2023-04-03,305,52.48333333333333,0.8350444900752909,3.592622950819672,565.66
CUST_02404,391,38,6988.95,2,5,5,255,Cannot Lose Them,2022-01-22,2023-12-07,684,183.91973684210527,1.8726899383983573,20.291666666666668,11196.11
CUST_02405,876,1,142.72,1,1,1,111,Hibernating,2022-08-09,2022-08-09,0,142.72,0.08213552361396304,12.175,5212.85
CUST_02406,271,7,939.34,3,2,2,322,Need Attention,2023-02-01,2024-04-05,429,134.1914285714286,1.1745379876796715,5.959790209790209,2399.26
CUST_02407,57,4,811.8,4,2,2,422,Potential Loyalists,2024-04-02,2024-11-05,217,202.95,0.5941136208076659,6.732718894009217,4099.22
CUST_02408,662,2,81.78999999999999,1,1,1,111,Hibernating,2022-09-25,2023-03-11,167,40.894999999999996,0.45722108145106094,4.374251497005988,536.66
CUST_02409,26,12,2086.17,5,4,4,544,Champions,2023-08-30,2024-12-06,464,173.8475,1.270362765229295,9.446120689655173,4926.55
CUST_02410,354,17,3143.67,2,4,4,244,Cannot Lose Them,2023-04-21,2024-01-13,267,184.92176470588237,0.731006160164271,23.25561797752809,12901.41
CUST_02411,223,20,3165.15,3,5,4,354,Loyal Customers,2022-05-04,2024-05-23,750,158.2575,2.0533880903490758,9.74,4624.28
CUST_02412,150,18,2458.7,4,5,4,454,Champions,2022-06-12,2024-08-04,784,136.59444444444443,2.1464750171115674,8.385841836734693,3436.38
CUST_02413,401,2,204.39,2,1,1,211,Hibernating,2023-07-30,2023-11-27,120,102.195,0.32854209445585214,6.0875,1866.34
CUST_02414,47,8,1654.2399999999998,4,3,3,433,Potential Loyalists,2023-09-14,2024-11-15,428,206.77999999999997,1.1718001368925393,6.827102803738319,4235.12
CUST_02415,327,17,4918.58,3,4,5,345,Loyal Customers,2023-04-13,2024-02-09,302,289.32823529411763,0.8268309377138946,20.560430463576157,17846.14
CUST_02416,268,9,1465.1,3,3,3,333,Need Attention,2022-08-12,2024-04-08,605,162.7888888888889,1.6563997262149213,5.433471074380165,2653.53
CUST_02417,37,10,1661.03,5,3,3,533,Potential Loyalists,2023-12-08,2024-11-25,353,166.103,0.9664613278576317,10.347025495750708,5156.02
CUST_02418,641,1,93.92,1,1,1,111,Hibernating,2023-04-01,2023-04-01,0,93.92,0.08213552361396304,12.175,3430.43
CUST_02419,72,2,322.98,4,1,1,411,New Customers,2024-05-11,2024-10-21,163,161.49,0.4462696783025325,4.4815950920245395,2171.2
CUST_02420,535,1,140.27,1,1,1,111,Hibernating,2023-07-16,2023-07-16,0,140.27,0.08213552361396304,12.175,5123.36
CUST_02421,31,10,1770.89,5,3,3,533,Potential Loyalists,2023-03-24,2024-12-01,618,177.089,1.6919917864476386,5.910194174757281,3139.89
CUST_02422,346,5,625.85,2,2,2,222,Hibernating,2023-05-03,2024-01-21,263,125.17,0.7200547570157426,6.943916349809887,2607.51
CUST_02423,251,17,4155.72,3,4,5,345,Loyal Customers,2022-05-21,2024-04-25,705,244.45411764705884,1.9301848049281314,8.807446808510639,6459.05
CUST_02424,39,18,2317.08,5,5,4,554,Champions,2022-12-27,2024-11-23,697,128.72666666666666,1.9082819986310746,9.432568149210903,3642.67
CUST_02425,43,9,1219.12,5,3,3,533,Potential Loyalists,2023-05-31,2024-11-19,538,135.45777777777778,1.4729637234770705,6.110130111524164,2482.99
CUST_02426,200,10,1539.85,3,3,3,333,Need Attention,2023-01-05,2024-06-15,527,153.98499999999999,1.4428473648186173,6.930740037950665,3201.69
CUST_02427,649,8,1264.61,1,3,3,133,At Risk,2022-07-13,2023-03-24,254,158.07625,0.6954140999315537,11.503937007874017,5455.5
CUST_02428,582,1,247.66,1,1,1,111,Hibernating,2023-05-30,2023-05-30,0,247.66,0.08213552361396304,12.175,9045.78
CUST_02429,11,12,3201.74,5,4,4,544,Champions,2023-09-02,2024-12-21,476,266.81166666666667,1.3032169746748803,9.207983193277311,7370.39
CUST_02430,325,3,208.64000000000001,3,1,1,311,Need Attention,2023-06-29,2024-02-11,227,69.54666666666667,0.621492128678987,4.827092511013216,1007.12
CUST_02431,562,1,32.3,1,1,1,111,Hibernating,2023-06-19,2023-06-19,0,32.3,0.08213552361396304,12.175,1179.76
CUST_02432,245,9,1068.49,3,3,3,333,Need Attention,2023-07-27,2024-05-01,279,118.72111111111111,0.7638603696098563,11.78225806451613,4196.41
CUST_02433,481,8,1604.3899999999999,2,3,3,233,At Risk,2022-06-19,2023-09-08,446,200.54874999999998,1.2210814510609171,6.551569506726458,3941.73
CUST_02434,206,27,6430.57,3,5,5,355,Loyal Customers,2023-02-10,2024-06-09,485,238.16925925925923,1.3278576317590691,20.333505154639177,14528.45
CUST_02435,14,23,4110.55,5,5,5,555,Champions,2023-10-22,2024-12-18,423,178.7195652173913,1.158110882956879,19.859929078014183,10648.07
CUST_02436,73,8,730.21,4,3,2,432,Potential Loyalists,2023-07-04,2024-10-20,474,91.27625,1.297741273100616,6.1645569620253164,1688.03
CUST_02437,311,27,5016.84,3,5,5,355,Loyal Customers,2022-11-21,2024-02-25,461,185.8088888888889,1.2621492128678986,21.392082429501087,11924.52
CUST_02438,236,32,7161.45,3,5,5,355,Loyal Customers,2022-10-22,2024-05-10,566,223.7953125,1.5496235455167693,20.65017667844523,13864.24
CUST_02439,19,11,1764.44,5,4,3,543,Loyal Customers,2023-10-11,2024-12-13,429,160.40363636363637,1.1745379876796715,9.365384615384615,4506.73
CUST_02440,4,6,866.7599999999999,5,2,2,522,Potential Loyalists,2024-01-07,2024-12-28,356,144.45999999999998,0.974674880219028,6.155898876404494,2667.84
CUST_02441,921,1,106.58,1,1,1,111,Hibernating,2022-06-25,2022-06-25,0,106.58,0.08213552361396304,12.175,3892.83
CUST_02442,52,20,3908.27,4,5,5,455,Champions,2023-01-20,2024-11-10,660,195.4135,1.8069815195071868,11.068181818181818,6488.62
CUST_02443,492,18,3926.9,2,5,5,255,Cannot Lose Them,2022-10-01,2023-08-28,331,218.16111111111113,0.9062286105407256,19.862537764350453,12999.7
CUST_02444,704,4,526.65,1,2,2,122,Hibernating,2022-06-12,2023-01-28,230,131.6625,0.6297056810403833,6.352173913043479,2509.03
CUST_02445,501,15,2752.29,2,4,4,244,Cannot Lose Them,2022-02-09,2023-08-19,556,183.486,1.5222450376454484,9.85386690647482,5424.14
CUST_02446,478,9,1188.33,2,3,3,233,At Risk,2022-09-14,2023-09-11,362,132.03666666666666,0.9911019849418207,9.080801104972375,3597.0
CUST_02447,362,9,692.05,2,3,2,232,At Risk,2023-01-28,2024-01-05,342,76.89444444444445,0.9363449691991786,9.611842105263158,2217.29
CUST_02448,11,10,2477.08,5,3,4,534,Potential Loyalists,2023-11-28,2024-12-21,389,247.708,1.0650239561943875,9.389460154241645,6977.53
CUST_02449,831,1,65.12,1,1,1,111,Hibernating,2022-09-23,2022-09-23,0,65.12,0.08213552361396304,12.175,2378.51
CUST_02450,335,10,1250.65,3,3,3,333,Need Attention,2022-12-22,2024-02-01,406,125.06500000000001,1.111567419575633,8.996305418719212,3375.37
CUST_02451,36,7,1279.6200000000001,5,2,3,523,Potential Loyalists,2023-11-11,2024-11-26,381,182.80285714285716,1.0431211498973305,6.7106299212598435,3680.17
CUST_02452,487,17,3273.95,2,4,4,244,Cannot Lose Them,2022-11-27,2023-09-02,279,192.58529411764704,0.7638603696098563,22.25537634408602,12858.17
CUST_02453,376,4,512.0899999999999,2,2,2,222,Hibernating,2023-07-02,2023-12-22,173,128.02249999999998,0.4736481861738535,8.445086705202312,3243.48
CUST_02454,11,8,1024.1399999999999,5,3,3,533,Potential Loyalists,2024-03-06,2024-12-21,290,128.01749999999998,0.7939767282683093,10.075862068965519,3869.66
CUST_02455,59,5,273.19,4,2,1,421,Potential Loyalists,2024-03-01,2024-11-03,247,54.638,0.676249144421629,7.3937246963562755,1211.93
CUST_02456,860,2,39.839999999999996,1,1,1,111,Hibernating,2022-06-05,2022-08-25,81,19.919999999999998,0.22176591375770022,9.018518518518517,538.95
CUST_02457,660,1,88.67,1,1,1,111,Hibernating,2023-03-13,2023-03-13,0,88.67,0.08213552361396304,12.175,3238.67
CUST_02458,396,9,901.27,2,3,2,232,At Risk,2022-06-04,2023-12-02,546,100.14111111111112,1.4948665297741273,6.020604395604396,1808.73
CUST_02459,211,16,3454.9900000000002,3,4,5,345,Loyal Customers,2022-09-27,2024-06-04,616,215.93687500000001,1.6865160848733745,9.487012987012987,6145.79
CUST_02460,17,10,1444.0,5,3,3,533,Potential Loyalists,2024-02-08,2024-12-15,311,144.4,0.8514715947980835,11.744372990353698,5087.66
CUST_02461,49,8,766.03,4,3,2,432,Potential Loyalists,2023-07-25,2024-11-13,477,95.75375,1.3059548254620124,6.1257861635220126,1759.7
CUST_02462,11,18,2330.14,5,5,4,554,Champions,2024-02-20,2024-12-21,305,129.45222222222222,0.8350444900752909,21.555737704918034,8371.31
CUST_02463,629,10,2698.86,1,3,4,134,Cannot Lose Them,2022-03-14,2023-04-13,395,269.886,1.08145106091718,9.246835443037975,7486.77
CUST_02464,18,9,1009.52,5,3,3,533,Potential Loyalists,2023-11-15,2024-12-14,395,112.16888888888889,1.08145106091718,8.322151898734178,2800.46
CUST_02465,529,8,975.37,1,3,2,132,At Risk,2022-07-09,2023-07-22,378,121.92125,1.0349075975359343,7.73015873015873,2827.41
CUST_02466,318,7,921.47,3,2,2,322,Need Attention,2022-12-19,2024-02-18,426,131.63857142857142,1.1663244353182751,6.001760563380282,2370.19
CUST_02467,10,11,1511.97,5,4,3,543,Loyal Customers,2023-11-21,2024-12-22,397,137.4518181818182,1.0869267624914443,10.120277078085643,4173.15
CUST_02468,144,3,269.36,4,1,1,411,New Customers,2023-12-14,2024-08-10,240,89.78666666666668,0.6570841889117043,4.565625,1229.8
CUST_02469,602,4,993.46,1,2,3,123,Hibernating,2022-11-06,2023-05-10,185,248.365,0.5065023956194388,7.897297297297297,5884.24
CUST_02470,407,5,660.08,2,2,2,222,Hibernating,2023-02-04,2023-11-21,290,132.01600000000002,0.7939767282683093,6.297413793103448,2494.08
CUST_02471,297,30,7829.01,3,5,5,355,Loyal Customers,2022-09-17,2024-03-10,540,260.967,1.4784394250513346,20.291666666666668,15886.37
CUST_02472,88,5,820.51,4,2,2,422,Potential Loyalists,2024-01-31,2024-10-05,248,164.102,0.6789869952087612,7.36391129032258,3625.3
CUST_02473,241,12,1953.59,3,4,4,344,Loyal Customers,2023-01-03,2024-05-05,488,162.79916666666665,1.3360711841204653,8.981557377049182,4386.57
CUST_02474,64,7,852.39,4,2,2,422,Potential Loyalists,2023-10-12,2024-10-29,383,121.77,1.0485968514715949,6.675587467362924,2438.66
CUST_02475,26,9,694.89,5,3,2,532,Potential Loyalists,2024-02-21,2024-12-06,289,77.21,0.7912388774811773,11.374567474048442,2634.69
CUST_02476,1,29,5422.25,5,5,5,555,Champions,2023-07-08,2024-12-31,542,186.97413793103448,1.483915126625599,19.542896678966788,10962.05
CUST_02477,264,24,6085.28,3,5,5,355,Loyal Customers,2023-02-15,2024-04-12,422,253.5533333333333,1.1553730321697468,20.77251184834123,15800.82
CUST_02478,1,29,7754.51,5,5,5,555,Champions,2023-07-03,2024-12-31,547,267.3968965517241,1.4976043805612593,19.364259597806218,15533.83
CUST_02479,529,5,1412.88,1,2,3,123,Hibernating,2022-10-19,2023-07-22,276,282.576,0.75564681724846,6.616847826086957,5609.29
CUST_02480,342,17,2835.24,2,4,4,244,Cannot Lose Them,2022-05-30,2024-01-25,605,166.77882352941174,1.6563997262149213,10.263223140495867,5135.06
CUST_02481,25,9,809.97,5,3,2,532,Potential Loyalists,2023-08-04,2024-12-07,491,89.99666666666667,1.3442847364818618,6.695010183299389,1807.59
CUST_02482,744,4,406.95,1,2,2,122,Hibernating,2022-06-26,2022-12-19,176,101.7375,0.48186173853524983,8.301136363636363,2533.61
CUST_02483,199,19,3374.37,3,5,4,354,Loyal Customers,2022-07-23,2024-06-16,694,177.59842105263158,1.9000684462696784,9.999639769452449,5327.76
CUST_02484,240,12,1681.29,3,4,3,343,Loyal Customers,2023-03-05,2024-05-06,428,140.1075,1.1718001368925393,10.240654205607477,4304.38
CUST_02485,499,15,2811.41,2,4,4,244,Cannot Lose Them,2022-12-04,2023-08-21,260,187.42733333333334,0.7118412046543463,21.072115384615387,11848.47
CUST_02486,77,6,1102.65,4,2,3,423,Potential Loyalists,2023-12-07,2024-10-16,314,183.775,0.8596851471594799,6.979299363057325,3847.86
CUST_02487,306,8,1094.63,3,3,3,333,Need Attention,2022-11-25,2024-03-01,462,136.82875,1.264887063655031,6.324675324675324,2596.19
CUST_02488,40,5,422.01,5,2,2,522,Potential Loyalists,2024-03-20,2024-11-22,247,84.402,0.676249144421629,7.3937246963562755,1872.14
CUST_02489,9,8,1836.6599999999999,5,3,4,534,Potential Loyalists,2023-09-21,2024-12-23,459,229.58249999999998,1.2566735112936345,6.366013071895425,4384.58
CUST_02490,255,19,3903.33,3,5,5,355,Loyal Customers,2022-05-27,2024-04-21,695,205.43842105263158,1.9028062970568105,9.985251798561151,6154.06
CUST_02491,551,10,1996.83,1,3,4,134,Cannot Lose Them,2022-06-22,2023-06-30,373,199.683,1.0212183436002737,9.792225201072386,5866.02
CUST_02492,482,2,534.99,2,1,2,212,Hibernating,2023-06-29,2023-09-07,70,267.495,0.19164955509924708,10.435714285714287,8374.5
CUST_02493,428,25,5114.53,2,5,5,255,Cannot Lose Them,2022-07-14,2023-10-31,474,204.5812,1.297741273100616,19.264240506329116,11823.3
CUST_02494,570,4,814.79,1,2,2,122,Hibernating,2022-12-27,2023-06-11,166,203.6975,0.4544832306639288,8.801204819277109,5378.35
CUST_02495,7,8,1531.14,5,3,3,533,Potential Loyalists,2024-03-09,2024-12-25,291,191.3925,0.7967145790554415,10.041237113402062,5765.45
CUST_02496,412,32,4927.03,2,5,5,255,Cannot Lose Them,2022-04-21,2023-11-16,574,153.9696875,1.571526351813826,20.362369337979096,9405.56
CUST_02497,4,26,7894.530000000001,5,5,5,555,Champions,2023-09-26,2024-12-28,459,303.63576923076926,1.2566735112936345,20.68954248366013,18846.26
CUST_02498,423,8,1060.56,2,3,3,233,At Risk,2023-03-20,2023-11-05,230,132.57,0.6297056810403833,12.704347826086957,5052.65
CUST_02499,122,3,648.21,4,1,2,412,New Customers,2024-01-16,2024-09-01,229,216.07000000000002,0.6269678302532512,4.784934497816594,3101.64
CUST_02500,201,24,5129.62,3,5,5,355,Loyal Customers,2023-04-07,2024-06-14,434,213.73416666666665,1.1882272416153319,20.19815668202765,12951.11
CUST_02501,768,16,3686.18,1,4,5,145,Cannot Lose Them,2022-04-01,2022-11-25,238,230.38625,0.6516084873374401,24.554621848739494,16971.14
CUST_02502,424,33,6422.55,2,5,5,255,Cannot Lose Them,2022-03-25,2023-11-04,589,194.62272727272727,1.6125941136208077,20.463921901528014,11948.23
CUST_02503,189,9,1268.6200000000001,3,3,3,333,Need Attention,2023-09-19,2024-06-26,281,140.95777777777778,0.7693360711841205,11.698398576512455,4946.94
CUST_02504,528,2,743.45,1,1,2,112,Hibernating,2023-04-09,2023-07-23,105,371.725,0.2874743326488706,6.957142857142857,7758.43
CUST_02505,24,6,441.94,5,2,2,522,Potential Loyalists,2023-12-26,2024-12-08,348,73.65666666666667,0.9527720739219713,6.297413793103448,1391.54
CUST_02506,457,2,266.4,2,1,1,211,Hibernating,2023-05-14,2023-10-02,141,133.2,0.3860369609856263,5.180851063829787,2070.27
CUST_02507,62,12,2118.86,4,4,4,444,Champions,2023-07-19,2024-10-31,470,176.5716666666667,1.2867898699520877,9.325531914893617,4939.87
CUST_02508,415,3,372.46,2,1,1,211,Hibernating,2023-05-20,2023-11-13,177,124.15333333333332,0.48459958932238195,6.190677966101695,2305.78
CUST_02509,172,7,1132.3899999999999,4,2,3,423,Potential Loyalists,2023-05-20,2024-07-13,420,161.76999999999998,1.1498973305954825,6.0875,2954.32
CUST_02510,5,24,4600.08,5,5,5,555,Champions,2023-11-20,2024-12-27,403,191.67,1.103353867214237,21.75186104218362,12507.54
CUST_02511,222,1,125.03,3,1,1,311,Need Attention,2024-05-24,2024-05-24,0,125.03,0.08213552361396304,12.175,4566.72
CUST_02512,318,2,270.62,3,1,1,311,Need Attention,2023-12-14,2024-02-18,66,135.31,0.1806981519507187,11.068181818181817,4492.91
CUST_02513,2,32,7287.75,5,5,5,555,Champions,2023-04-18,2024-12-30,622,227.7421875,1.702943189596167,18.790996784565916,12838.51
CUST_02514,497,2,149.53,2,1,1,211,Hibernating,2023-04-28,2023-08-23,117,74.765,0.3203285420944558,6.2435897435897445,1400.41
CUST_02515,163,39,7352.59,4,5,5,455,Champions,2022-06-02,2024-07-22,781,188.52794871794873,2.138261464750171,18.23911651728553,10315.75
CUST_02516,81,14,3053.8799999999997,4,4,4,444,Champions,2023-05-18,2024-10-12,513,218.13428571428568,1.404517453798768,9.967836257309942,6522.98
CUST_02517,287,1,60.53,3,1,1,311,Need Attention,2024-03-20,2024-03-20,0,60.53,0.08213552361396304,12.175,2210.86
CUST_02518,325,11,2176.46,3,4,4,344,Loyal Customers,2023-02-17,2024-02-11,359,197.86,0.9828884325804244,11.19150417827298,6643.05
CUST_02519,146,3,193.46,4,1,1,411,New Customers,2023-11-17,2024-08-08,265,64.48666666666666,0.7255304585900069,4.134905660377358,799.94
CUST_02520,25,9,1202.71,5,3,3,533,Potential Loyalists,2023-07-09,2024-12-07,517,133.63444444444445,1.4154688569472964,6.358317214700193,2549.07
CUST_02521,166,3,344.03000000000003,4,1,1,411,New Customers,2023-12-03,2024-07-19,229,114.67666666666668,0.6269678302532512,4.784934497816594,1646.16
CUST_02522,788,4,327.31,1,2,1,121,Hibernating,2022-04-28,2022-11-05,191,81.8275,0.5229295003422314,7.649214659685863,1877.75
CUST_02523,136,15,2614.03,4,4,4,444,Champions,2023-12-07,2024-08-18,255,174.2686666666667,0.6981519507186859,21.485294117647058,11232.64
CUST_02524,339,6,960.9100000000001,2,2,2,222,Hibernating,2023-03-04,2024-01-28,330,160.15166666666667,0.9034907597535934,6.6409090909090915,3190.66
CUST_02525,616,11,1402.51,1,4,3,143,Loyal Customers,2022-03-26,2023-04-26,396,127.50090909090909,1.0841889117043122,10.145833333333332,3880.81
CUST_02526,678,3,201.94,1,1,1,111,Hibernating,2022-08-07,2023-02-23,200,67.31333333333333,0.5475701574264202,5.478750000000001,1106.38
CUST_02527,508,6,798.03,2,2,2,222,Hibernating,2022-10-22,2023-08-12,294,133.005,0.8049281314168378,7.454081632653061,2974.29
CUST_02528,7,23,3436.37,5,5,5,555,Champions,2023-10-01,2024-12-25,451,149.4073913043478,1.2347707049965777,18.626940133037692,8349.01
CUST_02529,832,1,77.93,1,1,1,111,Hibernating,2022-09-22,2022-09-22,0,77.93,0.08213552361396304,12.175,2846.39
CUST_02530,13,34,7358.889999999999,5,5,5,555,Champions,2023-04-28,2024-12-19,601,216.43794117647056,1.6454483230663928,20.663061564059902,13416.81
CUST_02531,16,30,6292.8,5,5,5,555,Champions,2023-06-25,2024-12-16,540,209.76000000000002,1.4784394250513346,20.291666666666668,12769.14
CUST_02532,169,11,1607.9,4,4,3,443,Loyal Customers,2023-06-25,2024-07-16,387,146.1727272727273,1.0595482546201231,10.381782945736434,4552.6
CUST_02533,341,8,1080.32,2,3,3,233,At Risk,2022-11-15,2024-01-26,437,135.04,1.1964407939767283,6.68649885583524,2708.83
CUST_02534,534,1,335.52,1,1,1,111,Hibernating,2023-07-17,2023-07-17,0,335.52,0.08213552361396304,12.175,12254.87
CUST_02535,6,11,2155.5299999999997,5,4,4,544,Champions,2023-12-28,2024-12-26,364,195.9572727272727,0.9965776865160849,11.037774725274724,6488.8
CUST_02536,161,6,840.04,4,2,2,422,Potential Loyalists,2023-08-10,2024-07-24,349,140.00666666666666,0.9555099247091033,6.2793696275071635,2637.46
CUST_02537,109,21,3926.81,4,5,5,455,Champions,2023-10-26,2024-09-14,324,186.99095238095236,0.8870636550308009,23.67361111111111,13280.25
CUST_02538,533,13,1873.63,1,4,4,144,Cannot Lose Them,2022-05-08,2023-07-18,436,144.12538461538463,1.1937029431895962,10.890481651376145,4708.78
CUST_02539,2,21,3334.72,5,5,4,554,Champions,2023-12-08,2024-12-30,388,158.79619047619047,1.0622861054072552,19.768685567010312,9417.58
CUST_02540,441,25,4543.34,2,5,5,255,Cannot Lose Them,2022-08-24,2023-10-18,420,181.7336,1.1498973305954825,21.74107142857143,11853.25
CUST_02541,452,6,752.41,2,2,2,222,Hibernating,2022-11-13,2023-10-07,328,125.40166666666666,0.8980150581793293,6.6814024390243905,2513.58
CUST_02542,346,8,1031.43,2,3,3,233,At Risk,2022-10-26,2024-01-21,452,128.92875,1.2375085557837098,6.464601769911504,2500.42
CUST_02543,6,20,4535.93,5,5,5,555,Champions,2024-01-26,2024-12-26,335,226.7965,0.917180013689254,21.80597014925373,14836.55
CUST_02544,415,23,6255.55,2,5,5,255,Cannot Lose Them,2022-09-11,2023-11-13,428,271.9804347826087,1.1718001368925393,19.627920560747665,16015.23
CUST_02545,58,6,899.7900000000001,4,2,2,422,Potential Loyalists,2023-11-18,2024-11-04,352,149.965,0.9637234770704997,6.2258522727272725,2800.98
CUST_02546,258,10,1067.44,3,3,3,333,Need Attention,2022-08-12,2024-04-18,615,106.744,1.6837782340862424,5.939024390243902,1901.87
CUST_02547,248,1,13.98,3,1,1,311,Need Attention,2024-04-28,2024-04-28,0,13.98,0.08213552361396304,12.175,510.62
CUST_02548,132,2,222.54000000000002,4,1,1,411,New Customers,2024-03-13,2024-08-22,162,111.27000000000001,0.44353182751540043,4.509259259259259,1505.24
CUST_02549,214,33,7893.48,3,5,5,355,Loyal Customers,2022-10-09,2024-06-01,601,239.19636363636363,1.6454483230663928,20.055324459234612,14391.48
CUST_02550,52,15,2847.1,4,4,4,444,Champions,2023-04-07,2024-11-10,583,189.80666666666667,1.596167008898015,9.397512864493997,5351.13
CUST_02551,21,6,861.6,5,2,2,522,Potential Loyalists,2023-12-01,2024-12-11,376,143.6,1.0294318959616702,5.82845744680851,2510.9
CUST_02552,124,7,976.31,4,2,2,422,Potential Loyalists,2023-06-28,2024-08-30,429,139.47285714285712,1.1745379876796715,5.959790209790209,2493.69
CUST_02553,481,9,1167.69,2,3,3,233,At Risk,2022-05-25,2023-09-08,471,129.74333333333334,1.2895277207392197,6.979299363057325,2716.55
CUST_02554,297,5,1023.86,3,2,3,323,Need Attention,2023-07-27,2024-03-10,227,204.772,0.621492128678987,8.045154185022026,4942.27
CUST_02555,22,6,957.06,5,2,2,522,Potential Loyalists,2024-01-03,2024-12-10,342,159.51,0.9363449691991786,6.407894736842105,3066.37
CUST_02556,449,4,525.65,2,2,2,222,Hibernating,2023-03-09,2023-10-10,215,131.4125,0.5886379192334018,6.795348837209302,2678.98
CUST_02557,195,22,4904.71,3,5,5,355,Loyal Customers,2023-05-18,2024-06-20,399,222.94136363636363,1.0924024640657084,20.139097744360903,13469.51
CUST_02558,52,5,282.2,4,2,1,421,Potential Loyalists,2024-02-18,2024-11-10,266,56.44,0.7282683093771389,6.8656015037593985,1162.48
CUST_02559,602,3,267.24,1,1,1,111,Hibernating,2022-07-24,2023-05-10,290,89.08,0.7939767282683093,3.778448275862069,1009.75
CUST_02560,115,15,2409.04,4,4,4,444,Champions,2023-04-04,2024-09-08,523,160.60266666666666,1.431895961670089,10.475621414913958,5047.24
CUST_02561,588,2,55.78,1,1,1,111,Hibernating,2023-02-22,2023-05-24,91,27.89,0.24914442162902123,8.027472527472527,671.66
CUST_02562,5,26,5354.82,5,5,5,555,Champions,2023-08-19,2024-12-27,496,205.95461538461538,1.3579739904175223,19.146169354838708,11829.73
CUST_02563,704,8,1717.91,1,3,3,133,At Risk,2022-05-24,2023-01-28,249,214.73875,0.6817248459958932,11.734939759036145,7559.84
CUST_02564,309,17,2660.34,3,4,4,344,Loyal Customers,2022-05-08,2024-02-27,660,156.49058823529413,1.8069815195071868,9.407954545454546,4416.77
CUST_02565,129,9,2623.64,4,3,4,434,Potential Loyalists,2023-10-04,2024-08-25,326,291.5155555555555,0.892539356605065,10.083588957055214,8818.57
CUST_02566,18,28,6069.9,5,5,5,555,Champions,2023-07-28,2024-12-14,505,216.78214285714284,1.3826146475017111,20.251485148514853,13170.48
CUST_02567,399,11,3017.9700000000003,2,4,4,244,Cannot Lose Them,2022-11-19,2023-11-29,375,274.3609090909091,1.0266940451745379,10.714,8818.51
CUST_02568,277,7,610.35,3,2,2,322,Need Attention,2023-01-05,2024-03-30,450,87.19285714285715,1.2320328542094456,5.681666666666667,1486.2
CUST_02569,106,13,1986.58,4,4,4,444,Champions,2023-04-21,2024-09-17,515,152.81384615384616,1.4099931553730323,9.21990291262136,4226.79
CUST_02570,44,9,1285.83,4,3,3,433,Potential Loyalists,2023-03-28,2024-11-18,601,142.87,1.6454483230663928,5.469633943427621,2344.34
CUST_02571,310,9,1596.92,3,3,3,333,Need Attention,2022-12-24,2024-02-26,429,177.43555555555557,1.1745379876796715,7.662587412587412,4078.85
CUST_02572,375,9,1523.85,2,3,3,233,At Risk,2022-08-13,2023-12-23,497,169.31666666666666,1.3607118412046544,6.614185110663984,3359.68
CUST_02573,107,2,271.75,4,1,1,411,New Customers,2024-07-08,2024-09-16,70,135.875,0.19164955509924708,10.435714285714287,4253.86
CUST_02574,290,8,2090.04,3,3,4,334,Need Attention,2023-06-05,2024-03-17,286,261.255,0.783025325119781,10.216783216783217,8007.56
CUST_02575,35,12,2184.15,5,4,4,544,Champions,2023-10-11,2024-11-27,413,182.01250000000002,1.1307323750855578,10.612590799031477,5794.87
CUST_02576,29,11,2544.87,5,4,4,544,Champions,2024-01-11,2024-12-03,327,231.35181818181817,0.8952772073921971,12.286697247706423,8527.65
CUST_02577,24,12,2452.0,5,4,4,544,Champions,2023-08-08,2024-12-08,488,204.33333333333334,1.3360711841204653,8.981557377049182,5505.69
CUST_02578,224,8,686.67,3,3,2,332,Need Attention,2023-09-13,2024-05-22,252,85.83375,0.6899383983572895,11.595238095238095,2985.79
CUST_02579,116,21,4928.37,4,5,5,455,Champions,2023-10-03,2024-09-07,340,234.68428571428572,0.9308692676249144,22.559558823529414,15883.12
CUST_02580,96,16,2966.4700000000003,4,4,4,444,Champions,2023-01-26,2024-09-27,610,185.40437500000002,1.6700889801505818,9.580327868852459,5328.7
CUST_02581,233,17,1761.29,3,4,3,343,Loyal Customers,2022-10-16,2024-05-13,575,103.60529411764706,1.5742642026009583,10.798695652173912,3356.41
CUST_02582,18,10,1023.29,5,3,3,533,Potential Loyalists,2024-01-22,2024-12-14,327,102.329,0.8952772073921971,11.169724770642203,3428.96
CUST_02583,95,12,2628.06,4,4,4,444,Champions,2023-07-27,2024-09-28,429,219.005,1.1745379876796715,10.216783216783217,6712.58
CUST_02584,29,10,2774.37,5,3,4,534,Potential Loyalists,2023-12-03,2024-12-03,366,277.437,1.002053388090349,9.979508196721312,8306.05
CUST_02585,675,15,3977.07,1,4,5,145,Cannot Lose Them,2022-06-07,2023-02-26,264,265.13800000000003,0.7227926078028748,20.752840909090907,16507.1
CUST_02586,593,2,49.15,1,1,1,111,Hibernating,2022-12-20,2023-05-19,150,24.575,0.4106776180698152,4.87,359.04
CUST_02587,351,11,1331.99,2,4,3,243,Loyal Customers,2022-11-30,2024-01-16,412,121.09,1.1279945242984257,9.751820388349515,3542.54
CUST_02588,562,1,24.77,1,1,1,111,Hibernating,2023-06-19,2023-06-19,0,24.77,0.08213552361396304,12.175,904.72
CUST_02589,499,5,683.48,2,2,2,222,Hibernating,2022-12-12,2023-08-21,252,136.696,0.6899383983572895,7.247023809523809,2971.92
CUST_02590,755,8,1416.13,1,3,3,133,At Risk,2022-03-05,2022-12-08,278,177.01625,0.7611225188227242,10.510791366906474,5581.74
CUST_02591,608,3,463.68,1,1,2,112,Hibernating,2022-10-22,2023-05-04,194,154.56,0.5311430527036276,5.648195876288661,2618.96
CUST_02592,179,9,1584.52,4,3,3,433,Potential Loyalists,2023-08-03,2024-07-06,338,176.05777777777777,0.9253935660506503,9.72559171597633,5136.8
CUST_02593,544,3,127.28999999999999,1,1,1,111,Hibernating,2023-02-01,2023-07-07,156,42.43,0.4271047227926078,7.024038461538462,894.09
CUST_02594,727,2,165.03,1,1,1,111,Hibernating,2022-08-27,2023-01-05,131,82.515,0.3586584531143053,5.576335877862595,1380.39
CUST_02595,644,1,17.51,1,1,1,111,Hibernating,2023-03-29,2023-03-29,0,17.51,0.08213552361396304,12.175,639.55
CUST_02596,32,6,1281.58,5,2,3,523,Potential Loyalists,2024-02-23,2024-11-30,281,213.59666666666666,0.7693360711841205,7.7989323843416365,4997.48
CUST_02597,4,32,7855.93,5,5,5,555,Champions,2023-04-25,2024-12-28,613,245.4978125,1.678302532511978,19.066884176182707,14042.64
CUST_02598,98,10,985.2,4,3,3,433,Potential Loyalists,2023-04-03,2024-09-25,541,98.52000000000001,1.4811772758384667,6.751386321626618,1995.44
CUST_02599,36,10,1490.89,5,3,3,533,Potential Loyalists,2023-12-23,2024-11-26,339,149.089,0.9281314168377823,10.774336283185841,4819.01
CUST_02600,566,8,2157.1,1,3,4,134,Cannot Lose Them,2022-08-04,2023-06-15,315,269.6375,0.8624229979466119,9.276190476190475,7503.63
CUST_02601,8,15,3053.93,5,4,4,544,Champions,2023-08-31,2024-12-24,481,203.59533333333331,1.3169062286105406,11.390332640332641,6957.06
CUST_02602,515,1,92.6,2,1,1,211,Hibernating,2023-08-05,2023-08-05,0,92.6,0.08213552361396304,12.175,3382.22
CUST_02603,270,2,22.36,3,1,1,311,Need Attention,2024-01-23,2024-04-06,74,11.18,0.2026009582477755,9.871621621621621,331.09
CUST_02604,303,40,6057.36,3,5,5,355,Loyal Customers,2022-02-07,2024-03-04,756,151.434,2.0698151950718686,19.325396825396826,8779.57
CUST_02605,27,22,6326.66,5,5,5,555,Champions,2023-10-04,2024-12-05,428,287.57545454545453,1.1718001368925393,18.774532710280376,16197.28
CUST_02606,199,31,6378.26,3,5,5,355,Loyal Customers,2022-11-04,2024-06-16,590,205.75032258064516,1.6153319644079398,19.191101694915254,11845.73
CUST_02607,62,6,1370.19,4,2,3,423,Potential Loyalists,2023-12-09,2024-10-31,327,228.365,0.8952772073921971,6.701834862385321,4591.39
CUST_02608,60,10,2395.66,4,3,4,434,Potential Loyalists,2023-12-17,2024-11-02,321,239.56599999999997,0.8788501026694046,11.378504672897195,8177.71
CUST_02609,321,15,2263.67,3,4,4,344,Loyal Customers,2023-07-22,2024-02-15,208,150.91133333333335,0.5694729637234771,26.34014423076923,11925.08
CUST_02610,325,8,1169.67,3,3,3,333,Need Attention,2022-12-15,2024-02-11,423,146.20875,1.158110882956879,6.907801418439716,3029.94
CUST_02611,245,11,1564.53,3,4,3,343,Loyal Customers,2022-12-21,2024-05-01,497,142.23,1.3607118412046544,8.08400402414487,3449.36
CUST_02612,242,6,740.59,3,2,2,322,Need Attention,2023-03-26,2024-05-04,405,123.43166666666667,1.108829568788501,5.411111111111111,2003.71
CUST_02613,399,2,145.84,2,1,1,211,Hibernating,2023-08-11,2023-11-29,110,72.92,0.30116358658453113,6.6409090909090915,1452.77
CUST_02614,25,7,1006.01,5,2,3,523,Potential Loyalists,2024-01-17,2024-12-07,325,143.71571428571428,0.8898015058179329,7.866923076923077,3391.8
CUST_02615,331,25,5256.73,3,5,5,355,Loyal Customers,2022-10-23,2024-02-05,470,210.26919999999998,1.2867898699520877,19.4281914893617,12255.45
CUST_02616,404,3,124.03999999999999,2,1,1,211,Hibernating,2023-06-09,2023-11-24,168,41.346666666666664,0.459958932238193,6.522321428571429,809.03
CUST_02617,463,5,646.27,2,2,2,222,Hibernating,2022-11-26,2023-09-26,304,129.254,0.8323066392881588,6.0074013157894735,2329.44
CUST_02618,435,1,165.45,2,1,1,211,Hibernating,2023-10-24,2023-10-24,0,165.45,0.08213552361396304,12.175,6043.06
CUST_02619,382,6,619.97,2,2,2,222,Hibernating,2023-01-15,2023-12-16,335,103.32833333333333,0.917180013689254,6.54179104477612,2027.86
CUST_02620,10,19,4581.52,5,5,5,555,Champions,2023-12-09,2024-12-22,379,241.13263157894738,1.0376454483230664,18.310686015831134,13245.91
CUST_02621,224,5,548.52,3,2,2,322,Need Attention,2023-08-25,2024-05-22,271,109.704,0.7419575633127995,6.738929889298893,2217.86
CUST_02622,231,13,1817.82,3,4,4,344,Loyal Customers,2023-01-24,2024-05-15,477,139.8323076923077,1.3059548254620124,9.95440251572327,4175.84
CUST_02623,544,7,1102.69,1,2,3,123,Hibernating,2022-05-25,2023-07-07,408,157.52714285714288,1.1170431211498972,6.26654411764706,2961.45
CUST_02624,362,38,8704.88,2,5,5,255,Cannot Lose Them,2022-04-14,2024-01-05,631,229.07578947368418,1.727583846680356,21.996038034865293,15116.28
CUST_02625,704,9,1875.95,1,3,4,134,Cannot Lose Them,2022-02-04,2023-01-28,358,208.4388888888889,0.9801505817932923,9.182262569832401,5741.82
CUST_02626,179,21,4112.85,4,5,5,455,Champions,2023-07-02,2024-07-06,370,195.85000000000002,1.0130047912388775,20.730405405405403,12180.15
CUST_02627,593,3,409.43,1,1,2,112,Hibernating,2022-08-19,2023-05-19,273,136.47666666666666,0.7474332648870636,4.013736263736264,1643.34
CUST_02628,398,13,1912.3,2,4,4,244,Cannot Lose Them,2022-09-21,2023-11-30,435,147.1,1.1909650924024642,10.915517241379309,4817.02
CUST_02629,361,32,7936.46,2,5,5,255,Cannot Lose Them,2022-06-09,2024-01-06,576,248.014375,1.5770020533880904,20.291666666666664,15097.88
CUST_02630,38,8,1313.8600000000001,5,3,3,533,Potential Loyalists,2024-03-04,2024-11-24,265,164.23250000000002,0.7255304585900069,11.026415094339622,5432.69
CUST_02631,653,3,221.34,1,1,1,111,Hibernating,2022-06-28,2023-03-20,265,73.78,0.7255304585900069,4.134905660377358,915.22
CUST_02632,634,10,1503.99,1,3,3,133,At Risk,2022-02-11,2023-04-08,421,150.399,1.1526351813826146,8.675771971496438,3914.48
CUST_02633,31,7,1793.02,5,2,3,523,Potential Loyalists,2024-02-22,2024-12-01,283,256.1457142857143,0.7748117727583846,9.034452296819788,6942.41
CUST_02634,331,11,945.49,3,4,2,342,Loyal Customers,2022-12-24,2024-02-05,408,85.95363636363636,1.1170431211498972,9.847426470588236,2539.27
CUST_02635,264,37,7261.67,3,5,5,355,Loyal Customers,2022-05-31,2024-04-12,682,196.26135135135135,1.8672142368240932,19.815615835777127,11667.12
CUST_02636,26,6,721.69,5,2,2,522,Potential Loyalists,2023-12-15,2024-12-06,357,120.28166666666668,0.9774127310061602,6.1386554621848735,2215.1
CUST_02637,631,7,650.88,1,2,2,122,Hibernating,2022-05-05,2023-04-11,341,92.98285714285714,0.9336071184120466,7.497800586510263,2091.5
CUST_02638,42,14,1767.01,5,4,3,543,Loyal Customers,2023-07-26,2024-11-20,483,126.215,1.322381930184805,10.58695652173913,4008.7
CUST_02639,40,8,504.57,5,3,2,532,Potential Loyalists,2023-08-31,2024-11-22,449,63.07125,1.2292950034223136,6.507795100222717,1231.36
CUST_02640,233,9,1190.85,3,3,3,333,Need Attention,2022-10-28,2024-05-13,563,132.31666666666666,1.541409993155373,5.838809946714032,2317.72
CUST_02641,32,7,1472.48,5,2,3,523,Potential Loyalists,2023-11-26,2024-11-30,370,210.3542857142857,1.0130047912388775,6.9101351351351346,4360.73
CUST_02642,605,3,192.63,1,1,1,111,Hibernating,2022-10-14,2023-05-07,205,64.21,0.5612594113620808,5.345121951219512,1029.63
CUST_02643,385,22,4249.07,2,5,5,255,Cannot Lose Them,2023-01-19,2023-12-13,328,193.13954545454544,0.8980150581793293,24.498475609756095,14194.87
CUST_02644,117,2,172.63,4,1,1,411,New Customers,2024-04-08,2024-09-06,151,86.315,0.4134154688569473,4.837748344370861,1252.71
CUST_02645,421,8,513.06,2,3,2,232,At Risk,2022-07-07,2023-11-07,488,64.1325,1.3360711841204653,5.9877049180327875,1152.02
CUST_02646,1,26,4474.51,5,5,5,555,Champions,2023-09-18,2024-12-31,470,172.09653846153847,1.2867898699520877,20.20531914893617,10431.8
CUST_02647,555,3,658.02,1,1,2,112,Hibernating,2022-10-31,2023-06-26,238,219.34,0.6516084873374401,4.6039915966386555,3029.52
CUST_02648,47,6,447.82,4,2,2,422,Potential Loyalists,2023-12-10,2024-11-15,341,74.63666666666667,0.9336071184120466,6.426686217008798,1439.0
CUST_02649,590,1,398.52,1,1,2,112,Hibernating,2023-05-22,2023-05-22,0,398.52,0.08213552361396304,12.175,14555.94
CUST_02650,205,9,2621.02,3,3,4,334,Need Attention,2023-07-27,2024-06-10,319,291.22444444444443,0.8733744010951403,10.304858934169278,9003.08
CUST_02651,419,8,871.3199999999999,2,3,2,232,At Risk,2022-07-27,2023-11-09,470,108.91499999999999,1.2867898699520877,6.217021276595744,2031.38
CUST_02652,143,4,290.03,4,2,1,421,Potential Loyalists,2024-01-23,2024-08-11,201,72.5075,0.5503080082135524,7.26865671641791,1581.1
CUST_02653,471,12,2289.33,2,4,4,244,Cannot Lose Them,2022-03-27,2023-09-18,540,190.7775,1.4784394250513346,8.116666666666667,4645.43
CUST_02654,385,5,676.1500000000001,2,2,2,222,Hibernating,2023-04-24,2023-12-13,233,135.23000000000002,0.6379192334017796,7.837982832618026,3179.79
CUST_02655,378,7,752.28,2,2,2,222,Hibernating,2022-12-11,2023-12-20,374,107.46857142857142,1.0239561943874058,6.836229946524065,2204.04
CUST_02656,11,8,1001.47,5,3,3,533,Potential Loyalists,2023-10-30,2024-12-21,418,125.18375,1.1444216290212184,6.990430622009569,2625.26
CUST_02657,15,8,789.75,5,3,2,532,Potential Loyalists,2023-08-21,2024-12-17,484,98.71875,1.325119780971937,6.037190082644628,1787.95
CUST_02658,148,32,7948.6,4,5,5,455,Champions,2022-12-16,2024-08-06,599,248.39375,1.6399726214921286,19.512520868113523,14540.36
CUST_02659,627,12,1855.25,1,4,4,144,Cannot Lose Them,2022-03-02,2023-04-15,409,154.60416666666666,1.1197809719370295,10.716381418092908,4970.39
CUST_02660,318,18,5069.11,3,5,5,355,Loyal Customers,2022-03-30,2024-02-18,690,281.6172222222222,1.88911704312115,9.528260869565218,8049.97
CUST_02661,22,9,2634.52,5,3,4,534,Potential Loyalists,2024-02-03,2024-12-10,311,292.72444444444443,0.8514715947980835,10.569935691318328,9282.24
CUST_02662,827,1,132.0,1,1,1,111,Hibernating,2022-09-27,2022-09-27,0,132.0,0.08213552361396304,12.175,4821.3
CUST_02663,725,9,3046.48,1,3,4,134,Cannot Lose Them,2022-02-09,2023-01-07,332,338.4977777777778,0.9089664613278576,9.901355421686747,10054.76
CUST_02664,421,17,3230.18,2,4,4,244,Cannot Lose Them,2023-03-18,2023-11-07,234,190.0105882352941,0.6406570841889117,26.535256410256412,15125.94
CUST_02665,187,8,1419.3400000000001,3,3,3,333,Need Attention,2023-03-13,2024-06-28,473,177.41750000000002,1.2950034223134839,6.177589852008457,3288.04
CUST_02666,577,8,2460.01,1,3,4,134,Cannot Lose Them,2022-09-06,2023-06-04,271,307.50125,0.7419575633127995,10.782287822878228,9946.7
CUST_02667,352,37,9827.69,2,5,5,255,Cannot Lose Them,2022-02-11,2024-01-15,703,265.61324324324323,1.9247091033538672,19.223684210526315,15318.2
CUST_02668,212,5,808.17,3,2,2,322,Need Attention,2023-09-11,2024-06-03,266,161.634,0.7282683093771389,6.8656015037593985,3329.14
CUST_02669,265,9,1063.29,3,3,3,333,Need Attention,2022-12-12,2024-04-11,486,118.14333333333333,1.3305954825462012,6.763888888888889,2397.33
CUST_02670,68,6,702.68,4,2,2,422,Potential Loyalists,2023-12-19,2024-10-25,311,117.11333333333333,0.8514715947980835,7.046623794212218,2475.76
CUST_02671,322,32,6466.11,3,5,5,355,Loyal Customers,2022-09-17,2024-02-14,515,202.0659375,1.4099931553730323,22.69514563106796,13757.75
CUST_02672,2,19,5301.360000000001,5,5,5,555,Champions,2024-01-20,2024-12-30,345,279.0189473684211,0.944558521560575,20.11521739130435,16837.58
CUST_02673,90,15,1866.1499999999999,4,4,4,444,Champions,2023-03-29,2024-10-03,554,124.41,1.516769336071184,9.889440433212997,3691.04
CUST_02674,36,9,833.02,5,3,2,532,Potential Loyalists,2023-08-08,2024-11-26,476,92.55777777777777,1.3032169746748803,6.905987394957982,1917.61
CUST_02675,352,21,4411.45,2,5,5,255,Cannot Lose Them,2023-01-14,2024-01-15,366,210.0690476190476,1.002053388090349,20.956967213114755,13207.23
CUST_02676,102,8,1191.5,4,3,3,433,Potential Loyalists,2023-05-25,2024-09-21,485,148.9375,1.3278576317590691,6.024742268041237,2691.93
CUST_02677,176,3,579.5799999999999,4,1,2,412,New Customers,2023-12-06,2024-07-09,216,193.1933333333333,0.5913757700205339,5.072916666666667,2940.16
CUST_02678,766,2,127.25,1,1,1,111,Hibernating,2022-06-26,2022-11-27,154,63.625,0.4216290212183436,4.7435064935064934,905.42
CUST_02679,167,18,3451.4,4,5,5,455,Champions,2022-07-03,2024-07-18,746,191.74444444444444,2.0424366872005475,8.813002680965148,5069.53
CUST_02680,758,5,530.87,1,2,2,122,Hibernating,2022-04-27,2022-12-05,222,106.174,0.6078028747433265,8.22635135135135,2620.27
CUST_02681,78,6,525.0699999999999,4,2,2,422,Potential Loyalists,2023-12-22,2024-10-15,298,87.51166666666666,0.8158795345653662,7.354026845637583,1930.69
CUST_02682,85,7,1437.82,4,2,3,423,Potential Loyalists,2023-08-31,2024-10-08,404,205.40285714285713,1.106091718001369,6.328589108910891,3899.73
CUST_02683,261,6,965.4,3,2,2,322,Need Attention,2023-05-16,2024-04-15,335,160.9,0.917180013689254,6.54179104477612,3157.72
CUST_02684,254,10,1436.77,3,3,3,333,Need Attention,2022-10-01,2024-04-22,569,143.677,1.5578370978781657,6.419156414762742,2766.86
CUST_02685,311,8,1300.72,3,3,3,333,Need Attention,2023-01-10,2024-02-25,411,162.59,1.1252566735112937,7.10948905109489,3467.8
CUST_02686,68,25,6282.25,4,5,5,455,Champions,2023-07-13,2024-10-25,470,251.29,1.2867898699520877,19.4281914893617,14646.33
CUST_02687,72,7,973.63,4,2,2,422,Potential Loyalists,2023-11-18,2024-10-21,338,139.09,0.9253935660506503,7.564349112426036,3156.38
CUST_02688,434,12,2190.36,2,4,4,244,Cannot Lose Them,2022-07-01,2023-10-25,481,182.53,1.3169062286105406,9.112266112266113,4989.79
CUST_02689,299,39,8851.35,3,5,5,355,Loyal Customers,2022-04-15,2024-03-08,693,226.95769230769233,1.8973305954825461,20.555194805194805,13995.48
CUST_02690,577,9,1987.95,1,3,4,134,Cannot Lose Them,2022-07-02,2023-06-04,337,220.88333333333333,0.9226557152635181,9.754451038575668,6463.79
CUST_02691,35,7,752.47,5,2,2,522,Potential Loyalists,2023-10-25,2024-11-27,399,107.49571428571429,1.0924024640657084,6.407894736842105,2066.46
CUST_02692,303,16,2813.44,3,4,4,344,Loyal Customers,2022-07-26,2024-03-04,587,175.84,1.6071184120465434,9.955706984667803,5251.83
CUST_02693,45,8,1037.84,4,3,3,433,Potential Loyalists,2024-02-06,2024-11-17,285,129.73,0.7802874743326489,10.252631578947367,3990.22
CUST_02694,342,8,1423.5900000000001,2,3,3,233,At Risk,2022-09-14,2024-01-25,498,177.94875000000002,1.3634496919917864,5.867469879518072,3132.33
CUST_02695,281,40,6047.66,3,5,5,355,Loyal Customers,2022-06-19,2024-03-26,646,151.1915,1.7686516084873374,22.61609907120743,10258.09
CUST_02696,16,21,5130.58,5,5,5,555,Champions,2023-12-21,2024-12-16,361,244.31333333333333,0.9883641341546886,21.247229916897506,15572.94
CUST_02697,689,5,900.3,1,2,2,122,Hibernating,2022-05-20,2023-02-12,268,180.06,0.7337440109514032,6.814365671641791,3680.98
CUST_02698,629,1,14.43,1,1,1,111,Hibernating,2023-04-13,2023-04-13,0,14.43,0.08213552361396304,12.175,527.06
CUST_02699,1,25,7253.57,5,5,5,555,Champions,2023-10-21,2024-12-31,437,290.14279999999997,1.1964407939767283,20.895308924485125,18187.87
CUST_02700,145,14,1868.69,4,4,4,444,Champions,2023-01-23,2024-08-09,564,133.47785714285715,1.5441478439425051,9.066489361702127,3630.53
CUST_02701,92,3,484.66999999999996,4,1,2,412,New Customers,2024-01-04,2024-10-01,271,161.55666666666664,0.7419575633127995,4.043357933579336,1959.69
CUST_02702,804,2,296.41,1,1,1,111,Hibernating,2022-08-05,2022-10-20,76,148.205,0.2080766598220397,9.611842105263158,4273.57
CUST_02703,206,9,1015.96,3,3,3,333,Need Attention,2022-11-07,2024-06-09,580,112.88444444444445,1.5879534565366187,5.667672413793103,1919.38
CUST_02704,30,17,1932.77,5,4,4,544,Champions,2023-01-15,2024-12-02,687,113.69235294117647,1.8809034907597535,9.0382096069869,3082.73
CUST_02705,541,4,342.49,1,2,1,121,Hibernating,2023-01-29,2023-07-10,162,85.6225,0.44353182751540043,9.018518518518517,2316.56
CUST_02706,1,6,1170.75,5,2,3,523,Potential Loyalists,2024-02-03,2024-12-31,332,195.125,0.9089664613278576,6.600903614457831,3864.0
CUST_02707,23,9,2507.41,5,3,4,534,Potential Loyalists,2023-12-19,2024-12-09,356,278.6011111111111,0.974674880219028,9.233848314606742,7717.68
CUST_02708,404,5,480.1,2,2,2,222,Hibernating,2023-03-21,2023-11-24,248,96.02000000000001,0.6789869952087612,7.36391129032258,2121.25
CUST_02709,373,1,15.97,2,1,1,211,Hibernating,2023-12-25,2023-12-25,0,15.97,0.08213552361396304,12.175,583.3
CUST_02710,379,2,325.59000000000003,2,1,1,211,Hibernating,2023-09-26,2023-12-19,84,162.79500000000002,0.2299794661190965,8.696428571428571,4247.21
CUST_02711,241,17,2502.64,3,4,4,344,Loyal Customers,2022-08-16,2024-05-05,628,147.21411764705883,1.7193702943189597,9.88734076433121,4366.67
CUST_02712,13,12,2469.42,5,4,4,544,Champions,2023-10-03,2024-12-19,443,205.785,1.212867898699521,9.89390519187359,6108.05
CUST_02713,459,12,2558.7,2,4,4,244,Cannot Lose Them,2022-10-06,2023-09-30,359,213.225,0.9828884325804244,12.20891364902507,7809.74
CUST_02714,339,12,1531.62,2,4,3,243,Loyal Customers,2022-10-30,2024-01-28,455,127.63499999999999,1.2457221081451062,9.632967032967032,3688.51
CUST_02715,244,24,4079.42,3,5,5,355,Loyal Customers,2023-04-01,2024-05-02,397,169.97583333333333,1.0869267624914443,22.080604534005037,11259.51
CUST_02716,450,10,2221.08,2,3,4,234,Cannot Lose Them,2022-08-10,2023-10-09,425,222.108,1.163586584531143,8.594117647058823,5726.47
CUST_02717,357,37,9203.56,2,5,5,255,Cannot Lose Them,2022-03-03,2024-01-10,678,248.74486486486484,1.8562628336755647,19.932522123893804,14874.34
CUST_02718,543,3,496.55,1,1,2,112,Hibernating,2022-11-23,2023-07-08,227,165.51666666666668,0.621492128678987,4.827092511013216,2396.89
CUST_02719,409,5,693.02,2,2,2,222,Hibernating,2023-03-13,2023-11-19,251,138.60399999999998,0.6872005475701575,7.275896414342629,3025.41
CUST_02720,584,30,4979.48,1,5,5,155,Cannot Lose Them,2022-02-02,2023-05-28,480,165.98266666666666,1.3141683778234086,22.828125,11367.22
CUST_02721,425,1,89.42,2,1,1,211,Hibernating,2023-11-03,2023-11-03,0,89.42,0.08213552361396304,12.175,3266.07
CUST_02722,301,3,287.95000000000005,3,1,1,311,Need Attention,2023-08-25,2024-03-06,194,95.98333333333335,0.5311430527036276,5.648195876288661,1626.4
CUST_02723,66,5,517.62,4,2,2,422,Potential Loyalists,2024-02-16,2024-10-27,254,103.524,0.6954140999315537,7.18996062992126,2233.0
CUST_02724,312,22,3977.67,3,5,5,355,Loyal Customers,2023-03-14,2024-02-24,347,180.80318181818183,0.9500342231348392,23.15706051873199,12560.61
CUST_02725,567,7,886.26,1,2,2,122,Hibernating,2022-04-12,2023-06-14,428,126.60857142857142,1.1718001368925393,5.9737149532710285,2268.97
CUST_02726,608,5,533.11,1,2,2,122,Hibernating,2022-08-26,2023-05-04,251,106.622,0.6872005475701575,7.275896414342629,2327.31
CUST_02727,410,4,967.65,2,2,2,222,Hibernating,2023-05-07,2023-11-18,195,241.9125,0.5338809034907598,7.4923076923076914,5437.45
CUST_02728,103,5,708.61,4,2,2,422,Potential Loyalists,2023-12-29,2024-09-20,266,141.722,0.7282683093771389,6.8656015037593985,2919.02
CUST_02729,507,9,1759.79,2,3,3,233,At Risk,2022-11-23,2023-08-13,263,195.53222222222223,0.7200547570157426,12.499049429657795,7331.9
CUST_02730,329,12,2059.68,3,4,4,344,Loyal Customers,2022-12-12,2024-02-07,422,171.64,1.1553730321697468,10.386255924170616,5348.09
CUST_02731,25,13,2034.46,5,4,4,544,Champions,2023-08-03,2024-12-07,492,156.49692307692308,1.3470225872689938,9.650914634146341,4531.02
CUST_02732,678,1,104.43,1,1,1,111,Hibernating,2023-02-23,2023-02-23,0,104.43,0.08213552361396304,12.175,3814.31
CUST_02733,225,21,5514.31,3,5,5,355,Loyal Customers,2023-07-26,2024-05-21,300,262.5861904761905,0.8213552361396304,25.567500000000003,20141.02
CUST_02734,491,10,1102.01,2,3,3,233,At Risk,2022-03-13,2023-08-29,534,110.201,1.462012320328542,6.839887640449438,2261.29
CUST_02735,581,11,1596.91,1,4,3,143,Loyal Customers,2022-04-03,2023-05-31,423,145.17363636363638,1.158110882956879,9.49822695035461,4136.68
CUST_02736,57,18,2962.3,4,5,4,454,Champions,2022-11-26,2024-11-05,710,164.57222222222222,1.943874058863792,9.259859154929577,4571.75
CUST_02737,366,9,1283.37,2,3,3,233,At Risk,2023-02-11,2024-01-01,324,142.59666666666666,0.8870636550308009,10.145833333333332,4340.29
CUST_02738,432,2,206.81,2,1,1,211,Hibernating,2023-07-14,2023-10-27,105,103.405,0.2874743326488706,6.957142857142857,2158.21
CUST_02739,408,13,1980.24,2,4,4,244,Cannot Lose Them,2022-07-01,2023-11-20,507,152.32615384615386,1.3880903490759753,9.365384615384617,4279.78
CUST_02740,105,9,1254.29,4,3,3,433,Potential Loyalists,2023-04-23,2024-09-18,514,139.36555555555555,1.4072553045859,6.395428015564203,2673.91
CUST_02741,68,14,2749.47,4,4,4,444,Champions,2023-05-19,2024-10-25,525,196.39071428571427,1.4373716632443532,9.74,5738.54
CUST_02742,493,13,2100.57,2,4,4,244,Cannot Lose Them,2022-03-19,2023-08-27,526,161.5823076923077,1.4401095140314852,9.027091254752852,4375.85
CUST_02743,141,30,6067.62,4,5,5,455,Champions,2023-02-19,2024-08-13,541,202.254,1.4811772758384667,20.254158964879853,12289.45
CUST_02744,16,14,2974.17,5,4,4,544,Champions,2023-07-12,2024-12-16,523,212.44071428571428,1.431895961670089,9.777246653919693,6231.26
CUST_02745,95,19,2498.59,4,5,4,454,Champions,2022-08-24,2024-09-28,766,131.50473684210527,2.0971937029431897,9.059725848563968,3574.19
CUST_02746,294,21,3905.5299999999997,3,5,5,355,Loyal Customers,2023-01-29,2024-03-13,409,185.97761904761904,1.1197809719370295,18.75366748166259,10463.29
CUST_02747,405,9,1511.8400000000001,2,3,3,233,At Risk,2023-01-04,2023-11-23,323,167.98222222222225,0.8843258042436687,10.177244582043343,5128.79
CUST_02748,370,8,667.0,2,3,2,232,At Risk,2022-11-06,2023-12-28,417,83.375,1.1416837782340863,7.0071942446043165,1752.67
CUST_02749,482,8,1685.0700000000002,2,3,3,233,At Risk,2022-05-20,2023-09-07,475,210.63375000000002,1.3004791238877482,6.151578947368421,3887.19
CUST_02750,212,16,2330.12,3,4,4,344,Loyal Customers,2022-09-15,2024-06-03,627,145.6325,1.7166324435318274,9.320574162679426,4072.14
CUST_02751,473,3,134.68,2,1,1,211,Hibernating,2023-03-16,2023-09-16,184,44.89333333333334,0.5037645448323066,5.955163043478262,802.04
CUST_02752,68,3,132.47,4,1,1,411,New Customers,2023-12-10,2024-10-25,320,44.156666666666666,0.8761122518822724,3.42421875,453.61
CUST_02753,194,33,7343.05,3,5,5,355,Loyal Customers,2022-11-12,2024-06-21,587,222.51666666666668,1.6071184120465434,20.533645655877343,13707.24
CUST_02754,498,26,7014.39,2,5,5,255,Cannot Lose Them,2022-06-03,2023-08-22,445,269.78423076923076,1.218343600273785,21.340449438202246,17271.95
CUST_02755,672,1,13.01,1,1,1,111,Hibernating,2023-03-01,2023-03-01,0,13.01,0.08213552361396304,12.175,475.19
CUST_02756,9,28,4893.37,5,5,5,555,Champions,2023-07-22,2024-12-23,520,174.76321428571427,1.4236824093086926,19.667307692307695,10311.37
CUST_02757,307,20,3379.7200000000003,3,5,4,354,Loyal Customers,2023-03-22,2024-02-29,344,168.98600000000002,0.9418206707734429,21.23546511627907,10765.49
CUST_02758,549,3,596.11,1,1,2,112,Hibernating,2022-08-27,2023-07-02,309,198.70333333333335,0.8459958932238193,3.546116504854369,2113.88
CUST_02759,2,11,2463.9700000000003,5,4,4,544,Champions,2024-01-18,2024-12-30,347,223.99727272727276,0.9500342231348392,11.578530259365994,7780.68
CUST_02760,566,5,519.3299999999999,1,2,2,122,Hibernating,2022-10-01,2023-06-15,257,103.86599999999999,0.70362765229295,7.10603112840467,2214.23
CUST_02761,16,6,603.58,5,2,2,522,Potential Loyalists,2024-01-26,2024-12-16,325,100.59666666666668,0.8898015058179329,6.743076923076923,2034.99
CUST_02762,120,26,5650.1,4,5,5,455,Champions,2023-05-24,2024-09-03,468,217.31153846153848,1.2813141683778233,20.291666666666668,13228.84
CUST_02763,174,8,2509.73,4,3,4,434,Potential Loyalists,2023-10-05,2024-07-11,280,313.71625,0.7665982203969883,10.435714285714287,9821.56
CUST_02764,18,20,4912.93,5,5,5,555,Champions,2023-10-30,2024-12-14,411,245.6465,1.1252566735112937,17.773722627737225,13098.16
CUST_02765,415,2,271.72,2,1,1,211,Hibernating,2023-09-06,2023-11-13,68,135.86,0.1861738535249829,10.742647058823529,4378.49
CUST_02766,35,8,2148.17,5,3,4,534,Potential Loyalists,2024-02-21,2024-11-27,280,268.52125,0.7665982203969883,10.435714285714287,8406.63
CUST_02767,281,13,1763.4099999999999,3,4,3,343,Loyal Customers,2023-01-22,2024-03-26,429,135.64692307692306,1.1745379876796715,11.068181818181817,4504.09
CUST_02768,518,12,1592.04,2,4,3,243,Loyal Customers,2022-06-04,2023-08-02,424,132.67,1.160848733744011,10.337264150943396,4114.33
CUST_02769,114,8,1167.93,4,3,3,433,Potential Loyalists,2023-05-18,2024-09-09,480,145.99125,1.3141683778234086,6.0875,2666.17
CUST_02770,94,30,6173.13,4,5,5,455,Champions,2023-03-17,2024-09-29,562,205.77100000000002,1.538672142368241,19.497330960854093,12035.96
CUST_02771,602,9,1676.9099999999999,1,3,3,133,At Risk,2022-06-14,2023-05-10,330,186.32333333333332,0.9034907597535934,9.961363636363636,5568.1
CUST_02772,23,8,1799.6100000000001,5,3,4,534,Potential Loyalists,2024-01-18,2024-12-09,326,224.95125000000002,0.892539356605065,8.963190184049079,6048.84
CUST_02773,694,3,269.42,1,1,1,111,Hibernating,2022-05-15,2023-02-07,268,89.80666666666667,0.7337440109514032,4.088619402985074,1101.56
CUST_02774,23,13,2174.35,5,4,4,544,Champions,2023-10-04,2024-12-09,432,167.2576923076923,1.1827515400410678,10.991319444444445,5515.15
CUST_02775,998,1,33.83,1,1,1,111,Hibernating,2022-04-09,2022-04-09,0,33.83,0.08213552361396304,12.175,1235.64
CUST_02776,30,9,1098.82,5,3,3,533,Potential Loyalists,2024-02-05,2024-12-02,301,122.0911111111111,0.8240930869267625,10.92109634551495,4000.11
CUST_02777,316,17,2124.97,3,4,4,344,Loyal Customers,2022-03-03,2024-02-20,719,124.99823529411763,1.9685147159479808,8.635952712100138,3238.44
CUST_02778,358,9,948.1,2,3,2,232,At Risk,2022-10-30,2024-01-09,436,105.34444444444445,1.1937029431895962,7.539564220183486,2382.75
CUST_02779,49,7,741.5,4,2,2,422,Potential Loyalists,2023-10-16,2024-11-13,394,105.92857142857143,1.0787132101300478,6.489213197969543,2062.18
CUST_02780,207,16,4284.16,3,4,5,345,Loyal Customers,2023-08-15,2024-06-08,298,267.76,0.8158795345653662,19.610738255033556,15752.91
CUST_02781,22,14,2506.1299999999997,5,4,4,544,Champions,2023-07-13,2024-12-10,516,179.00928571428568,1.4127310061601643,9.909883720930232,5321.88
CUST_02782,11,22,3941.42,5,5,5,555,Champions,2023-12-16,2024-12-21,371,179.15545454545455,1.0157426420260096,21.659029649595688,11641.0
CUST_02783,72,4,349.34999999999997,4,2,1,421,Potential Loyalists,2024-03-25,2024-10-21,210,87.33749999999999,0.5749486652977412,6.957142857142857,1822.86
CUST_02784,297,5,450.51,3,2,2,322,Need Attention,2023-08-15,2024-03-10,208,90.102,0.5694729637234771,8.780048076923077,2373.3
CUST_02785,699,4,359.18,1,2,1,121,Hibernating,2022-08-30,2023-02-02,156,89.795,0.4271047227926078,9.365384615384615,2522.89
CUST_02786,15,18,2828.01,5,5,4,554,Champions,2022-12-31,2024-12-17,717,157.11166666666668,1.9630390143737166,9.169456066945607,4321.89
CUST_02787,250,15,2361.8,3,4,4,344,Loyal Customers,2022-10-11,2024-04-26,563,157.45333333333335,1.541409993155373,9.731349911190053,4596.7
CUST_02788,305,37,9186.2,3,5,5,355,Loyal Customers,2022-04-30,2024-03-02,672,248.2756756756757,1.839835728952772,20.110491071428573,14978.84
CUST_02789,386,21,3927.8199999999997,2,5,5,255,Cannot Lose Them,2022-12-29,2023-12-12,348,187.0390476190476,0.9527720739219713,22.040948275862068,12367.55
CUST_02790,85,29,7045.21,4,5,5,455,Champions,2023-05-07,2024-10-08,520,242.93827586206896,1.4236824093086926,20.36971153846154,14845.75
CUST_02791,13,8,1143.96,5,3,3,533,Potential Loyalists,2024-03-10,2024-12-19,284,142.995,0.7775496235455168,10.288732394366196,4413.71
CUST_02792,60,9,1315.34,4,3,3,433,Potential Loyalists,2023-05-08,2024-11-02,544,146.14888888888888,1.4893908281998631,6.0427389705882355,2649.42
CUST_02793,90,7,783.3499999999999,4,2,2,422,Potential Loyalists,2023-09-18,2024-10-03,381,111.90714285714284,1.0431211498973305,6.7106299212598435,2252.9
CUST_02794,670,9,1089.1,1,3,3,133,At Risk,2022-02-23,2023-03-03,373,121.0111111111111,1.0212183436002737,8.813002680965148,3199.41
CUST_02795,271,1,138.35,3,1,1,311,Need Attention,2024-04-05,2024-04-05,0,138.35,0.08213552361396304,12.175,5053.23
CUST_02796,8,27,7059.85,5,5,5,555,Champions,2023-08-30,2024-12-24,482,261.47592592592594,1.319644079397673,20.4600622406639,16049.44
CUST_02797,8,10,2023.7,5,3,4,534,Potential Loyalists,2023-10-28,2024-12-24,423,202.37,1.158110882956879,8.634751773049645,5242.24
CUST_02798,79,19,3335.26,4,5,4,454,Champions,2022-09-14,2024-10-14,761,175.54000000000002,2.083504449007529,9.119250985545335,4802.38
CUST_02799,730,1,431.83,1,1,2,112,Hibernating,2023-01-02,2023-01-02,0,431.83,0.08213552361396304,12.175,15772.59
CUST_02800,27,13,2460.62,5,4,4,544,Champions,2023-10-02,2024-12-05,430,189.27846153846153,1.1772758384668036,11.042441860465116,6270.29
CUST_02801,679,4,415.92,1,2,2,122,Hibernating,2022-08-21,2023-02-22,185,103.98,0.5065023956194388,7.897297297297297,2463.48
CUST_02802,383,13,3363.2,2,4,4,244,Cannot Lose Them,2022-10-25,2023-12-15,416,258.7076923076923,1.1389459274469542,11.4140625,8858.72
CUST_02803,151,11,2435.18,4,4,4,444,Champions,2023-05-20,2024-08-03,441,221.38,1.2073921971252566,9.110544217687076,6050.68
CUST_02804,221,15,2380.41,3,4,4,344,Loyal Customers,2022-10-29,2024-05-25,574,158.694,1.571526351813826,9.544860627177702,4544.14
CUST_02805,302,7,1482.73,3,2,3,323,Need Attention,2023-01-24,2024-03-05,406,211.81857142857143,1.111567419575633,6.297413793103448,4001.73
CUST_02806,459,3,153.32999999999998,2,1,1,211,Hibernating,2023-01-03,2023-09-30,270,51.10999999999999,0.7392197125256673,4.058333333333334,622.26
CUST_02807,70,33,7255.17,4,5,5,455,Champions,2023-04-12,2024-10-23,560,219.85363636363635,1.5331964407939767,21.523660714285715,14196.17
CUST_02808,511,6,842.77,2,2,2,222,Hibernating,2022-07-29,2023-08-09,376,140.46166666666667,1.0294318959616702,5.82845744680851,2456.02
CUST_02809,17,9,1494.22,5,3,3,533,Potential Loyalists,2023-08-09,2024-12-15,494,166.02444444444444,1.352498288843258,6.654352226720648,3314.36
CUST_02810,222,8,2007.15,3,3,4,334,Need Attention,2023-09-18,2024-05-24,249,250.89375,0.6817248459958932,11.734939759036145,8832.67
CUST_02811,157,3,241.10000000000002,4,1,1,411,New Customers,2024-02-26,2024-07-28,153,80.36666666666667,0.4188911704312115,7.161764705882353,1726.7
CUST_02812,424,1,168.06,2,1,1,211,Hibernating,2023-11-04,2023-11-04,0,168.06,0.08213552361396304,12.175,6138.39
CUST_02813,479,2,292.87,2,1,1,211,Hibernating,2023-05-09,2023-09-10,124,146.435,0.3394934976043806,5.891129032258064,2588.0
CUST_02814,18,8,1441.51,5,3,3,533,Potential Loyalists,2024-02-29,2024-12-14,289,180.18875,0.7912388774811773,10.110726643598616,5465.52
CUST_02815,666,5,377.25,1,2,1,121,Hibernating,2022-06-08,2023-03-07,272,75.45,0.7446954140999316,6.714154411764706,1519.75
CUST_02816,526,14,2616.5699999999997,1,4,4,144,Cannot Lose Them,2022-05-04,2023-07-25,447,186.89785714285713,1.2238193018480492,11.439597315436242,6414.11
CUST_02817,406,1,322.1,2,1,1,211,Hibernating,2023-11-22,2023-11-22,0,322.1,0.08213552361396304,12.175,11764.7
CUST_02818,15,8,1143.76,5,3,3,533,Potential Loyalists,2023-08-13,2024-12-17,492,142.97,1.3470225872689938,5.939024390243903,2547.31
CUST_02819,71,10,837.79,4,3,2,432,Potential Loyalists,2023-01-18,2024-10-22,643,83.779,1.7604380561259412,5.6804043545878695,1427.7
CUST_02820,316,19,2424.3,3,5,4,354,Loyal Customers,2022-02-04,2024-02-20,746,127.59473684210528,2.0424366872005475,9.302613941018768,3560.89
CUST_02821,53,9,1449.0,4,3,3,433,Potential Loyalists,2024-02-07,2024-11-09,276,161.0,0.75564681724846,11.910326086956522,5752.69
CUST_02822,14,16,2800.66,5,4,4,544,Champions,2023-04-03,2024-12-18,625,175.04125,1.7111567419575633,9.3504,4910.12
CUST_02823,244,2,361.91,3,1,1,311,Need Attention,2023-11-16,2024-05-02,168,180.955,0.459958932238193,4.348214285714286,2360.49
CUST_02824,928,1,238.9,1,1,1,111,Hibernating,2022-06-18,2022-06-18,0,238.9,0.08213552361396304,12.175,8725.82
CUST_02825,334,3,319.98,3,1,1,311,Need Attention,2023-07-02,2024-02-02,215,106.66000000000001,0.5886379192334018,5.096511627906977,1630.78
CUST_02826,297,15,2429.5,3,4,4,344,Loyal Customers,2022-08-05,2024-03-10,583,161.96666666666667,1.596167008898015,9.397512864493997,4566.25
CUST_02827,727,4,296.59,1,2,1,121,Hibernating,2022-06-12,2023-01-05,207,74.1475,0.5667351129363449,7.057971014492754,1569.99
CUST_02828,49,7,682.25,4,2,2,422,Potential Loyalists,2023-12-30,2024-11-13,319,97.46428571428571,0.8733744010951403,8.014890282131661,2343.5
CUST_02829,445,1,295.06,2,1,1,211,Hibernating,2023-10-14,2023-10-14,0,295.06,0.08213552361396304,12.175,10777.07
CUST_02830,488,15,4620.66,2,4,5,245,Cannot Lose Them,2023-01-05,2023-09-01,239,308.044,0.6543463381245722,22.923640167364017,21184.47
CUST_02831,554,24,4066.15,1,5,5,155,Cannot Lose Them,2022-03-26,2023-06-27,458,169.42291666666668,1.2539356605065024,19.139737991266376,9728.13
CUST_02832,767,4,652.79,1,2,2,122,Hibernating,2022-06-04,2022-11-26,175,163.1975,0.4791238877481177,8.348571428571429,4087.4
CUST_02833,391,6,795.21,2,2,2,222,Hibernating,2022-11-16,2023-12-07,386,132.535,1.056810403832991,5.677461139896373,2257.39
CUST_02834,17,20,4860.43,5,5,5,555,Champions,2024-01-04,2024-12-15,346,243.0215,0.947296372347707,21.112716763005782,15392.53
CUST_02835,307,10,1994.49,3,3,4,334,Need Attention,2023-03-27,2024-02-29,339,199.449,0.9281314168377823,10.774336283185841,6446.79
CUST_02836,594,1,236.78,1,1,1,111,Hibernating,2023-05-18,2023-05-18,0,236.78,0.08213552361396304,12.175,8648.39
CUST_02837,523,12,1502.51,1,4,3,143,Loyal Customers,2022-03-01,2023-07-28,514,125.20916666666666,1.4072553045859,8.527237354085603,3203.06
CUST_02838,17,12,2286.34,5,4,4,544,Champions,2023-10-05,2024-12-15,437,190.52833333333334,1.1964407939767283,10.02974828375286,5732.85
CUST_02839,308,10,1576.82,3,3,3,333,Need Attention,2022-10-22,2024-02-28,494,157.682,1.352498288843258,7.3937246963562755,3497.57
CUST_02840,152,17,2695.24,4,4,4,444,Champions,2022-10-02,2024-08-02,670,158.5435294117647,1.834360027378508,9.267537313432836,4407.92
CUST_02841,9,9,1175.07,5,3,3,533,Potential Loyalists,2024-02-11,2024-12-23,316,130.56333333333333,0.865160848733744,10.402689873417721,4074.63
CUST_02842,152,9,1192.6,4,3,3,433,Potential Loyalists,2023-01-18,2024-08-02,562,132.5111111111111,1.538672142368241,5.849199288256227,2325.25
CUST_02843,24,14,2616.92,5,4,4,544,Champions,2023-08-13,2024-12-08,483,186.92285714285714,1.322381930184805,10.58695652173913,5936.83
CUST_02844,275,17,2439.87,3,4,4,344,Loyal Customers,2022-07-11,2024-04-01,630,143.52176470588233,1.7248459958932238,9.855952380952381,4243.63
CUST_02845,15,22,5055.13,5,5,5,555,Champions,2024-01-04,2024-12-17,348,229.77863636363637,0.9527720739219713,23.09051724137931,15917.12
CUST_02846,6,8,1695.35,5,3,3,533,Potential Loyalists,2024-02-07,2024-12-26,323,211.91875,0.8843258042436687,9.046439628482972,5751.33
CUST_02847,261,10,2549.29,3,3,4,334,Need Attention,2023-02-24,2024-04-15,416,254.929,1.1389459274469542,8.780048076923077,6714.87
CUST_02848,26,17,4445.22,5,4,5,545,Champions,2023-02-07,2024-12-06,668,261.4835294117647,1.8288843258042438,9.295284431137723,7291.69
CUST_02849,37,10,764.9300000000001,5,3,2,532,Potential Loyalists,2023-07-21,2024-11-25,493,76.49300000000001,1.3497604380561259,7.4087221095334685,1700.15
CUST_02850,43,9,1390.47,5,3,3,533,Potential Loyalists,2023-08-10,2024-11-19,467,154.49666666666667,1.2785763175906912,7.039079229122056,3262.54
CUST_02851,480,29,5250.58,2,5,5,255,Cannot Lose Them,2022-02-17,2023-09-09,569,181.05448275862068,1.5578370978781657,18.61555360281195,10111.29
CUST_02852,166,4,577.48,4,2,2,422,Potential Loyalists,2024-01-09,2024-07-19,192,144.37,0.5256673511293635,7.609375,3295.7
CUST_02853,39,12,2293.05,5,4,4,544,Champions,2023-06-16,2024-11-23,526,191.0875,1.4401095140314852,8.332699619771864,4776.82
CUST_02854,202,17,3126.71,3,4,4,344,Loyal Customers,2022-11-02,2024-06-13,589,183.92411764705884,1.6125941136208077,10.54202037351443,5816.8
CUST_02855,335,10,1546.67,3,3,3,333,Need Attention,2022-05-08,2024-02-01,634,154.667,1.7357973990417521,5.761041009463723,2673.13
CUST_02856,8,16,4578.7,5,4,5,545,Champions,2024-01-21,2024-12-24,338,286.16875,0.9253935660506503,17.289940828402365,14843.52
CUST_02857,33,9,1275.63,5,3,3,533,Potential Loyalists,2023-10-03,2024-11-29,423,141.73666666666668,1.158110882956879,7.7712765957446805,3304.42
CUST_02858,337,13,2039.1200000000001,3,4,4,344,Loyal Customers,2022-11-03,2024-01-30,453,156.85538461538462,1.2402464065708418,10.4817880794702,4932.37
CUST_02859,342,18,1863.79,2,5,4,254,Cannot Lose Them,2022-03-03,2024-01-25,693,103.54388888888889,1.8973305954825461,9.487012987012987,2946.97
CUST_02860,65,6,503.97,4,2,2,422,Potential Loyalists,2023-12-05,2024-10-28,328,83.995,0.8980150581793293,6.6814024390243905,1683.61
CUST_02861,265,3,1024.69,3,1,3,313,Need Attention,2023-08-05,2024-04-11,250,341.56333333333333,0.6844626967830253,4.383,4491.22
CUST_02862,6,6,758.0500000000001,5,2,2,522,Potential Loyalists,2023-12-27,2024-12-26,365,126.34166666666668,0.999315537303217,6.004109589041096,2275.71
CUST_02863,168,19,3751.41,4,5,5,455,Champions,2022-07-10,2024-07-17,738,197.44263157894736,2.020533880903491,9.403455284552845,5569.93
CUST_02864,320,16,2637.51,3,4,4,344,Loyal Customers,2022-09-07,2024-02-16,527,164.844375,1.4428473648186173,11.089184060721063,5483.97
CUST_02865,7,8,1189.51,5,3,3,533,Potential Loyalists,2024-02-10,2024-12-25,319,148.68875,0.8733744010951403,9.15987460815047,4085.91
CUST_02866,232,6,564.23,3,2,2,322,Need Attention,2023-08-04,2024-05-14,284,94.03833333333334,0.7775496235455168,7.716549295774647,2176.95
CUST_02867,372,2,167.42,2,1,1,211,Hibernating,2023-08-06,2023-12-26,142,83.71,0.3887748117727584,5.144366197183098,1291.9
CUST_02868,450,5,633.1800000000001,2,2,2,222,Hibernating,2023-01-08,2023-10-09,274,126.63600000000001,0.7501711156741958,6.665145985401459,2532.14
CUST_02869,200,3,137.17,3,1,1,311,Need Attention,2023-10-24,2024-06-15,235,45.72333333333333,0.6433949349760438,4.662765957446808,639.59
CUST_02870,236,3,410.63,3,1,2,312,Need Attention,2023-06-05,2024-05-10,340,136.87666666666667,0.9308692676249144,3.222794117647059,1323.38
CUST_02871,704,9,1169.99,1,3,3,133,At Risk,2022-04-16,2023-01-28,287,129.9988888888889,0.785763175906913,11.453832752613241,4466.96
CUST_02872,191,7,1033.66,3,2,3,323,Need Attention,2023-06-02,2024-06-24,388,147.6657142857143,1.0622861054072552,6.589561855670103,2919.16
CUST_02873,828,1,315.29,1,1,1,111,Hibernating,2022-09-26,2022-09-26,0,315.29,0.08213552361396304,12.175,11515.97
CUST_02874,431,2,45.93,2,1,1,211,Hibernating,2023-05-15,2023-10-28,166,22.965,0.4544832306639288,4.400602409638554,303.18
CUST_02875,252,3,169.07999999999998,3,1,1,311,Need Attention,2023-12-11,2024-04-24,135,56.35999999999999,0.36960985626283366,8.116666666666667,1372.37
CUST_02876,625,5,860.6999999999999,1,2,2,122,Hibernating,2022-07-30,2023-04-17,261,172.14,0.7145790554414785,6.997126436781609,3613.46
CUST_02877,666,3,378.61,1,1,1,111,Hibernating,2022-08-23,2023-03-07,196,126.20333333333333,0.5366187542778919,5.590561224489796,2116.64
CUST_02878,53,9,1809.34,4,3,4,434,Potential Loyalists,2023-12-01,2024-11-09,344,201.03777777777776,0.9418206707734429,9.555959302325581,5763.33
CUST_02879,407,9,1368.24,2,3,3,233,At Risk,2022-12-27,2023-11-21,329,152.02666666666667,0.9007529089664613,9.99164133738602,4556.99
CUST_02880,115,16,4377.58,4,4,5,445,Champions,2023-11-29,2024-09-08,284,273.59875,0.7775496235455168,20.577464788732392,16889.91
CUST_02881,533,3,374.46000000000004,1,1,1,111,Hibernating,2022-10-17,2023-07-18,274,124.82000000000001,0.7501711156741958,3.9990875912408756,1497.5
CUST_02882,31,12,1919.6200000000001,5,4,4,544,Champions,2023-09-03,2024-12-01,455,159.96833333333333,1.2457221081451062,9.632967032967032,4622.91
CUST_02883,300,17,2420.11,3,4,4,344,Loyal Customers,2022-07-22,2024-03-07,594,142.3594117647059,1.626283367556468,10.453282828282829,4464.37
CUST_02884,699,20,3476.85,1,5,5,155,Cannot Lose Them,2022-02-18,2023-02-02,349,173.8425,0.9555099247091033,20.931232091690546,10916.21
CUST_02885,184,11,1285.53,4,4,3,443,Loyal Customers,2023-06-06,2024-07-01,391,116.86636363636363,1.0704996577686516,10.275575447570333,3602.61
CUST_02886,521,25,3878.12,1,5,5,155,Cannot Lose Them,2022-04-01,2023-07-30,485,155.1248,1.3278576317590691,18.827319587628867,8761.75
CUST_02887,669,3,207.26,1,1,1,111,Hibernating,2022-08-19,2023-03-04,197,69.08666666666666,0.5393566050650239,5.562182741116752,1152.82
CUST_02888,133,7,755.09,4,2,2,422,Potential Loyalists,2023-08-13,2024-08-21,374,107.87,1.0239561943874058,6.836229946524065,2212.27
CUST_02889,656,17,2780.85,1,4,4,144,Cannot Lose Them,2022-05-10,2023-03-17,311,163.57941176470587,0.8514715947980835,19.965434083601284,9797.8
CUST_02890,665,3,344.13,1,1,1,111,Hibernating,2022-08-09,2023-03-08,211,114.71,0.5776865160848734,5.193127962085308,1787.11
CUST_02891,106,8,1707.24,4,3,3,433,Potential Loyalists,2023-12-05,2024-09-17,287,213.405,0.785763175906913,10.181184668989548,6518.15
CUST_02892,435,32,6016.59,2,5,5,255,Cannot Lose Them,2022-03-02,2023-10-24,601,188.0184375,1.6454483230663928,19.44758735440932,10969.51
CUST_02893,30,5,259.37,5,2,1,521,Potential Loyalists,2024-02-21,2024-12-02,285,51.874,0.7802874743326489,6.407894736842105,997.21
CUST_02894,40,5,1097.02,5,2,3,523,Potential Loyalists,2024-02-20,2024-11-22,276,219.404,0.75564681724846,6.616847826086957,4355.29
CUST_02895,148,11,1994.54,4,4,4,444,Champions,2023-07-03,2024-08-06,400,181.32181818181817,1.0951403148528405,10.044375,5463.79
CUST_02896,476,1,72.55,2,1,1,211,Hibernating,2023-09-13,2023-09-13,0,72.55,0.08213552361396304,12.175,2649.89
CUST_02897,295,9,1598.3899999999999,3,3,3,333,Need Attention,2022-11-05,2024-03-12,493,177.59888888888887,1.3497604380561259,6.667849898580122,3552.61
CUST_02898,615,9,1375.84,1,3,3,133,At Risk,2022-08-17,2023-04-27,253,152.8711111111111,0.6926762491444216,12.99308300395257,5958.8
CUST_02899,49,14,3106.17,4,4,4,444,Champions,2023-07-09,2024-11-13,493,221.86928571428572,1.3497604380561259,10.372210953346856,6903.83
CUST_02900,292,8,1408.29,3,3,3,333,Need Attention,2022-12-27,2024-03-15,444,176.03625,1.215605749486653,6.581081081081081,3475.53
CUST_02901,212,18,3050.07,3,5,4,354,Loyal Customers,2022-07-05,2024-06-03,699,169.44833333333335,1.9137577002053388,9.405579399141631,4781.28
CUST_02902,608,2,579.34,1,1,2,112,Hibernating,2023-01-18,2023-05-04,106,289.67,0.29021218343600275,6.891509433962264,5988.79
CUST_02903,252,18,2179.39,3,5,4,354,Loyal Customers,2022-05-28,2024-04-24,697,121.07722222222222,1.9082819986310746,9.432568149210903,3426.21
CUST_02904,164,5,378.62,4,2,1,421,Potential Loyalists,2023-10-27,2024-07-21,268,75.724,0.7337440109514032,6.814365671641791,1548.03
CUST_02905,572,17,3140.59,1,4,4,144,Cannot Lose Them,2022-09-08,2023-06-09,274,184.74058823529413,0.7501711156741958,22.661496350364963,12559.49
CUST_02906,668,1,144.55,1,1,1,111,Hibernating,2023-03-05,2023-03-05,0,144.55,0.08213552361396304,12.175,5279.69
CUST_02907,146,4,252.0,4,2,1,421,Potential Loyalists,2024-02-14,2024-08-08,176,63.0,0.48186173853524983,8.301136363636363,1568.91
CUST_02908,178,37,8275.34,4,5,5,455,Champions,2022-11-05,2024-07-07,610,223.65783783783783,1.6700889801505818,22.15450819672131,14865.09
CUST_02909,338,3,116.0,3,1,1,311,Need Attention,2023-05-30,2024-01-29,244,38.666666666666664,0.6680355920602327,4.490778688524591,520.93
CUST_02910,479,3,172.36,2,1,1,211,Hibernating,2023-03-03,2023-09-10,191,57.45333333333334,0.5229295003422314,5.736910994764397,988.81
CUST_02911,644,1,13.13,1,1,1,111,Hibernating,2023-03-29,2023-03-29,0,13.13,0.08213552361396304,12.175,479.57
CUST_02912,669,12,2279.53,1,4,4,144,Cannot Lose Them,2022-02-13,2023-03-04,384,189.96083333333334,1.051334702258727,11.4140625,6504.67
CUST_02913,52,8,1032.14,4,3,3,433,Potential Loyalists,2023-08-08,2024-11-10,460,129.0175,1.2594113620807665,6.352173913043479,2458.62
CUST_02914,620,5,1107.99,1,2,3,123,Hibernating,2022-09-09,2023-04-22,225,221.598,0.6160164271047228,8.116666666666667,5395.91
CUST_02915,562,5,507.12,1,2,2,122,Hibernating,2022-09-06,2023-06-19,286,101.424,0.783025325119781,6.385489510489511,1942.93
CUST_02916,137,15,3654.08,4,4,5,445,Champions,2023-12-07,2024-08-17,254,243.60533333333333,0.6954140999315537,21.56988188976378,15763.61
CUST_02917,7,9,1599.58,5,3,3,533,Potential Loyalists,2024-01-28,2024-12-25,332,177.7311111111111,0.9089664613278576,9.901355421686747,5279.34
CUST_02918,284,11,2119.4700000000003,3,4,4,344,Loyal Customers,2023-02-11,2024-03-23,406,192.67909090909095,1.111567419575633,9.895935960591133,5720.22
CUST_02919,318,8,717.0,3,3,2,332,Need Attention,2022-09-27,2024-02-18,509,89.625,1.3935660506502396,5.740667976424361,1543.52
CUST_02920,540,10,2309.61,1,3,4,134,Cannot Lose Them,2022-06-07,2023-07-11,399,230.961,1.0924024640657084,9.154135338345865,6342.74
CUST_02921,26,8,1039.24,5,3,3,533,Potential Loyalists,2024-02-04,2024-12-06,306,129.905,0.837782340862423,9.549019607843137,3721.4
CUST_02922,1,10,2473.92,5,3,4,534,Potential Loyalists,2024-02-11,2024-12-31,324,247.392,0.8870636550308009,11.273148148148147,8366.66
CUST_02923,495,14,1892.68,2,4,4,244,Cannot Lose Them,2022-04-20,2023-08-25,492,135.1914285714286,1.3470225872689938,10.393292682926829,4215.25
CUST_02924,470,3,365.21,2,1,1,211,Hibernating,2022-12-21,2023-09-19,272,121.73666666666666,0.7446954140999316,4.028492647058823,1471.25
CUST_02925,674,11,1789.8899999999999,1,4,3,143,Loyal Customers,2022-02-25,2023-02-27,367,162.71727272727273,1.0047912388774811,10.947547683923707,5344.07
CUST_02926,511,3,123.31,2,1,1,211,Hibernating,2022-12-18,2023-08-09,234,41.10333333333333,0.6406570841889117,4.682692307692308,577.42
CUST_02927,381,3,247.55,2,1,1,211,Hibernating,2023-04-04,2023-12-17,257,82.51666666666667,0.70362765229295,4.2636186770428015,1055.46
CUST_02928,336,16,1712.82,3,4,3,343,Loyal Customers,2022-02-24,2024-01-31,706,107.05125,1.9329226557152634,8.277620396600566,2658.39
CUST_02929,398,7,928.38,2,2,2,222,Hibernating,2022-12-24,2023-11-30,341,132.62571428571428,0.9336071184120466,7.497800586510263,2983.2
CUST_02930,293,10,2107.45,3,3,4,334,Need Attention,2022-07-21,2024-03-14,602,210.74499999999998,1.648186173853525,6.0672757475083055,3835.94
CUST_02931,21,3,274.83,5,1,1,511,New Customers,2024-07-18,2024-12-11,146,91.61,0.3997262149212868,7.50513698630137,2062.64
CUST_02932,106,33,8326.01,4,5,5,455,Champions,2023-01-23,2024-09-17,603,252.30333333333334,1.6509240246406571,19.988805970149254,15129.73
CUST_02933,432,3,155.23,2,1,1,211,Hibernating,2023-02-25,2023-10-27,244,51.74333333333333,0.6680355920602327,4.490778688524591,697.1
CUST_02934,837,4,529.23,1,2,2,122,Hibernating,2022-03-11,2022-09-17,190,132.3075,0.5201916495550992,7.689473684210527,3052.13
CUST_02935,1,8,1285.99,5,3,3,533,Potential Loyalists,2023-08-18,2024-12-31,501,160.74875,1.3716632443531827,5.832335329341317,2812.62
CUST_02936,613,6,270.68,1,2,1,121,Hibernating,2022-05-30,2023-04-29,334,45.11333333333334,0.9144421629021219,6.561377245508981,888.02
CUST_02937,676,15,3950.1,1,4,5,145,Cannot Lose Them,2022-07-13,2023-02-25,227,263.34,0.621492128678987,24.13546255506608,19067.5
CUST_02938,606,1,18.47,1,1,1,111,Hibernating,2023-05-06,2023-05-06,0,18.47,0.08213552361396304,12.175,674.62
CUST_02939,30,10,796.44,5,3,2,532,Potential Loyalists,2024-01-06,2024-12-02,331,79.644,0.9062286105407256,11.034743202416918,2636.55
CUST_02940,368,5,620.78,2,2,2,222,Hibernating,2023-03-03,2023-12-30,302,124.15599999999999,0.8268309377138946,6.047185430463576,2252.38
CUST_02941,300,2,339.24,3,1,1,311,Need Attention,2023-10-30,2024-03-07,129,169.62,0.3531827515400411,5.662790697674418,2881.57
CUST_02942,602,4,419.26,1,2,2,122,Hibernating,2022-12-11,2023-05-10,150,104.815,0.4106776180698152,9.74,3062.69
CUST_02943,526,10,971.75,1,3,2,132,At Risk,2022-08-02,2023-07-25,357,97.175,0.9774127310061602,10.231092436974789,2982.62
CUST_02944,299,17,3451.92,3,4,5,345,Loyal Customers,2023-05-10,2024-03-08,303,203.05411764705883,0.8295687885010267,20.492574257425744,12483.3
CUST_02945,150,17,3126.14,4,4,4,444,Champions,2022-11-14,2024-08-04,629,183.8905882352941,1.7221081451060918,9.871621621621621,5445.89
CUST_02946,9,21,5488.83,5,5,5,555,Champions,2023-12-08,2024-12-23,381,261.37285714285713,1.0431211498973305,20.13188976377953,15785.79
CUST_02947,284,16,4026.5,3,4,5,345,Loyal Customers,2023-07-20,2024-03-23,247,251.65625,0.676249144421629,23.65991902834008,17862.5
CUST_02948,50,6,846.89,4,2,2,422,Potential Loyalists,2023-12-03,2024-11-12,345,141.14833333333334,0.944558521560575,6.352173913043478,2689.8
CUST_02949,160,17,3862.71,4,4,5,445,Champions,2022-11-06,2024-07-25,627,227.21823529411765,1.7166324435318274,9.90311004784689,6750.5
CUST_02950,66,10,1948.07,4,3,4,434,Potential Loyalists,2023-03-19,2024-10-27,588,194.807,1.6098562628336757,6.211734693877551,3630.27
CUST_02951,294,13,2424.2400000000002,3,4,4,344,Loyal Customers,2022-12-09,2024-03-13,460,186.48000000000002,1.2594113620807665,10.322282608695653,5774.7
CUST_02952,405,21,3004.0,2,5,4,254,Cannot Lose Them,2022-12-27,2023-11-23,331,143.04761904761904,0.9062286105407256,23.172960725075527,9944.51
CUST_02953,940,1,126.28,1,1,1,111,Hibernating,2022-06-06,2022-06-06,0,126.28,0.08213552361396304,12.175,4612.38
CUST_02954,317,9,1385.19,3,3,3,333,Need Attention,2022-09-21,2024-02-19,516,153.91,1.4127310061601643,6.370639534883721,2941.52
CUST_02955,504,7,879.14,2,2,2,222,Hibernating,2022-10-10,2023-08-16,310,125.59142857142857,0.8487337440109514,8.24758064516129,3107.48
CUST_02956,48,9,1820.6499999999999,4,3,4,434,Potential Loyalists,2023-12-29,2024-11-14,321,202.29444444444442,0.8788501026694046,10.240654205607477,6214.88
CUST_02957,115,6,687.68,4,2,2,422,Potential Loyalists,2023-10-04,2024-09-08,340,114.61333333333333,0.9308692676249144,6.445588235294118,2216.25
CUST_02958,246,15,2962.6400000000003,3,4,4,344,Loyal Customers,2022-12-30,2024-04-30,487,197.50933333333336,1.3333333333333333,11.25,6665.94
CUST_02959,239,16,2615.55,3,4,4,344,Loyal Customers,2022-11-18,2024-05-07,536,163.471875,1.4674880219028064,10.902985074626866,5346.99
CUST_02960,143,9,1684.86,4,3,3,433,Potential Loyalists,2023-04-06,2024-08-11,493,187.20666666666665,1.3497604380561259,6.667849898580122,3744.8
CUST_02961,818,1,248.84,1,1,1,111,Hibernating,2022-10-06,2022-10-06,0,248.84,0.08213552361396304,12.175,9088.88
CUST_02962,238,1,67.74,3,1,1,311,Need Attention,2024-05-08,2024-05-08,0,67.74,0.08213552361396304,12.175,2474.2
CUST_02963,290,8,931.1,3,3,2,332,Need Attention,2023-01-03,2024-03-17,439,116.3875,1.2019164955509924,6.6560364464692485,2324.04
CUST_02964,250,3,328.93,3,1,1,311,Need Attention,2023-10-18,2024-04-26,191,109.64333333333333,0.5229295003422314,5.736910994764397,1887.04
CUST_02965,210,36,8190.139999999999,3,5,5,355,Loyal Customers,2022-07-21,2024-06-05,685,227.50388888888887,1.8754277891854894,19.195620437956205,13101.23
CUST_02966,290,10,1616.3200000000002,3,3,3,333,Need Attention,2022-07-31,2024-03-17,595,161.632,1.6290212183436004,6.1386554621848735,2976.61
CUST_02967,305,3,414.35,3,1,2,312,Need Attention,2023-08-07,2024-03-02,208,138.11666666666667,0.5694729637234771,5.268028846153846,2182.81
CUST_02968,207,18,3280.12,3,5,4,354,Loyal Customers,2022-04-15,2024-06-08,785,182.2288888888889,2.1492128678986995,8.37515923566879,4578.59
CUST_02969,786,5,389.59000000000003,1,2,1,121,Hibernating,2022-04-18,2022-11-07,203,77.918,0.5557837097878165,8.996305418719212,2102.92
CUST_02970,111,3,401.28,4,1,2,412,New Customers,2023-12-07,2024-09-12,280,133.76,0.7665982203969883,3.913392857142857,1570.37
CUST_02971,19,28,4871.53,5,5,5,555,Champions,2023-08-16,2024-12-13,485,173.98321428571427,1.3278576317590691,21.08659793814433,11006.14
CUST_02972,43,7,1688.77,5,2,3,523,Potential Loyalists,2024-03-01,2024-11-19,263,241.25285714285715,0.7200547570157426,9.72148288973384,7036.01
CUST_02973,175,12,1565.8799999999999,4,4,3,443,Loyal Customers,2023-03-09,2024-07-10,489,130.48999999999998,1.3388090349075976,8.963190184049079,3508.82
CUST_02974,551,17,3168.26,1,4,4,144,Cannot Lose Them,2022-08-07,2023-06-30,327,186.36823529411765,0.8952772073921971,18.988532110091743,10616.58
CUST_02975,159,22,3951.08,4,5,5,455,Champions,2023-04-06,2024-07-26,477,179.59454545454545,1.3059548254620124,16.845911949685533,9076.3
CUST_02976,228,28,8522.19,3,5,5,355,Loyal Customers,2022-12-14,2024-05-18,521,304.3639285714286,1.4264202600958247,19.629558541266796,17923.59
CUST_02977,140,20,3466.35,4,5,5,455,Champions,2022-07-12,2024-08-14,764,173.3175,2.0917180013689256,9.561518324607329,4971.54
CUST_02978,18,11,1676.25,5,4,3,543,Loyal Customers,2023-12-05,2024-12-14,375,152.38636363636363,1.0266940451745379,10.714,4898.0
CUST_02979,239,8,2017.38,3,3,4,334,Need Attention,2023-06-18,2024-05-07,324,252.1725,0.8870636550308009,9.018518518518517,6822.67
CUST_02980,800,1,83.58,1,1,1,111,Hibernating,2022-10-24,2022-10-24,0,83.58,0.08213552361396304,12.175,3052.76
CUST_02981,530,10,2478.68,1,3,4,134,Cannot Lose Them,2022-08-16,2023-07-21,339,247.868,0.9281314168377823,10.774336283185841,8011.84
CUST_02982,696,4,419.14,1,2,2,122,Hibernating,2022-08-25,2023-02-05,164,104.785,0.4490075290896646,8.908536585365853,2800.44
CUST_02983,269,2,842.75,3,1,2,312,Need Attention,2023-11-30,2024-04-07,129,421.375,0.3531827515400411,5.662790697674418,7158.48
CUST_02984,185,10,1751.58,4,3,3,433,Potential Loyalists,2022-11-16,2024-06-30,592,175.158,1.620807665982204,6.169763513513514,3242.05
CUST_02985,341,1,121.6,2,1,1,211,Hibernating,2024-01-26,2024-01-26,0,121.6,0.08213552361396304,12.175,4441.44
CUST_02986,55,28,7703.85,4,5,5,455,Champions,2023-07-20,2024-11-07,476,275.1375,1.3032169746748803,21.485294117647058,17734.23
CUST_02987,357,10,864.5,2,3,2,232,At Risk,2022-05-01,2024-01-10,619,86.45,1.6947296372347707,5.900646203554119,1530.33
CUST_02988,6,9,2859.5,5,3,4,534,Potential Loyalists,2024-01-09,2024-12-26,352,317.72222222222223,0.9637234770704997,9.338778409090908,8901.41
CUST_02989,11,13,2661.3500000000004,5,4,4,544,Champions,2023-10-06,2024-12-21,442,204.7192307692308,1.2101300479123889,10.742647058823529,6597.68
CUST_02990,350,8,543.1,2,3,2,232,At Risk,2022-10-21,2024-01-17,453,67.8875,1.2402464065708418,6.450331125827815,1313.69
CUST_02991,7,9,1332.41,5,3,3,533,Potential Loyalists,2023-08-23,2024-12-25,490,148.04555555555555,1.3415468856947297,6.7086734693877546,2979.57
CUST_02992,319,18,4493.22,3,5,5,355,Loyal Customers,2023-05-06,2024-02-17,287,249.62333333333333,0.785763175906913,22.907665505226483,17154.86
CUST_02993,836,4,1137.94,1,2,3,123,Hibernating,2022-04-23,2022-09-18,148,284.485,0.405201916495551,9.871621621621621,8424.98
CUST_02994,86,9,1532.99,4,3,3,433,Potential Loyalists,2023-05-24,2024-10-07,502,170.3322222222222,1.374401095140315,6.548306772908366,3346.16
CUST_02995,178,1,138.56,4,1,1,411,New Customers,2024-07-07,2024-07-07,0,138.56,0.08213552361396304,12.175,5060.9
CUST_02996,22,18,2971.32,5,5,4,554,Champions,2023-01-20,2024-12-10,690,165.07333333333335,1.88911704312115,9.528260869565218,4718.59
CUST_02997,274,8,806.29,3,3,2,332,Need Attention,2023-02-02,2024-04-02,425,100.78625,1.163586584531143,6.875294117647059,2078.81
CUST_02998,22,8,979.57,5,3,2,532,Potential Loyalists,2024-02-29,2024-12-10,285,122.44625,0.7802874743326489,10.252631578947367,3766.19
CUST_02999,33,10,1981.31,5,3,4,534,Potential Loyalists,2023-11-18,2024-11-29,377,198.131,1.0321697467488022,9.688328912466844,5758.67
CUST_03000,55,9,1316.68,4,3,3,433,Potential Loyalists,2023-06-21,2024-11-07,505,146.29777777777778,1.3826146475017111,6.50940594059406,2856.93
CUST_03001,39,6,1347.31,5,2,3,523,Potential Loyalists,2023-11-26,2024-11-23,363,224.55166666666665,0.9938398357289527,6.037190082644629,4066.98
CUST_03002,200,24,4533.92,3,5,5,355,Loyal Customers,2023-05-28,2024-06-15,384,188.91333333333333,1.051334702258727,22.828125,12937.61
CUST_03003,950,2,390.87,1,1,1,111,Hibernating,2022-03-09,2022-05-27,79,195.435,0.216290212183436,9.246835443037975,5421.47
CUST_03004,407,3,528.88,2,1,2,212,Hibernating,2023-06-13,2023-11-21,161,176.29333333333332,0.4407939767282683,6.805900621118012,3599.5
CUST_03005,33,11,1776.76,5,4,3,543,Loyal Customers,2023-10-21,2024-11-29,405,161.52363636363637,1.108829568788501,9.920370370370371,4807.12
CUST_03006,64,4,501.48,4,2,2,422,Potential Loyalists,2024-04-07,2024-10-29,205,125.37,0.5612594113620808,7.126829268292682,2680.47
CUST_03007,206,8,1522.65,3,3,3,333,Need Attention,2023-02-07,2024-06-09,488,190.33125,1.3360711841204653,5.9877049180327875,3418.94
CUST_03008,576,6,359.71000000000004,1,2,1,121,Hibernating,2022-07-24,2023-06-05,316,59.951666666666675,0.865160848733744,6.935126582278481,1247.32
CUST_03009,11,32,7493.41,5,5,5,555,Champions,2023-03-21,2024-12-21,641,234.1690625,1.754962354551677,18.234009360374415,12809.52
CUST_03010,3,12,2181.15,5,4,4,544,Champions,2023-07-16,2024-12-29,532,181.76250000000002,1.4565366187542779,8.238721804511279,4492.47
CUST_03011,328,3,90.53999999999999,3,1,1,311,Need Attention,2023-04-09,2024-02-08,305,30.179999999999996,0.8350444900752909,3.592622950819672,325.28
CUST_03012,237,14,2285.85,3,4,4,344,Loyal Customers,2023-01-14,2024-05-09,481,163.275,1.3169062286105406,10.630977130977131,5207.32
CUST_03013,296,3,304.48,3,1,1,311,Need Attention,2023-06-11,2024-03-11,274,101.49333333333334,0.7501711156741958,3.9990875912408756,1217.64
CUST_03014,4,24,4987.14,5,5,5,555,Champions,2023-11-10,2024-12-28,414,207.7975,1.1334702258726899,21.17391304347826,13199.66
CUST_03015,163,8,846.37,4,3,2,432,Potential Loyalists,2023-10-19,2024-07-22,277,105.79625,0.758384668035592,10.548736462093864,3348.05
CUST_03016,357,17,2357.14,2,4,4,244,Cannot Lose Them,2022-03-11,2024-01-10,670,138.65529411764706,1.834360027378508,9.267537313432836,3854.98
CUST_03017,305,1,85.43,3,1,1,311,Need Attention,2024-03-02,2024-03-02,0,85.43,0.08213552361396304,12.175,3120.33
CUST_03018,218,16,3236.59,3,4,4,344,Loyal Customers,2022-10-05,2024-05-28,601,202.286875,1.6454483230663928,9.72379367720466,5900.99
CUST_03019,354,1,97.99,2,1,1,211,Hibernating,2024-01-13,2024-01-13,0,97.99,0.08213552361396304,12.175,3579.08
CUST_03020,470,8,786.53,2,3,2,232,At Risk,2022-05-10,2023-09-19,497,98.31625,1.3607118412046544,5.879275653923541,1734.09
CUST_03021,22,10,1614.82,5,3,3,533,Potential Loyalists,2023-12-26,2024-12-10,350,161.482,0.9582477754962354,10.435714285714287,5055.54
CUST_03022,620,23,4242.96,1,5,5,155,Cannot Lose Them,2022-03-24,2023-04-22,394,184.47652173913045,1.0787132101300478,21.321700507614214,11800.06
CUST_03023,209,15,2827.27,3,4,4,344,Loyal Customers,2023-02-02,2024-06-06,490,188.48466666666667,1.3415468856947297,11.181122448979592,6322.41
CUST_03024,375,4,546.62,2,2,2,222,Hibernating,2023-06-01,2023-12-23,205,136.655,0.5612594113620808,7.126829268292682,2921.75
CUST_03025,312,16,3072.31,3,4,4,344,Loyal Customers,2022-07-26,2024-02-24,578,192.019375,1.5824777549623545,10.110726643598616,5824.37
CUST_03026,102,9,1157.01,4,3,3,433,Potential Loyalists,2023-03-30,2024-09-21,541,128.55666666666667,1.4811772758384667,6.076247689463956,2343.43
CUST_03027,354,17,2339.0,2,4,4,244,Cannot Lose Them,2022-05-16,2024-01-13,607,137.58823529411765,1.6618754277891854,10.229406919275124,4222.34
CUST_03028,23,10,2555.96,5,3,4,534,Potential Loyalists,2023-12-18,2024-12-09,357,255.596,0.9774127310061602,10.231092436974789,7845.08
CUST_03029,418,7,626.36,2,2,2,222,Hibernating,2022-11-06,2023-11-10,369,89.48,1.0102669404517455,6.928861788617885,1859.98
CUST_03030,149,10,1756.73,4,3,3,433,Potential Loyalists,2023-10-17,2024-08-05,293,175.673,0.8021902806297057,12.465870307167236,6569.75
CUST_03031,41,35,8457.04,5,5,5,555,Champions,2023-03-15,2024-11-21,617,241.6297142857143,1.6892539356605065,20.719205834683954,15019.13
CUST_03032,9,29,5672.91,5,5,5,555,Champions,2023-06-12,2024-12-23,560,195.61758620689653,1.5331964407939767,18.914732142857144,11100.16
CUST_03033,142,17,2719.87,4,4,4,444,Champions,2023-01-01,2024-08-12,589,159.99235294117648,1.6125941136208077,10.54202037351443,5059.93
CUST_03034,373,27,6100.02,2,5,5,255,Cannot Lose Them,2022-10-08,2023-12-25,443,225.92666666666668,1.212867898699521,22.261286681715575,15088.25
CUST_03035,15,20,3670.95,5,5,5,555,Champions,2023-12-11,2024-12-17,372,183.54749999999999,1.0184804928131417,19.637096774193548,10813.02
CUST_03036,356,12,3364.1099999999997,2,4,4,244,Cannot Lose Them,2022-09-15,2024-01-11,483,280.3425,1.322381930184805,9.074534161490682,7631.93
CUST_03037,816,1,11.64,1,1,1,111,Hibernating,2022-10-08,2022-10-08,0,11.64,0.08213552361396304,12.175,425.15
CUST_03038,316,26,4971.0199999999995,3,5,5,355,Loyal Customers,2022-10-23,2024-02-20,485,191.19307692307692,1.3278576317590691,19.58041237113402,11230.92
CUST_03039,51,9,1154.69,4,3,3,433,Potential Loyalists,2023-06-22,2024-11-11,508,128.29888888888888,1.3908281998631074,6.470964566929134,2490.65
CUST_03040,71,10,1744.0,4,3,3,433,Potential Loyalists,2023-10-02,2024-10-22,386,174.4,1.056810403832991,9.462435233160623,4950.75
CUST_03041,192,5,691.22,3,2,2,322,Need Attention,2023-09-03,2024-06-23,294,138.244,0.8049281314168378,6.211734693877551,2576.21
CUST_03042,246,9,987.4200000000001,3,3,3,333,Need Attention,2022-11-09,2024-04-30,538,109.71333333333334,1.4729637234770705,6.110130111524164,2011.09
CUST_03043,621,5,843.92,1,2,2,122,Hibernating,2022-07-06,2023-04-21,289,168.784,0.7912388774811773,6.319204152249135,3199.74
CUST_03044,274,17,2460.7000000000003,3,4,4,344,Loyal Customers,2022-07-16,2024-04-02,626,144.74705882352941,1.7138945927446954,9.918929712460065,4307.21
CUST_03045,326,16,3086.59,3,4,4,344,Loyal Customers,2022-08-10,2024-02-10,549,192.911875,1.5030800821355237,10.6448087431694,6160.53
CUST_03046,347,5,742.5799999999999,2,2,2,222,Hibernating,2023-02-11,2024-01-20,343,148.516,0.9390828199863107,5.324344023323615,2372.25
CUST_03047,387,14,3190.46,2,4,4,244,Cannot Lose Them,2022-08-03,2023-12-11,495,227.89000000000001,1.3552361396303902,10.33030303030303,7062.52
CUST_03048,303,5,1133.79,3,2,3,323,Need Attention,2023-06-04,2024-03-04,274,226.75799999999998,0.7501711156741958,6.665145985401459,4534.13
CUST_03049,433,26,4194.64,2,5,5,255,Cannot Lose Them,2022-07-25,2023-10-26,458,161.3323076923077,1.2539356605065024,20.73471615720524,10035.54
CUST_03050,244,6,985.6800000000001,3,2,3,323,Need Attention,2023-07-07,2024-05-02,300,164.28,0.8213552361396304,7.305000000000001,3600.2
CUST_03051,519,7,902.37,1,2,2,122,Hibernating,2022-07-01,2023-08-01,396,128.91,1.0841889117043122,6.456439393939394,2496.9
CUST_03052,157,4,601.62,4,2,2,422,Potential Loyalists,2024-01-31,2024-07-28,179,150.405,0.49007529089664614,8.162011173184357,3682.82
CUST_03053,283,17,2779.79,3,4,4,344,Loyal Customers,2023-05-13,2024-03-24,316,163.5170588235294,0.865160848733744,19.649525316455698,9639.1
CUST_03054,565,2,683.14,1,1,2,112,Hibernating,2023-02-01,2023-06-16,135,341.57,0.36960985626283366,5.411111111111111,5544.82
CUST_03055,136,14,3202.7,4,4,4,444,Champions,2023-02-25,2024-08-18,540,228.7642857142857,1.4784394250513346,9.469444444444445,6498.81
CUST_03056,472,8,1080.97,2,3,3,233,At Risk,2022-06-22,2023-09-17,452,135.12125,1.2375085557837098,6.464601769911504,2620.52
CUST_03057,362,3,299.66999999999996,2,1,1,211,Hibernating,2023-04-04,2024-01-05,276,99.88999999999999,0.75564681724846,3.970108695652174,1189.72
CUST_03058,6,5,1413.07,5,2,3,523,Potential Loyalists,2024-03-10,2024-12-26,291,282.614,0.7967145790554415,6.275773195876289,5320.86
CUST_03059,145,8,1097.44,4,3,3,433,Potential Loyalists,2023-06-04,2024-08-09,432,137.18,1.1827515400410678,6.763888888888889,2783.61
CUST_03060,130,17,2763.81,4,4,4,444,Champions,2022-10-21,2024-08-24,673,162.5770588235294,1.842573579739904,9.226225854383358,4499.92
CUST_03061,18,7,904.46,5,2,2,522,Potential Loyalists,2023-12-24,2024-12-14,356,129.20857142857145,0.974674880219028,7.18188202247191,2783.88
CUST_03062,445,7,1278.82,2,2,3,223,Hibernating,2022-09-23,2023-10-14,386,182.6885714285714,1.056810403832991,6.623704663212435,3630.23
CUST_03063,47,6,818.5,4,2,2,422,Potential Loyalists,2024-03-08,2024-11-15,252,136.41666666666666,0.6899383983572895,8.696428571428571,3559.01
CUST_03064,24,8,970.6,5,3,2,532,Potential Loyalists,2023-10-25,2024-12-08,410,121.325,1.1225188227241616,7.126829268292682,2593.99
CUST_03065,286,2,107.78,3,1,1,311,Need Attention,2023-11-01,2024-03-21,141,53.89,0.3860369609856263,5.180851063829787,837.59
CUST_03066,315,2,47.519999999999996,3,1,1,311,Need Attention,2023-10-08,2024-02-21,136,23.759999999999998,0.3723477070499658,5.3713235294117645,382.87
CUST_03067,28,12,2583.9900000000002,5,4,4,544,Champions,2023-07-30,2024-12-04,493,215.3325,1.3497604380561259,8.890466531440163,5743.22
CUST_03068,283,8,889.83,3,3,2,332,Need Attention,2022-12-31,2024-03-24,449,111.22875,1.2292950034223136,6.507795100222717,2171.56
CUST_03069,710,16,2536.87,1,4,4,144,Cannot Lose Them,2022-04-10,2023-01-22,287,158.554375,0.785763175906913,20.362369337979096,9685.63
CUST_03070,4,7,786.09,5,2,2,522,Potential Loyalists,2023-12-12,2024-12-28,382,112.29857142857144,1.0458590006844628,6.6930628272251305,2254.86
CUST_03071,296,12,1663.24,3,4,3,343,Loyal Customers,2022-12-24,2024-03-11,443,138.60333333333332,1.212867898699521,9.89390519187359,4113.98
CUST_03072,420,11,2457.89,2,4,4,244,Cannot Lose Them,2022-10-29,2023-11-08,375,223.44454545454545,1.0266940451745379,10.714,7181.95
CUST_03073,698,8,1146.8400000000001,1,3,3,133,At Risk,2022-04-17,2023-02-03,292,143.35500000000002,0.7994524298425736,10.006849315068493,4303.6
CUST_03074,415,20,3852.4700000000003,2,5,5,255,Cannot Lose Them,2022-10-17,2023-11-13,392,192.6235,1.0732375085557837,18.635204081632654,10768.73
CUST_03075,15,7,1291.51,5,2,3,523,Potential Loyalists,2023-09-29,2024-12-17,445,184.50142857142856,1.218343600273785,5.745505617977528,3180.16
CUST_03076,162,10,1017.11,4,3,3,433,Potential Loyalists,2022-11-20,2024-07-23,611,101.711,1.672826830937714,5.9779050736497545,1824.06
CUST_03077,340,2,50.800000000000004,2,1,1,211,Hibernating,2023-10-01,2024-01-27,118,25.400000000000002,0.32306639288158795,6.190677966101695,471.73
CUST_03078,313,1,104.13,3,1,1,311,Need Attention,2024-02-23,2024-02-23,0,104.13,0.08213552361396304,12.175,3803.35
CUST_03079,18,8,1332.54,5,3,3,533,Potential Loyalists,2023-08-30,2024-12-14,472,166.5675,1.2922655715263518,6.190677966101695,3093.5
CUST_03080,194,8,695.26,3,3,2,332,Need Attention,2023-04-04,2024-06-21,444,86.9075,1.215605749486653,6.581081081081081,1715.84
CUST_03081,320,9,1359.32,3,3,3,333,Need Attention,2023-03-28,2024-02-16,325,151.03555555555556,0.8898015058179329,10.114615384615384,4583.0
CUST_03082,377,16,2394.15,2,4,4,244,Cannot Lose Them,2022-07-20,2023-12-21,519,149.634375,1.4209445585215605,11.260115606936417,5054.7
CUST_03083,4,16,2472.5299999999997,5,4,4,544,Champions,2023-03-28,2024-12-28,641,154.53312499999998,1.754962354551677,9.117004680187208,4226.64
CUST_03084,692,18,3344.9,1,5,4,154,Cannot Lose Them,2022-02-25,2023-02-09,349,185.82777777777778,0.9555099247091033,18.83810888252149,10501.93
CUST_03085,49,4,600.02,4,2,2,422,Potential Loyalists,2024-04-13,2024-11-13,214,150.005,0.5859000684462696,6.827102803738319,3072.3
CUST_03086,196,11,1626.19,3,4,3,343,Loyal Customers,2023-04-16,2024-06-19,430,147.83545454545455,1.1772758384668036,9.34360465116279,4143.95
CUST_03087,548,22,5843.14,1,5,5,155,Cannot Lose Them,2022-07-10,2023-07-03,358,265.59727272727275,0.9801505817932923,22.445530726256983,17884.42
CUST_03088,145,18,3332.37,4,5,4,454,Champions,2022-09-03,2024-08-09,706,185.13166666666666,1.9329226557152634,9.312322946175637,5172.02
CUST_03089,162,36,7786.7,4,5,5,455,Champions,2022-10-16,2024-07-23,646,216.29722222222222,1.7686516084873374,20.354489164086687,13207.86
CUST_03090,771,2,58.989999999999995,1,1,1,111,Hibernating,2022-08-24,2022-11-22,90,29.494999999999997,0.2464065708418891,8.116666666666667,718.2
CUST_03091,324,3,301.5,3,1,1,311,Need Attention,2023-03-22,2024-02-12,327,100.5,0.8952772073921971,3.3509174311926606,1010.3
CUST_03092,142,9,887.97,4,3,2,432,Potential Loyalists,2023-05-08,2024-08-12,462,98.66333333333334,1.264887063655031,7.11525974025974,2106.05
CUST_03093,57,10,1236.3,4,3,3,433,Potential Loyalists,2023-04-28,2024-11-05,557,123.63,1.5249828884325805,6.557450628366247,2432.09
CUST_03094,233,2,279.96,3,1,1,311,Need Attention,2023-11-26,2024-05-13,169,139.98,0.46269678302532513,4.322485207100591,1815.18
CUST_03095,7,8,1080.92,5,3,3,533,Potential Loyalists,2023-10-02,2024-12-25,450,135.115,1.2320328542094456,6.493333333333333,2632.04
CUST_03096,47,9,1479.6399999999999,4,3,3,433,Potential Loyalists,2023-05-28,2024-11-15,537,164.40444444444444,1.4702258726899384,6.121508379888268,3019.21
CUST_03097,19,9,1278.2,5,3,3,533,Potential Loyalists,2024-03-03,2024-12-13,285,142.02222222222224,0.7802874743326489,11.534210526315789,4914.34
CUST_03098,495,8,722.95,2,3,2,232,At Risk,2022-07-01,2023-08-25,420,90.36875,1.1498973305954825,6.957142857142857,1886.12
CUST_03099,703,16,4067.38,1,4,5,145,Cannot Lose Them,2022-04-11,2023-01-29,293,254.21125,0.8021902806297057,19.945392491467576,15211.03
CUST_03100,170,14,1886.9099999999999,4,4,4,444,Champions,2023-02-25,2024-07-15,506,134.7792857142857,1.3853524982888432,10.105731225296443,4086.13
CUST_03101,169,4,532.57,4,2,2,422,Potential Loyalists,2023-11-13,2024-07-16,246,133.1425,0.6735112936344969,5.939024390243903,2372.21
CUST_03102,149,21,3737.44,4,5,5,455,Champions,2023-05-17,2024-08-05,446,177.97333333333333,1.2210814510609171,17.19786995515695,9182.29
CUST_03103,591,11,1817.8,1,4,4,144,Cannot Lose Them,2022-05-23,2023-05-21,363,165.25454545454545,0.9938398357289527,11.068181818181818,5487.2
CUST_03104,495,35,7542.26,2,5,5,255,Cannot Lose Them,2022-02-06,2023-08-25,565,215.49314285714286,1.5468856947296372,22.626106194690266,14627.31
CUST_03105,225,13,2238.11,3,4,4,344,Loyal Customers,2023-01-20,2024-05-21,487,172.1623076923077,1.3333333333333333,9.75,5035.75
CUST_03106,28,8,1264.52,5,3,3,533,Potential Loyalists,2024-02-28,2024-12-04,280,158.065,0.7665982203969883,10.435714285714287,4948.56
CUST_03107,43,6,274.56,5,2,1,521,Potential Loyalists,2024-01-15,2024-11-19,309,45.76,0.8459958932238193,7.092233009708738,973.62
CUST_03108,601,8,837.73,1,3,2,132,At Risk,2022-05-01,2023-05-11,375,104.71625,1.0266940451745379,7.792000000000001,2447.85
CUST_03109,281,10,689.2,3,3,2,332,Need Attention,2022-09-16,2024-03-26,557,68.92,1.5249828884325805,6.557450628366247,1355.82
CUST_03110,308,16,2092.13,3,4,4,344,Loyal Customers,2022-07-10,2024-02-28,598,130.758125,1.6372347707049966,9.77257525083612,3833.53
CUST_03111,246,22,4789.82,3,5,5,355,Loyal Customers,2023-02-15,2024-04-30,440,217.7190909090909,1.2046543463381245,18.2625,11928.28
CUST_03112,62,7,425.72,4,2,2,422,Potential Loyalists,2023-10-02,2024-10-31,395,60.81714285714286,1.08145106091718,6.472784810126583,1180.97
CUST_03113,398,7,659.74,2,2,2,222,Hibernating,2022-11-13,2023-11-30,382,94.24857142857142,1.0458590006844628,6.6930628272251305,1892.43
CUST_03114,466,14,3536.89,2,4,5,245,Cannot Lose Them,2022-03-25,2023-09-23,547,252.635,1.4976043805612593,9.348263254113347,7085.1
CUST_03115,513,5,574.31,2,2,2,222,Hibernating,2022-12-03,2023-08-07,247,114.862,0.676249144421629,7.3937246963562755,2547.77
CUST_03116,514,23,4637.64,2,5,5,255,Cannot Lose Them,2022-06-17,2023-08-06,415,201.63652173913044,1.136208076659822,20.242771084337353,12245.05
CUST_03117,73,4,887.89,4,2,2,422,Potential Loyalists,2024-03-27,2024-10-20,207,221.9725,0.5667351129363449,7.057971014492754,4700.03
CUST_03118,295,22,3494.91,3,5,5,355,Loyal Customers,2023-02-23,2024-03-12,383,158.85954545454544,1.0485968514715949,20.98041775456919,9998.82
CUST_03119,91,6,466.90000000000003,4,2,2,422,Potential Loyalists,2023-12-18,2024-10-02,289,77.81666666666668,0.7912388774811773,7.583044982698962,1770.26
CUST_03120,13,36,9894.26,5,5,5,555,Champions,2023-02-13,2024-12-19,675,274.84055555555557,1.8480492813141685,19.48,16061.68
CUST_03121,127,29,6070.14,4,5,5,455,Champions,2023-03-29,2024-08-27,517,209.3151724137931,1.4154688569472964,20.487911025145067,12865.29
CUST_03122,437,21,3493.18,2,5,5,255,Cannot Lose Them,2022-09-12,2023-10-22,405,166.34190476190474,1.108829568788501,18.93888888888889,9450.99
CUST_03123,697,3,222.42000000000002,1,1,1,111,Hibernating,2022-07-29,2023-02-04,190,74.14,0.5201916495550992,5.767105263157895,1282.72
CUST_03124,15,12,2424.69,5,4,4,544,Champions,2023-07-30,2024-12-17,506,202.0575,1.3853524982888432,8.662055335968379,5250.7
CUST_03125,32,9,1969.52,5,3,4,534,Potential Loyalists,2024-02-16,2024-11-30,288,218.83555555555554,0.7885010266940452,11.4140625,7493.41
CUST_03126,214,2,184.41,3,1,1,311,Need Attention,2023-12-15,2024-06-01,169,92.205,0.46269678302532513,4.322485207100591,1195.66
CUST_03127,240,37,8460.83,3,5,5,355,Loyal Customers,2022-08-01,2024-05-06,644,228.67108108108107,1.7631759069130732,20.984860248447205,14395.89
CUST_03128,451,29,4379.02,2,5,5,255,Cannot Lose Them,2022-05-05,2023-10-08,521,151.00068965517244,1.4264202600958247,20.330614203454896,9209.81
CUST_03129,49,9,1587.4299999999998,4,3,3,433,Potential Loyalists,2023-12-31,2024-11-13,318,176.3811111111111,0.8706365503080082,10.337264150943396,5469.89
CUST_03130,248,29,6320.43,3,5,5,355,Loyal Customers,2022-11-07,2024-04-28,538,217.94586206896554,1.4729637234770705,19.688197026022305,12872.88
CUST_03131,727,10,2443.34,1,3,4,134,Cannot Lose Them,2022-01-30,2023-01-05,340,244.334,0.9308692676249144,10.74264705882353,7874.38
CUST_03132,30,15,2695.85,5,4,4,544,Champions,2023-04-20,2024-12-02,592,179.72333333333333,1.620807665982204,9.25464527027027,4989.83
CUST_03133,400,6,844.85,2,2,2,222,Hibernating,2022-12-30,2023-11-28,333,140.80833333333334,0.9117043121149897,6.581081081081082,2780.01
CUST_03134,267,2,83.16,3,1,1,311,Need Attention,2024-02-03,2024-04-09,66,41.58,0.1806981519507187,11.068181818181817,1380.64
CUST_03135,537,11,2602.4,1,4,4,144,Cannot Lose Them,2022-08-26,2023-07-14,322,236.5818181818182,0.8815879534565366,12.477484472049689,8855.84
CUST_03136,262,11,1288.71,3,4,3,343,Loyal Customers,2023-03-30,2024-04-14,381,117.15545454545455,1.0431211498973305,10.545275590551181,3706.31
CUST_03137,24,16,2360.93,5,4,4,544,Champions,2023-06-08,2024-12-08,549,147.558125,1.5030800821355237,10.6448087431694,4712.18
CUST_03138,122,4,347.78999999999996,4,2,1,421,Potential Loyalists,2024-02-08,2024-09-01,206,86.94749999999999,0.5639972621492129,7.092233009708738,1849.96
CUST_03139,62,7,1697.02,4,2,3,423,Potential Loyalists,2023-10-12,2024-10-31,385,242.43142857142857,1.054072553045859,6.640909090909091,4829.9
CUST_03140,518,3,387.0,2,1,1,211,Hibernating,2023-01-31,2023-08-02,183,129.0,0.5010266940451745,5.987704918032787,2317.24
CUST_03141,61,5,468.13,4,2,2,422,Potential Loyalists,2024-02-26,2024-11-01,249,93.626,0.6817248459958932,7.3343373493975905,2060.05
CUST_03142,49,12,2537.44,4,4,4,444,Champions,2023-08-11,2024-11-13,460,211.45333333333335,1.2594113620807665,9.528260869565218,6044.35
CUST_03143,371,5,1040.94,2,2,3,223,Hibernating,2023-03-31,2023-12-27,271,208.18800000000002,0.7419575633127995,6.738929889298893,4208.89
CUST_03144,327,10,2196.26,3,3,4,334,Need Attention,2023-03-08,2024-02-09,338,219.62600000000003,0.9253935660506503,10.80621301775148,7119.98
CUST_03145,32,12,2304.6,5,4,4,544,Champions,2023-11-11,2024-11-30,385,192.04999999999998,1.054072553045859,11.384415584415585,6559.13
CUST_03146,19,7,959.04,5,2,2,522,Potential Loyalists,2023-10-29,2024-12-13,411,137.00571428571428,1.1252566735112937,6.220802919708029,2556.86
CUST_03147,221,15,3147.08,3,4,4,344,Loyal Customers,2023-09-30,2024-05-25,238,209.80533333333332,0.6516084873374401,23.019957983193276,14489.13
CUST_03148,77,4,840.21,4,2,2,422,Potential Loyalists,2024-04-05,2024-10-16,194,210.0525,0.5311430527036276,7.530927835051547,4745.67
CUST_03149,20,10,1598.03,5,3,3,533,Potential Loyalists,2024-01-07,2024-12-12,340,159.803,0.9308692676249144,10.74264705882353,5150.12
CUST_03150,169,15,2232.6,4,4,4,444,Champions,2022-12-28,2024-07-16,566,148.84,1.5496235455167693,9.679770318021202,4322.21
CUST_03151,449,3,307.33000000000004,2,1,1,211,Hibernating,2023-05-06,2023-10-10,157,102.44333333333334,0.42984257357973993,6.979299363057325,2144.95
CUST_03152,6,7,862.21,5,2,2,522,Potential Loyalists,2024-01-06,2024-12-26,355,123.17285714285715,0.971937029431896,7.202112676056338,2661.31
CUST_03153,78,38,7461.57,4,5,5,455,Champions,2023-01-17,2024-10-15,637,196.35710526315788,1.7440109514031485,21.78885400313972,12835.19
CUST_03154,185,3,225.31,4,1,1,411,New Customers,2023-12-04,2024-06-30,209,75.10333333333334,0.5722108145106092,5.242822966507177,1181.26
CUST_03155,440,28,5751.89,2,5,5,255,Cannot Lose Them,2022-06-18,2023-10-19,488,205.42464285714286,1.3360711841204653,20.956967213114755,12915.23
CUST_03156,512,2,139.97,2,1,1,211,Hibernating,2023-04-24,2023-08-08,106,69.985,0.29021218343600275,6.891509433962264,1446.91
CUST_03157,237,15,3130.33,3,4,4,344,Loyal Customers,2022-11-25,2024-05-09,531,208.68866666666665,1.4537987679671458,10.317796610169491,6459.62
CUST_03158,21,6,648.95,5,2,2,522,Potential Loyalists,2023-11-21,2024-12-11,386,108.15833333333335,1.056810403832991,5.677461139896373,1842.19
CUST_03159,437,13,3133.07,2,4,4,244,Cannot Lose Them,2022-05-18,2023-10-22,522,241.00538461538463,1.429158110882957,9.096264367816092,6576.75
CUST_03160,889,1,35.29,1,1,1,111,Hibernating,2022-07-27,2022-07-27,0,35.29,0.08213552361396304,12.175,1288.97
CUST_03161,536,3,175.43,1,1,1,111,Hibernating,2023-01-17,2023-07-15,179,58.47666666666667,0.49007529089664614,6.121508379888268,1073.9
CUST_03162,133,39,10230.88,4,5,5,455,Champions,2022-12-13,2024-08-21,617,262.33025641025637,1.6892539356605065,23.08711507293355,18169.35
CUST_03163,133,11,2426.18,4,4,4,444,Champions,2023-09-13,2024-08-21,343,220.56181818181815,0.9390828199863107,11.713556851311953,7750.69
CUST_03164,143,9,936.11,4,3,2,432,Potential Loyalists,2023-04-13,2024-08-11,486,104.01222222222222,1.3305954825462012,6.763888888888889,2110.58
CUST_03165,192,15,3470.64,3,4,5,345,Loyal Customers,2023-10-22,2024-06-23,245,231.376,0.6707734428473648,22.362244897959183,15522.26
CUST_03166,467,8,1052.5700000000002,2,3,3,233,At Risk,2022-12-14,2023-09-22,282,131.57125000000002,0.7720739219712526,10.361702127659575,4089.91
CUST_03167,21,18,5051.5,5,5,5,555,Champions,2024-02-17,2024-12-11,298,280.6388888888889,0.8158795345653662,22.062080536912752,18574.43
CUST_03168,481,7,1093.03,2,2,3,223,Hibernating,2022-09-13,2023-09-08,360,156.14714285714285,0.9856262833675564,7.102083333333334,3326.91
CUST_03169,462,10,895.6,2,3,2,232,At Risk,2022-10-09,2023-09-27,353,89.56,0.9664613278576317,10.347025495750708,2780.04
CUST_03170,941,1,58.14,1,1,1,111,Hibernating,2022-06-05,2022-06-05,0,58.14,0.08213552361396304,12.175,2123.56
CUST_03171,591,1,50.73,1,1,1,111,Hibernating,2023-05-21,2023-05-21,0,50.73,0.08213552361396304,12.175,1852.91
CUST_03172,458,5,465.5,2,2,2,222,Hibernating,2023-01-31,2023-10-01,243,93.1,0.6652977412731006,7.515432098765432,2099.06
CUST_03173,123,17,2374.8,4,4,4,444,Champions,2022-10-28,2024-08-31,673,139.69411764705885,1.842573579739904,9.226225854383358,3866.55
CUST_03174,203,6,1132.6599999999999,3,2,3,323,Need Attention,2023-05-31,2024-06-12,378,188.77666666666664,1.0349075975359343,5.7976190476190474,3283.37
CUST_03175,318,28,6695.07,3,5,5,355,Loyal Customers,2022-09-02,2024-02-18,534,239.10964285714286,1.462012320328542,19.15168539325843,13738.06
CUST_03176,811,1,229.97,1,1,1,111,Hibernating,2022-10-13,2022-10-13,0,229.97,0.08213552361396304,12.175,8399.65
CUST_03177,27,9,1309.8500000000001,5,3,3,533,Potential Loyalists,2023-05-12,2024-12-05,573,145.5388888888889,1.568788501026694,5.736910994764398,2504.83
CUST_03178,120,28,6097.51,4,5,5,455,Champions,2023-03-12,2024-09-03,541,217.7682142857143,1.4811772758384667,18.90388170055453,12349.99
CUST_03179,539,9,1877.1100000000001,1,3,4,134,Cannot Lose Them,2022-08-10,2023-07-12,336,208.5677777777778,0.919917864476386,9.783482142857142,6121.56
CUST_03180,28,10,2215.2,5,3,4,534,Potential Loyalists,2023-12-15,2024-12-04,355,221.51999999999998,0.971937029431896,10.288732394366198,6837.48
CUST_03181,488,4,320.89,2,2,1,221,Hibernating,2023-02-07,2023-09-01,206,80.2225,0.5639972621492129,7.092233009708738,1706.87
CUST_03182,361,11,1512.6100000000001,2,4,3,243,Loyal Customers,2022-11-05,2024-01-06,427,137.51000000000002,1.1690622861054072,9.409250585480095,3881.6
CUST_03183,841,2,50.010000000000005,1,1,1,111,Hibernating,2022-05-08,2022-09-13,128,25.005000000000003,0.35044490075290896,5.70703125,428.11
CUST_03184,469,3,664.6700000000001,2,1,2,212,Hibernating,2023-02-16,2023-09-20,216,221.5566666666667,0.5913757700205339,5.072916666666667,3371.82
CUST_03185,591,2,100.6,1,1,1,111,Hibernating,2023-02-13,2023-05-21,97,50.3,0.2655715263518138,7.530927835051547,1136.42
CUST_03186,29,37,8984.210000000001,5,5,5,555,Champions,2023-03-18,2024-12-03,626,242.81648648648653,1.7138945927446954,21.588258785942493,15725.96
CUST_03187,566,7,851.62,1,2,2,122,Hibernating,2022-06-04,2023-06-15,376,121.66,1.0294318959616702,6.7998670212765955,2481.82
CUST_03188,254,7,596.44,3,2,2,322,Need Attention,2023-03-17,2024-04-22,402,85.2057142857143,1.1006160164271048,6.360074626865671,1625.74
CUST_03189,418,1,62.45,2,1,1,211,Hibernating,2023-11-10,2023-11-10,0,62.45,0.08213552361396304,12.175,2280.99
CUST_03190,14,12,2988.62,5,4,4,544,Champions,2023-11-28,2024-12-18,386,249.05166666666665,1.056810403832991,11.354922279792746,8483.89
CUST_03191,84,12,1804.98,4,4,4,444,Champions,2023-07-25,2024-10-09,442,150.415,1.2101300479123889,9.91628959276018,4474.68
CUST_03192,267,40,11957.07,3,5,5,355,Loyal Customers,2022-05-02,2024-04-09,708,298.92674999999997,1.9383983572895278,20.635593220338983,18505.59
CUST_03193,37,6,1192.51,5,2,3,523,Potential Loyalists,2024-03-09,2024-11-25,261,198.75166666666667,0.7145790554414785,8.39655172413793,5006.49
CUST_03194,590,6,816.29,1,2,2,122,Hibernating,2022-07-15,2023-05-22,311,136.04833333333332,0.8514715947980835,7.046623794212218,2876.04
CUST_03195,162,30,8551.63,4,5,5,455,Champions,2022-12-16,2024-07-23,585,285.0543333333333,1.6016427104722792,18.73076923076923,16017.86
CUST_03196,381,13,2059.83,2,4,4,244,Cannot Lose Them,2022-10-22,2023-12-17,421,158.44846153846154,1.1526351813826146,11.27850356294537,5361.18
CUST_03197,10,22,6256.8,5,5,5,555,Champions,2023-11-17,2024-12-22,401,284.40000000000003,1.0978781656399725,20.038653366583542,17096.98
CUST_03198,254,36,8017.26,3,5,5,355,Loyal Customers,2022-07-31,2024-04-22,631,222.70166666666668,1.727583846680356,20.838351822503963,13922.21
CUST_03199,255,6,513.9,3,2,2,322,Need Attention,2023-06-02,2024-04-21,324,85.64999999999999,0.8870636550308009,6.763888888888888,1737.98
CUST_03200,23,9,1934.89,5,3,4,534,Potential Loyalists,2024-01-09,2024-12-09,335,214.98777777777778,0.917180013689254,9.812686567164178,6328.82
CUST_03201,22,11,838.88,5,4,2,542,Loyal Customers,2023-12-21,2024-12-10,355,76.26181818181819,0.971937029431896,11.317605633802817,2589.3
CUST_03202,122,16,1714.0500000000002,4,4,3,443,Loyal Customers,2022-12-30,2024-09-01,611,107.12812500000001,1.672826830937714,9.564648117839607,3073.93
CUST_03203,481,9,1902.6499999999999,2,3,4,234,Cannot Lose Them,2022-12-06,2023-09-08,276,211.40555555555554,0.75564681724846,11.910326086956522,7553.73
CUST_03204,383,5,1201.37,2,2,3,223,Hibernating,2023-03-16,2023-12-15,274,240.27399999999997,0.7501711156741958,6.665145985401459,4804.38
CUST_03205,387,5,876.22,2,2,2,222,Hibernating,2023-04-19,2023-12-11,236,175.244,0.6461327857631759,7.7383474576271185,4068.3
CUST_03206,540,3,523.87,1,1,2,112,Hibernating,2022-12-17,2023-07-11,206,174.62333333333333,0.5639972621492129,5.319174757281553,2786.56
CUST_03207,19,22,4078.03,5,5,5,555,Champions,2024-01-02,2024-12-13,346,185.365,0.947296372347707,23.22398843930636,12914.74
CUST_03208,451,9,810.44,2,3,2,232,At Risk,2022-02-14,2023-10-08,601,90.0488888888889,1.6454483230663928,5.469633943427621,1477.6
CUST_03209,296,15,2346.52,3,4,4,344,Loyal Customers,2023-06-18,2024-03-11,267,156.43466666666666,0.731006160164271,20.519662921348317,9629.96
CUST_03210,485,12,2749.11,2,4,4,244,Cannot Lose Them,2022-06-01,2023-09-04,460,229.0925,1.2594113620807665,9.528260869565218,6548.56
CUST_03211,607,19,5057.04,1,5,5,155,Cannot Lose Them,2022-06-10,2023-05-05,329,266.16,0.9007529089664613,21.093465045592705,16842.71
CUST_03212,206,16,2112.88,3,4,4,344,Loyal Customers,2022-11-25,2024-06-09,562,132.055,1.538672142368241,10.398576512455515,4119.55
CUST_03213,48,7,550.01,4,2,2,422,Potential Loyalists,2024-02-22,2024-11-14,266,78.57285714285715,0.7282683093771389,9.611842105263158,2265.69
CUST_03214,21,8,1508.5900000000001,5,3,3,533,Potential Loyalists,2024-03-05,2024-12-11,281,188.57375000000002,0.7693360711841205,10.398576512455515,5882.7
CUST_03215,380,10,1836.92,2,3,4,234,Cannot Lose Them,2022-04-08,2023-12-18,619,183.692,1.6947296372347707,5.900646203554119,3251.7
CUST_03216,261,8,640.6700000000001,3,3,2,332,Need Attention,2023-07-25,2024-04-15,265,80.08375000000001,0.7255304585900069,11.026415094339622,2649.11
CUST_03217,30,7,1597.75,5,2,3,523,Potential Loyalists,2023-11-05,2024-12-02,393,228.25,1.0759753593429158,6.505725190839695,4454.8
CUST_03218,707,4,608.6300000000001,1,2,2,122,Hibernating,2022-08-21,2023-01-25,157,152.15750000000003,0.42984257357973993,9.305732484076433,4247.81
CUST_03219,23,8,1322.87,5,3,3,533,Potential Loyalists,2023-12-11,2024-12-09,364,165.35875,0.9965776865160849,8.027472527472527,3982.24
CUST_03220,327,29,6111.39,3,5,5,355,Loyal Customers,2022-09-30,2024-02-09,497,210.73758620689657,1.3607118412046544,21.312374245472835,13473.95
CUST_03221,364,1,172.21,2,1,1,211,Hibernating,2024-01-03,2024-01-03,0,172.21,0.08213552361396304,12.175,6289.97
CUST_03222,740,2,307.14,1,1,1,111,Hibernating,2022-10-02,2022-12-23,82,153.57,0.2245037645448323,8.908536585365853,4104.25
CUST_03223,102,10,1083.29,4,3,3,433,Potential Loyalists,2023-09-17,2024-09-21,370,108.329,1.0130047912388775,9.871621621621621,3208.15
CUST_03224,16,14,3039.61,5,4,4,544,Champions,2023-06-21,2024-12-16,544,217.115,1.4893908281998631,9.399816176470589,6122.52
CUST_03225,30,8,937.37,5,3,2,532,Potential Loyalists,2023-10-06,2024-12-02,423,117.17125,1.158110882956879,6.907801418439716,2428.19
CUST_03226,164,6,1023.01,4,2,3,423,Potential Loyalists,2023-09-29,2024-07-21,296,170.50166666666667,0.810403832991102,7.403716216216217,3787.04
CUST_03227,52,7,1020.35,4,2,3,423,Potential Loyalists,2024-03-03,2024-11-10,252,145.7642857142857,0.6899383983572895,10.145833333333334,4436.7
CUST_03228,287,10,837.83,3,3,2,332,Need Attention,2022-06-03,2024-03-20,656,83.783,1.7960301163586585,5.567835365853658,1399.47
CUST_03229,569,5,733.6800000000001,1,2,2,122,Hibernating,2022-10-11,2023-06-12,244,146.73600000000002,0.6680355920602327,7.484631147540984,3294.79
CUST_03230,50,9,1551.1299999999999,4,3,3,433,Potential Loyalists,2024-01-08,2024-11-12,309,172.34777777777776,0.8459958932238193,10.638349514563107,5500.49
CUST_03231,726,1,15.71,1,1,1,111,Hibernating,2023-01-06,2023-01-06,0,15.71,0.08213552361396304,12.175,573.81
CUST_03232,413,37,7326.18,2,5,5,255,Cannot Lose Them,2022-03-10,2023-11-15,615,198.00486486486489,1.6837782340862424,21.974390243902437,13053.11
CUST_03233,504,6,914.76,2,2,2,222,Hibernating,2022-09-25,2023-08-16,325,152.46,0.8898015058179329,6.743076923076923,3084.15
CUST_03234,184,3,173.60000000000002,4,1,1,411,New Customers,2024-02-19,2024-07-01,133,57.866666666666674,0.36413415468856947,8.238721804511279,1430.24
CUST_03235,13,9,2233.59,5,3,4,534,Potential Loyalists,2024-03-02,2024-12-19,292,248.17666666666668,0.7994524298425736,11.257705479452055,8381.7
CUST_03236,253,8,1522.84,3,3,3,333,Need Attention,2023-02-12,2024-04-23,436,190.355,1.1937029431895962,6.70183486238532,3827.18
CUST_03237,476,2,184.45,2,1,1,211,Hibernating,2023-03-21,2023-09-13,176,92.225,0.48186173853524983,4.150568181818182,1148.36
CUST_03238,742,1,29.67,1,1,1,111,Hibernating,2022-12-21,2022-12-21,0,29.67,0.08213552361396304,12.175,1083.7
CUST_03239,78,6,1103.59,4,2,3,423,Potential Loyalists,2024-01-25,2024-10-15,264,183.93166666666664,0.7227926078028748,8.301136363636363,4580.53
CUST_03240,53,6,1420.22,4,2,3,423,Potential Loyalists,2024-01-23,2024-11-09,291,236.70333333333335,0.7967145790554415,7.530927835051546,5347.79
CUST_03241,199,19,3143.34,3,5,4,354,Loyal Customers,2022-06-29,2024-06-16,718,165.43894736842105,1.9657768651608487,9.665389972144848,4797.1
CUST_03242,545,6,621.3000000000001,1,2,2,122,Hibernating,2022-08-25,2023-07-06,315,103.55000000000001,0.8624229979466119,6.957142857142857,2161.24
CUST_03243,192,2,130.28,3,1,1,311,Need Attention,2023-12-30,2024-06-23,176,65.14,0.48186173853524983,4.150568181818182,811.1
CUST_03244,531,1,146.48,1,1,1,111,Hibernating,2023-07-20,2023-07-20,0,146.48,0.08213552361396304,12.175,5350.18
CUST_03245,135,3,142.15,4,1,1,411,New Customers,2023-12-27,2024-08-19,236,47.38333333333333,0.6461327857631759,4.643008474576272,660.0
CUST_03246,68,6,1059.26,4,2,3,423,Potential Loyalists,2023-11-02,2024-10-25,358,176.54333333333332,0.9801505817932923,6.121508379888268,3242.13
CUST_03247,310,6,917.2299999999999,3,2,2,322,Need Attention,2023-05-20,2024-02-26,282,152.87166666666664,0.7720739219712526,7.7712765957446805,3564.02
CUST_03248,118,8,929.95,4,3,2,432,Potential Loyalists,2023-05-31,2024-09-05,463,116.24375,1.267624914442163,6.311015118790497,2200.85
CUST_03249,415,8,1024.95,2,3,3,233,At Risk,2022-08-07,2023-11-13,463,128.11875,1.267624914442163,6.311015118790497,2425.68
CUST_03250,721,4,202.13,1,2,1,121,Hibernating,2022-06-04,2023-01-11,221,50.5325,0.6050650239561944,6.610859728506787,1002.19
CUST_03251,411,12,2045.71,2,4,4,244,Cannot Lose Them,2022-08-20,2023-11-17,454,170.47583333333333,1.242984257357974,9.654185022026432,4937.42
CUST_03252,31,7,512.35,5,2,2,522,Potential Loyalists,2024-02-26,2024-12-01,279,73.19285714285715,0.7638603696098563,9.163978494623656,2012.21
CUST_03253,586,21,5537.02,1,5,5,155,Cannot Lose Them,2022-05-30,2023-05-26,361,263.66761904761904,0.9883641341546886,21.247229916897506,16806.62
CUST_03254,23,12,2465.1,5,4,4,544,Champions,2023-08-29,2024-12-09,468,205.42499999999998,1.2813141683778233,9.365384615384617,5771.65
CUST_03255,633,3,231.19,1,1,1,111,Hibernating,2022-08-11,2023-04-09,241,77.06333333333333,0.6598220396988365,4.546680497925311,1051.15
CUST_03256,9,8,1248.37,5,3,3,533,Potential Loyalists,2024-02-29,2024-12-23,298,156.04625,0.8158795345653662,9.805369127516778,4590.27
CUST_03257,746,8,1632.3899999999999,1,3,3,133,At Risk,2022-04-19,2022-12-17,242,204.04874999999998,0.6625598904859685,12.074380165289256,7391.29
CUST_03258,52,5,1371.29,4,2,3,423,Potential Loyalists,2024-02-06,2024-11-10,278,274.258,0.7611225188227242,6.569244604316546,5405.0
CUST_03259,999,1,51.32,1,1,1,111,Hibernating,2022-04-08,2022-04-08,0,51.32,0.08213552361396304,12.175,1874.46
CUST_03260,31,5,765.23,5,2,2,522,Potential Loyalists,2024-04-12,2024-12-01,233,153.046,0.6379192334017796,7.837982832618026,3598.72
CUST_03261,452,20,3642.38,2,5,5,255,Cannot Lose Them,2022-08-28,2023-10-07,405,182.119,1.108829568788501,18.037037037037038,9854.66
CUST_03262,558,6,1028.66,1,2,3,123,Hibernating,2022-09-17,2023-06-23,279,171.44333333333336,0.7638603696098563,7.854838709677419,4039.98
CUST_03263,212,17,2388.1,3,4,4,344,Loyal Customers,2023-07-30,2024-06-03,309,140.4764705882353,0.8459958932238193,20.094660194174757,8468.48
CUST_03264,247,1,54.44,3,1,1,311,Need Attention,2024-04-29,2024-04-29,0,54.44,0.08213552361396304,12.175,1988.42
CUST_03265,500,12,2572.57,2,4,4,244,Cannot Lose Them,2022-04-30,2023-08-20,477,214.38083333333336,1.3059548254620124,9.18867924528302,5909.63
CUST_03266,485,8,511.88,2,3,2,232,At Risk,2022-05-30,2023-09-04,462,63.985,1.264887063655031,6.324675324675324,1214.05
CUST_03267,52,8,1332.13,4,3,3,433,Potential Loyalists,2023-12-01,2024-11-10,345,166.51625,0.944558521560575,8.469565217391304,4230.96
CUST_03268,198,16,3521.9900000000002,3,4,5,345,Loyal Customers,2023-08-31,2024-06-17,291,220.12437500000001,0.7967145790554415,20.082474226804123,13261.93
CUST_03269,22,5,480.59,5,2,2,522,Potential Loyalists,2024-01-15,2024-12-10,330,96.118,0.9034907597535934,5.534090909090909,1595.78
CUST_03270,739,20,4286.59,1,5,5,155,Cannot Lose Them,2022-01-13,2022-12-24,345,214.3295,0.944558521560575,21.17391304347826,13614.58
CUST_03271,48,2,229.79999999999998,4,1,1,411,New Customers,2024-07-10,2024-11-14,127,114.89999999999999,0.34770704996577684,5.751968503937008,1982.7
CUST_03272,493,2,393.43,2,1,1,211,Hibernating,2023-05-03,2023-08-27,116,196.715,0.31759069130732376,6.297413793103448,3716.39
CUST_03273,772,2,362.06,1,1,1,111,Hibernating,2022-07-07,2022-11-21,137,181.03,0.3750855578370979,5.3321167883211675,2895.82
CUST_03274,45,13,2067.3,4,4,4,444,Champions,2023-09-11,2024-11-17,433,159.02307692307693,1.1854893908281998,10.96593533487298,5231.51
CUST_03275,261,11,2883.92,3,4,4,344,Loyal Customers,2023-01-13,2024-04-15,458,262.17454545454547,1.2539356605065024,8.772379912663755,6899.68
CUST_03276,444,1,95.89,2,1,1,211,Hibernating,2023-10-15,2023-10-15,0,95.89,0.08213552361396304,12.175,3502.38
CUST_03277,768,3,410.19,1,1,2,112,Hibernating,2022-03-27,2022-11-25,243,136.73,0.6652977412731006,4.5092592592592595,1849.65
CUST_03278,36,6,402.34,5,2,2,522,Potential Loyalists,2024-01-31,2024-11-26,300,67.05666666666666,0.8213552361396304,7.305000000000001,1469.55
CUST_03279,299,27,5772.75,3,5,5,355,Loyal Customers,2022-10-15,2024-03-08,510,213.80555555555554,1.3963039014373717,19.336764705882352,12402.92
CUST_03280,619,1,41.97,1,1,1,111,Hibernating,2023-04-23,2023-04-23,0,41.97,0.08213552361396304,12.175,1532.95
CUST_03281,86,6,817.8199999999999,4,2,2,422,Potential Loyalists,2023-11-29,2024-10-07,313,136.3033333333333,0.8569472963723477,7.001597444089457,2863.02
CUST_03282,224,3,434.08000000000004,3,1,2,312,Need Attention,2023-12-10,2024-05-22,164,144.69333333333336,0.4490075290896646,6.6814024390243905,2900.26
CUST_03283,47,5,774.97,4,2,2,422,Potential Loyalists,2024-03-04,2024-11-15,256,154.994,0.7008898015058179,7.1337890625,3317.08
CUST_03284,63,9,2163.55,4,3,4,434,Potential Loyalists,2023-12-15,2024-10-30,320,240.39444444444447,0.8761122518822724,10.27265625,7408.47
CUST_03285,93,6,1750.94,4,2,3,423,Potential Loyalists,2023-11-16,2024-09-30,319,291.8233333333333,0.8733744010951403,6.869905956112853,6014.4
CUST_03286,29,6,780.81,5,2,2,522,Potential Loyalists,2024-01-31,2024-12-03,307,130.135,0.840520191649555,7.138436482084691,2786.88
CUST_03287,104,9,1125.44,4,3,3,433,Potential Loyalists,2023-11-03,2024-09-19,321,125.0488888888889,0.8788501026694046,10.240654205607477,3841.75
CUST_03288,85,18,3741.97,4,5,5,455,Champions,2022-12-10,2024-10-08,668,207.88722222222222,1.8288843258042438,9.842065868263473,6138.12
CUST_03289,245,4,891.1199999999999,3,2,2,322,Need Attention,2023-09-16,2024-05-01,228,222.77999999999997,0.6242299794661191,6.407894736842105,4282.65
CUST_03290,48,4,636.24,4,2,2,422,Potential Loyalists,2024-04-20,2024-11-14,208,159.06,0.5694729637234771,7.024038461538461,3351.73
CUST_03291,306,29,6431.77,3,5,5,355,Loyal Customers,2022-10-22,2024-03-01,496,221.7851724137931,1.3579739904175223,21.355342741935484,14208.9
CUST_03292,74,19,4823.34,4,5,5,455,Champions,2022-08-19,2024-10-19,792,253.86,2.1683778234086244,8.762310606060606,6673.2
CUST_03293,32,7,1171.19,5,2,3,523,Potential Loyalists,2023-11-11,2024-11-30,385,167.31285714285715,1.054072553045859,6.640909090909091,3333.33
CUST_03294,736,4,383.89,1,2,1,121,Hibernating,2022-05-07,2022-12-27,234,95.9725,0.6406570841889117,6.2435897435897445,1797.64
CUST_03295,577,18,5609.88,1,5,5,155,Cannot Lose Them,2022-07-25,2023-06-04,314,311.66,0.8596851471594799,20.937898089171973,19576.52
CUST_03296,466,2,248.07,2,1,1,211,Hibernating,2023-05-26,2023-09-23,120,124.035,0.32854209445585214,6.0875,2265.19
CUST_03297,35,11,1557.45,5,4,3,543,Loyal Customers,2024-01-19,2024-11-27,313,141.58636363636364,0.8569472963723477,12.836261980830672,5452.32
CUST_03298,765,1,96.72,1,1,1,111,Hibernating,2022-11-28,2022-11-28,0,96.72,0.08213552361396304,12.175,3532.7
CUST_03299,75,31,7011.93,4,5,5,455,Champions,2023-02-04,2024-10-18,622,226.19129032258064,1.702943189596167,18.203778135048232,12352.61
CUST_03300,2,19,2703.97,5,5,4,554,Champions,2022-12-25,2024-12-30,736,142.31421052631578,2.0150581793292264,9.429008152173914,4025.65
CUST_03301,661,8,2046.1599999999999,1,3,4,134,Cannot Lose Them,2022-05-18,2023-03-12,298,255.76999999999998,0.8158795345653662,9.805369127516778,7523.76
CUST_03302,374,15,2135.75,2,4,4,244,Cannot Lose Them,2023-03-18,2023-12-24,281,142.38333333333333,0.7693360711841205,19.497330960854093,8328.28
CUST_03303,21,20,4353.87,5,5,5,555,Champions,2022-10-01,2024-12-11,802,217.6935,2.195756331279945,9.108478802992519,5948.57
CUST_03304,507,14,2483.58,2,4,4,244,Cannot Lose Them,2022-03-31,2023-08-13,500,177.39857142857142,1.3689253935660506,10.227,5442.77
CUST_03305,314,8,1248.42,3,3,3,333,Need Attention,2023-05-24,2024-02-22,274,156.0525,0.7501711156741958,10.664233576642335,4992.54
CUST_03306,34,13,2804.21,5,4,4,544,Champions,2023-09-27,2024-11-28,428,215.70846153846153,1.1718001368925393,11.094042056074768,7179.24
CUST_03307,408,11,2849.82,2,4,4,244,Cannot Lose Them,2022-09-21,2023-11-20,425,259.07454545454544,1.163586584531143,9.453529411764706,7347.51
CUST_03308,284,4,843.14,3,2,2,322,Need Attention,2023-10-14,2024-03-23,161,210.785,0.4407939767282683,9.074534161490684,5738.33
CUST_03309,425,2,600.0,2,1,2,212,Hibernating,2023-06-03,2023-11-03,153,300.0,0.4188911704312115,4.7745098039215685,4297.06
CUST_03310,276,8,823.4,3,3,2,332,Need Attention,2023-06-02,2024-03-31,303,102.925,0.8295687885010267,9.643564356435643,2977.69
CUST_03311,182,11,3386.36,4,4,4,444,Champions,2023-05-11,2024-07-03,419,307.8509090909091,1.1471594798083504,9.58890214797136,8855.86
CUST_03312,345,12,3118.84,2,4,4,244,Cannot Lose Them,2022-12-13,2024-01-22,405,259.90333333333336,1.108829568788501,10.822222222222223,8438.19
CUST_03313,6,19,3159.94,5,5,4,554,Champions,2024-02-18,2024-12-26,312,166.31263157894736,0.8542094455852156,22.24278846153846,11097.77
CUST_03314,173,2,103.93,4,1,1,411,New Customers,2024-01-28,2024-07-12,166,51.965,0.4544832306639288,4.400602409638554,686.03
CUST_03315,297,2,486.33000000000004,3,1,2,312,Need Attention,2024-01-01,2024-03-10,69,243.16500000000002,0.188911704312115,10.58695652173913,7723.13
CUST_03316,415,12,1473.73,2,4,3,243,Loyal Customers,2022-08-08,2023-11-13,462,122.81083333333333,1.264887063655031,9.487012987012987,3495.32
CUST_03317,4,9,1685.3400000000001,5,3,3,533,Potential Loyalists,2024-01-27,2024-12-28,336,187.26000000000002,0.919917864476386,9.783482142857142,5496.16
CUST_03318,330,10,1384.85,3,3,3,333,Need Attention,2022-06-05,2024-02-06,611,138.48499999999999,1.672826830937714,5.9779050736497545,2483.55
CUST_03319,36,6,1828.6399999999999,5,2,4,524,Potential Loyalists,2023-12-26,2024-11-26,336,304.7733333333333,0.919917864476386,6.522321428571429,5963.49
CUST_03320,694,4,629.56,1,2,2,122,Hibernating,2022-07-27,2023-02-07,195,157.39,0.5338809034907598,7.4923076923076914,3537.64
CUST_03321,334,7,879.1800000000001,3,2,2,322,Need Attention,2023-02-08,2024-02-02,359,125.59714285714287,0.9828884325804244,7.121866295264624,2683.46
CUST_03322,21,8,2173.9700000000003,5,3,4,534,Potential Loyalists,2024-02-14,2024-12-11,301,271.74625000000003,0.8240930869267625,9.707641196013288,7914.05
CUST_03323,15,35,8397.51,5,5,5,555,Champions,2023-04-24,2024-12-17,603,239.92885714285714,1.6509240246406571,21.200248756218905,15259.65
CUST_03324,423,6,849.3399999999999,2,2,2,222,Hibernating,2022-11-14,2023-11-05,356,141.55666666666664,0.974674880219028,6.155898876404494,2614.23
CUST_03325,15,18,2584.23,5,5,4,554,Champions,2023-04-07,2024-12-17,620,143.56833333333333,1.6974674880219027,10.604032258064517,4567.21
CUST_03326,151,11,1857.98,4,4,4,444,Champions,2023-06-10,2024-08-03,420,168.90727272727273,1.1498973305954825,9.56607142857143,4847.34
CUST_03327,343,20,4245.92,2,5,5,255,Cannot Lose Them,2023-03-20,2024-01-24,310,212.296,0.8487337440109514,23.56451612903226,15007.96
CUST_03328,26,12,2110.67,5,4,4,544,Champions,2023-09-24,2024-12-06,439,175.88916666666668,1.2019164955509924,9.984054669703873,5268.26
CUST_03329,353,10,1091.29,2,3,3,233,At Risk,2022-04-08,2024-01-14,646,109.12899999999999,1.7686516084873374,5.654024767801857,1851.05
CUST_03330,12,22,5355.44,5,5,5,555,Champions,2023-11-23,2024-12-20,393,243.4290909090909,1.0759753593429158,20.446564885496183,14931.87
CUST_03331,182,9,1270.48,4,3,3,433,Potential Loyalists,2022-11-28,2024-07-03,583,141.16444444444446,1.596167008898015,5.638507718696398,2387.87
CUST_03332,415,1,14.3,2,1,1,211,Hibernating,2023-11-13,2023-11-13,0,14.3,0.08213552361396304,12.175,522.31
CUST_03333,48,10,926.67,4,3,2,432,Potential Loyalists,2023-06-03,2024-11-14,530,92.667,1.4510609171800137,6.891509433962264,1915.85
CUST_03334,43,3,577.56,5,1,2,512,New Customers,2024-05-20,2024-11-19,183,192.51999999999998,0.5010266940451745,5.987704918032787,3458.26
CUST_03335,121,6,356.92,4,2,1,421,Potential Loyalists,2023-08-14,2024-09-02,385,59.48666666666667,1.054072553045859,5.6922077922077925,1015.83
CUST_03336,358,9,1085.69,2,3,3,233,At Risk,2023-01-29,2024-01-09,345,120.63222222222223,0.944558521560575,9.528260869565218,3448.25
CUST_03337,55,4,628.75,4,2,2,422,Potential Loyalists,2024-04-07,2024-11-07,214,157.1875,0.5859000684462696,6.827102803738319,3219.41
CUST_03338,6,15,2544.84,5,4,4,544,Champions,2023-06-25,2024-12-26,550,169.656,1.5058179329226558,9.961363636363636,5070.02
CUST_03339,132,2,80.66,4,1,1,411,New Customers,2024-05-12,2024-08-22,102,40.33,0.2792607802874743,7.161764705882353,866.5
CUST_03340,46,6,515.02,4,2,2,422,Potential Loyalists,2024-01-27,2024-11-16,294,85.83666666666666,0.8049281314168378,7.454081632653061,1919.5
CUST_03341,428,4,992.25,2,2,3,223,Hibernating,2023-04-06,2023-10-31,208,248.0625,0.5694729637234771,7.024038461538461,5227.2
CUST_03342,198,1,192.55,3,1,1,311,Need Attention,2024-06-17,2024-06-17,0,192.55,0.08213552361396304,12.175,7032.89
CUST_03343,417,12,3430.0199999999995,2,4,5,245,Cannot Lose Them,2022-08-10,2023-11-11,458,285.835,1.2539356605065024,9.569868995633188,8206.21
CUST_03344,973,1,118.02,1,1,1,111,Hibernating,2022-05-04,2022-05-04,0,118.02,0.08213552361396304,12.175,4310.68
CUST_03345,8,25,4021.83,5,5,5,555,Champions,2023-09-28,2024-12-24,453,160.8732,1.2402464065708418,20.15728476821192,9728.3
CUST_03346,58,4,587.46,4,2,2,422,Potential Loyalists,2024-03-26,2024-11-04,223,146.865,0.6105407255304586,6.551569506726458,2886.59
CUST_03347,599,7,1722.67,1,2,3,123,Hibernating,2022-03-19,2023-05-13,420,246.0957142857143,1.1498973305954825,6.0875,4494.32
CUST_03348,264,28,5409.68,3,5,5,355,Loyal Customers,2022-10-03,2024-04-12,557,193.20285714285714,1.5249828884325805,18.360861759425493,10642.11
CUST_03349,270,16,2552.43,3,4,4,344,Loyal Customers,2022-10-01,2024-04-06,553,159.526875,1.514031485284052,10.567811934900543,5057.55
CUST_03350,570,27,7030.67,1,5,5,155,Cannot Lose Them,2022-02-11,2023-06-11,485,260.3951851851852,1.3278576317590691,20.333505154639177,15884.24
CUST_03351,577,1,187.35,1,1,1,111,Hibernating,2023-06-04,2023-06-04,0,187.35,0.08213552361396304,12.175,6842.96
CUST_03352,555,1,62.36,1,1,1,111,Hibernating,2023-06-26,2023-06-26,0,62.36,0.08213552361396304,12.175,2277.7
CUST_03353,446,25,4657.16,2,5,5,255,Cannot Lose Them,2022-07-27,2023-10-13,443,186.2864,1.212867898699521,20.612302483069975,11519.37
CUST_03354,310,5,321.3,3,2,1,321,Need Attention,2023-07-26,2024-02-26,215,64.26,0.5886379192334018,8.494186046511627,1637.51
CUST_03355,316,40,10199.54,3,5,5,355,Loyal Customers,2022-04-06,2024-02-20,685,254.98850000000002,1.8754277891854894,21.32846715328467,16315.54
CUST_03356,319,1,170.66,3,1,1,311,Need Attention,2024-02-17,2024-02-17,0,170.66,0.08213552361396304,12.175,6233.36
CUST_03357,372,4,686.28,2,2,2,222,Hibernating,2023-06-28,2023-12-26,181,171.57,0.49555099247091033,8.07182320441989,4154.65
CUST_03358,660,9,1048.81,1,3,3,133,At Risk,2022-04-25,2023-03-13,322,116.53444444444443,0.8815879534565366,10.208850931677018,3569.05
CUST_03359,3,18,2437.16,5,5,4,554,Champions,2023-02-08,2024-12-29,690,135.39777777777778,1.88911704312115,9.528260869565218,3870.32
CUST_03360,721,2,353.72,1,1,1,111,Hibernating,2022-11-11,2023-01-11,61,176.86,0.16700889801505817,11.975409836065575,6353.91
CUST_03361,207,16,3594.61,3,4,5,345,Loyal Customers,2023-08-03,2024-06-08,310,224.663125,0.8487337440109514,18.851612903225806,12705.79
CUST_03362,22,9,1993.79,5,3,4,534,Potential Loyalists,2024-01-15,2024-12-10,330,221.53222222222223,0.9034907597535934,9.961363636363636,6620.29
CUST_03363,235,22,3447.44,3,5,5,355,Loyal Customers,2023-05-03,2024-05-11,374,156.7018181818182,1.0239561943874058,21.48529411764706,10100.35
CUST_03364,334,29,5336.37,3,5,5,355,Loyal Customers,2022-10-07,2024-02-02,483,184.01275862068965,1.322381930184805,21.930124223602483,12106.27
CUST_03365,543,22,3067.64,1,5,4,154,Cannot Lose Them,2022-06-11,2023-07-08,392,139.43818181818182,1.0732375085557837,20.49872448979592,8574.91
CUST_03366,119,39,10271.3,4,5,5,455,Champions,2022-11-13,2024-09-04,661,263.3666666666667,1.809719370294319,21.550302571860815,17026.89
CUST_03367,947,1,422.17,1,1,2,112,Hibernating,2022-05-30,2022-05-30,0,422.17,0.08213552361396304,12.175,15419.76
CUST_03368,1015,1,30.65,1,1,1,111,Hibernating,2022-03-23,2022-03-23,0,30.65,0.08213552361396304,12.175,1119.49
CUST_03369,36,8,1438.18,5,3,3,533,Potential Loyalists,2024-03-11,2024-11-26,260,179.7725,0.7118412046543463,11.23846153846154,6061.1
CUST_03370,494,9,1517.08,2,3,3,233,At Risk,2022-10-01,2023-08-26,329,168.56444444444443,0.9007529089664613,9.99164133738602,5052.71
CUST_03371,289,1,233.03,3,1,1,311,Need Attention,2024-03-18,2024-03-18,0,233.03,0.08213552361396304,12.175,8511.42
CUST_03372,196,8,1438.81,3,3,3,333,Need Attention,2023-02-08,2024-06-19,497,179.85125,1.3607118412046544,5.879275653923541,3172.19
CUST_03373,19,29,6208.76,5,5,5,555,Champions,2023-08-09,2024-12-13,492,214.0951724137931,1.3470225872689938,21.52896341463415,13827.74
CUST_03374,217,15,3258.2,3,4,4,344,Loyal Customers,2023-10-06,2024-05-29,236,217.2133333333333,0.6461327857631759,23.215042372881356,15127.85
CUST_03375,68,7,1222.44,4,2,3,423,Potential Loyalists,2023-09-27,2024-10-25,394,174.6342857142857,1.0787132101300478,6.489213197969543,3399.72
CUST_03376,702,9,1355.68,1,3,3,133,At Risk,2022-03-09,2023-01-30,327,150.63111111111112,0.8952772073921971,10.052752293577981,4542.77
CUST_03377,679,3,455.11,1,1,2,112,Hibernating,2022-08-12,2023-02-22,194,151.70333333333335,0.5311430527036276,5.648195876288661,2570.55
CUST_03378,486,26,4867.31,2,5,5,255,Cannot Lose Them,2022-05-05,2023-09-03,486,187.20423076923078,1.3305954825462012,19.540123456790123,10973.98
CUST_03379,330,26,6453.42,3,5,5,355,Loyal Customers,2022-08-19,2024-02-06,536,248.20846153846153,1.4674880219028064,17.717350746268657,13192.79
CUST_03380,403,3,293.05,2,1,1,211,Hibernating,2023-03-09,2023-11-25,261,97.68333333333334,0.7145790554414785,4.198275862068965,1230.3
CUST_03381,128,11,2116.88,4,4,4,444,Champions,2023-08-22,2024-08-26,370,192.4436363636364,1.0130047912388775,10.858783783783784,6269.11
CUST_03382,629,4,437.87,1,2,2,122,Hibernating,2022-10-31,2023-04-13,164,109.4675,0.4490075290896646,8.908536585365853,2925.59
CUST_03383,414,2,196.9,2,1,1,211,Hibernating,2023-05-27,2023-11-14,171,98.45,0.4681724845995893,4.271929824561403,1261.71
CUST_03384,131,2,147.32,4,1,1,411,New Customers,2024-05-22,2024-08-23,93,73.66,0.2546201232032854,7.854838709677419,1735.76
CUST_03385,180,11,2085.49,4,4,4,444,Champions,2023-08-20,2024-07-05,320,189.58999999999997,0.8761122518822724,12.555468750000001,7141.17
CUST_03386,1,11,1637.51,5,4,3,543,Loyal Customers,2023-12-19,2024-12-31,378,148.86454545454546,1.0349075975359343,10.628968253968253,4746.83
CUST_03387,302,8,856.09,3,3,2,332,Need Attention,2023-02-01,2024-03-05,398,107.01125,1.0896646132785763,7.341708542713568,2356.94
CUST_03388,145,2,252.45999999999998,4,1,1,411,New Customers,2024-04-14,2024-08-09,117,126.22999999999999,0.3203285420944558,6.2435897435897445,2364.39
CUST_03389,208,10,972.76,3,3,2,332,Need Attention,2023-05-30,2024-06-07,374,97.276,1.0239561943874058,9.766042780748664,2850.0
CUST_03390,829,4,733.11,1,2,2,122,Hibernating,2022-03-18,2022-09-25,191,183.2775,0.5229295003422314,7.649214659685863,4205.79
CUST_03391,758,1,169.58,1,1,1,111,Hibernating,2022-12-05,2022-12-05,0,169.58,0.08213552361396304,12.175,6193.91
CUST_03392,481,2,86.49000000000001,2,1,1,211,Hibernating,2023-03-17,2023-09-08,175,43.245000000000005,0.4791238877481177,4.174285714285714,541.55
CUST_03393,15,35,9116.17,5,5,5,555,Champions,2023-02-23,2024-12-17,663,260.462,1.8151950718685832,19.281674208144796,15066.43
CUST_03394,320,4,685.95,3,2,2,322,Need Attention,2023-06-20,2024-02-16,241,171.4875,0.6598220396988365,6.062240663900415,3118.8
CUST_03395,9,17,2630.7200000000003,5,4,4,544,Champions,2024-02-03,2024-12-23,324,154.74823529411765,0.8870636550308009,19.16435185185185,8896.95
CUST_03396,513,1,18.72,2,1,1,211,Hibernating,2023-08-07,2023-08-07,0,18.72,0.08213552361396304,12.175,683.75
CUST_03397,596,2,114.53999999999999,1,1,1,111,Hibernating,2023-02-20,2023-05-16,85,57.269999999999996,0.2327173169062286,8.594117647058823,1476.56
CUST_03398,408,26,4047.64,2,5,5,255,Cannot Lose Them,2022-07-30,2023-11-20,478,155.67846153846153,1.3086926762491444,19.86715481171548,9278.66
CUST_03399,110,4,971.79,4,2,2,422,Potential Loyalists,2024-03-15,2024-09-13,182,242.9475,0.49828884325804246,8.027472527472527,5850.76
CUST_03400,571,6,736.38,1,2,2,122,Hibernating,2022-08-04,2023-06-10,310,122.73,0.8487337440109514,7.069354838709677,2602.87
CUST_03401,27,16,3391.52,5,4,5,545,Champions,2023-05-15,2024-12-05,570,211.97,1.5605749486652978,10.252631578947367,6519.75
CUST_03402,9,24,5946.78,5,5,5,555,Champions,2023-10-04,2024-12-23,446,247.7825,1.2210814510609171,19.654708520179373,14610.28
CUST_03403,340,22,3209.73,2,5,4,254,Cannot Lose Them,2023-01-31,2024-01-27,361,145.8968181818182,0.9883641341546886,22.2590027700831,9742.55
CUST_03404,230,19,3195.4700000000003,3,5,4,354,Loyal Customers,2022-04-25,2024-05-16,752,168.1826315789474,2.0588637919233403,9.228390957446807,4656.17
CUST_03405,231,5,1159.74,3,2,3,323,Need Attention,2023-08-07,2024-05-15,282,231.948,0.7720739219712526,6.476063829787234,4506.33
CUST_03406,681,16,4752.32,1,4,5,145,Cannot Lose Them,2022-05-29,2023-02-20,267,297.02,0.731006160164271,21.887640449438205,19503.2
CUST_03407,129,16,3052.12,4,4,4,444,Champions,2022-12-13,2024-08-25,621,190.7575,1.700205338809035,9.41062801932367,5385.44
CUST_03408,708,1,135.67,1,1,1,111,Hibernating,2023-01-24,2023-01-24,0,135.67,0.08213552361396304,12.175,4955.35
CUST_03409,11,13,2473.14,5,4,4,544,Champions,2023-08-06,2024-12-21,503,190.24153846153845,1.377138945927447,9.439860834990059,5387.56
CUST_03410,41,37,7383.02,5,5,5,555,Champions,2023-01-08,2024-11-21,683,199.5410810810811,1.8699520876112252,19.786603221083453,11844.72
CUST_03411,162,10,887.6099999999999,4,3,2,432,Potential Loyalists,2023-08-11,2024-07-23,347,88.761,0.9500342231348392,10.52593659942363,2802.88
CUST_03412,295,19,3423.17,3,5,5,355,Loyal Customers,2022-02-25,2024-03-12,746,180.16684210526316,2.0424366872005475,9.302613941018768,5028.07
CUST_03413,373,2,238.24,2,1,1,211,Hibernating,2023-08-22,2023-12-25,125,119.12,0.34223134839151265,5.844,2088.41
CUST_03414,467,13,1561.31,2,4,3,243,Loyal Customers,2022-07-20,2023-09-22,429,120.10076923076923,1.1745379876796715,11.068181818181817,3987.89
CUST_03415,1,19,2758.3,5,5,4,554,Champions,2023-02-01,2024-12-31,699,145.17368421052632,1.9137577002053388,9.928111587982833,4323.9
CUST_03416,647,3,143.68,1,1,1,111,Hibernating,2022-07-15,2023-03-26,254,47.89333333333334,0.6954140999315537,4.3139763779527565,619.83
CUST_03417,704,4,358.89,1,2,1,121,Hibernating,2022-06-15,2023-01-28,227,89.7225,0.621492128678987,6.436123348017621,1732.4
CUST_03418,382,2,361.63,2,1,1,211,Hibernating,2023-10-10,2023-12-16,67,180.815,0.1834360027378508,10.902985074626866,5914.27
CUST_03419,683,5,615.57,1,2,2,122,Hibernating,2022-06-08,2023-02-18,255,123.114,0.6981519507186859,7.161764705882352,2645.14
CUST_03420,318,5,340.6,3,2,1,321,Need Attention,2023-08-01,2024-02-18,201,68.12,0.5503080082135524,9.085820895522387,1856.78
CUST_03421,525,6,890.51,1,2,2,122,Hibernating,2022-09-07,2023-07-26,322,148.41833333333332,0.8815879534565366,6.805900621118012,3030.36
CUST_03422,556,7,893.97,1,2,2,122,Hibernating,2022-06-19,2023-06-25,371,127.71000000000001,1.0157426420260096,6.891509433962264,2640.34
CUST_03423,18,32,5446.3,5,5,5,555,Champions,2023-04-23,2024-12-14,601,170.196875,1.6454483230663928,19.44758735440932,9929.76
CUST_03424,639,1,61.43,1,1,1,111,Hibernating,2023-04-03,2023-04-03,0,61.43,0.08213552361396304,12.175,2243.73
CUST_03425,1,25,7389.17,5,5,5,555,Champions,2023-09-11,2024-12-31,477,295.5668,1.3059548254620124,19.14308176100629,16974.18
CUST_03426,196,4,482.82,3,2,2,322,Need Attention,2024-01-22,2024-06-19,149,120.705,0.4079397672826831,9.805369127516778,3550.67
CUST_03427,590,1,46.9,1,1,1,111,Hibernating,2023-05-22,2023-05-22,0,46.9,0.08213552361396304,12.175,1713.02
CUST_03428,49,34,8282.45,4,5,5,455,Champions,2023-01-21,2024-11-13,662,243.60147058823532,1.8124572210814511,18.75906344410876,13709.21
CUST_03429,121,24,5908.2,4,5,5,455,Champions,2023-08-13,2024-09-02,386,246.17499999999998,1.056810403832991,22.70984455958549,16771.79
CUST_03430,515,11,1417.46,2,4,3,243,Loyal Customers,2022-08-10,2023-08-05,360,128.86,0.9856262833675564,11.160416666666666,4314.39
CUST_03431,16,23,4940.29,5,5,5,555,Champions,2023-09-20,2024-12-16,453,214.79521739130433,1.2402464065708418,18.54470198675497,11949.94
CUST_03432,715,4,275.97,1,2,1,121,Hibernating,2022-06-26,2023-01-17,205,68.9925,0.5612594113620808,7.126829268292682,1475.09
CUST_03433,471,8,823.62,2,3,2,232,At Risk,2022-07-23,2023-09-18,422,102.9525,1.1553730321697468,6.924170616113743,2138.58
CUST_03434,471,1,97.25,2,1,1,211,Hibernating,2023-09-18,2023-09-18,0,97.25,0.08213552361396304,12.175,3552.06
CUST_03435,158,8,1142.72,4,3,3,433,Potential Loyalists,2023-05-11,2024-07-27,443,142.84,1.212867898699521,6.595936794582393,2826.49
CUST_03436,412,3,255.72,2,1,1,211,Hibernating,2023-04-10,2023-11-16,220,85.24,0.6023271731690623,4.980681818181818,1273.66
CUST_03437,225,17,2850.45,3,4,4,344,Loyal Customers,2022-11-29,2024-05-21,539,167.6735294117647,1.4757015742642026,11.519944341372913,5794.77
CUST_03438,372,23,5616.42,2,5,5,255,Cannot Lose Them,2022-11-22,2023-12-26,399,244.1921739130435,1.0924024640657084,21.054511278195488,15424.04
CUST_03439,824,4,330.83000000000004,1,2,1,121,Hibernating,2022-03-10,2022-09-30,204,82.70750000000001,0.5585215605749486,7.161764705882353,1776.99
CUST_03440,344,10,1884.51,2,3,4,234,Cannot Lose Them,2022-06-05,2024-01-23,597,188.451,1.6344969199178645,6.118090452261306,3458.88
CUST_03441,193,4,697.52,3,2,2,322,Need Attention,2023-12-06,2024-06-22,199,174.38,0.5448323066392882,7.341708542713568,3840.74
CUST_03442,380,1,309.41,2,1,1,211,Hibernating,2023-12-18,2023-12-18,0,309.41,0.08213552361396304,12.175,11301.2
CUST_03443,102,18,3167.26,4,5,4,454,Champions,2022-12-18,2024-09-21,643,175.9588888888889,1.7604380561259412,10.224727838258165,5397.4
CUST_03444,192,32,7549.74,3,5,5,355,Loyal Customers,2023-02-08,2024-06-23,501,235.929375,1.3716632443531827,23.32934131736527,16512.23
CUST_03445,826,1,82.21,1,1,1,111,Hibernating,2022-09-28,2022-09-28,0,82.21,0.08213552361396304,12.175,3002.72
CUST_03446,47,10,2086.08,4,3,4,434,Potential Loyalists,2024-02-09,2024-11-15,280,208.608,0.7665982203969883,13.044642857142858,8163.65
CUST_03447,580,8,1336.01,1,3,3,133,At Risk,2022-03-19,2023-06-01,439,167.00125,1.2019164955509924,6.6560364464692485,3334.7
CUST_03448,190,2,216.88,3,1,1,311,Need Attention,2024-04-26,2024-06-25,60,108.44,0.16427104722792607,12.175,3960.77
CUST_03449,286,20,4025.95,3,5,5,355,Loyal Customers,2022-05-13,2024-03-21,678,201.29749999999999,1.8562628336755647,10.774336283185841,6506.54
CUST_03450,623,13,1827.19,1,4,4,144,Cannot Lose Them,2022-03-05,2023-04-19,410,140.55307692307693,1.1225188227241616,11.581097560975609,4883.28
CUST_03451,842,1,22.34,1,1,1,111,Hibernating,2022-09-12,2022-09-12,0,22.34,0.08213552361396304,12.175,815.97
CUST_03452,218,18,4246.2,3,5,5,355,Loyal Customers,2022-07-19,2024-05-28,679,235.89999999999998,1.8590006844626967,9.682621502209132,6852.39
CUST_03453,723,4,715.96,1,2,2,122,Hibernating,2022-06-04,2023-01-09,219,178.99,0.5995893223819302,6.671232876712328,3582.25
CUST_03454,51,9,943.08,4,3,2,432,Potential Loyalists,2023-11-30,2024-11-11,347,104.78666666666668,0.9500342231348392,9.473342939481267,2978.04
CUST_03455,464,10,1403.6,2,3,3,233,At Risk,2022-09-05,2023-09-25,385,140.35999999999999,1.054072553045859,9.487012987012987,3994.79
CUST_03456,200,31,4808.87,3,5,5,355,Loyal Customers,2022-09-19,2024-06-15,635,155.12483870967742,1.7385352498288844,17.831102362204724,8298.14
CUST_03457,64,5,464.17,4,2,2,422,Potential Loyalists,2024-02-16,2024-10-29,256,92.834,0.7008898015058179,7.1337890625,1986.77
CUST_03458,448,20,5447.030000000001,2,5,5,255,Cannot Lose Them,2022-10-12,2023-10-11,364,272.35150000000004,0.9965776865160849,20.068681318681318,16397.21
CUST_03459,551,2,101.02,1,1,1,111,Hibernating,2023-03-10,2023-06-30,112,50.51,0.3066392881587953,6.522321428571429,988.33
CUST_03460,341,17,2645.69,2,4,4,244,Cannot Lose Them,2022-04-27,2024-01-26,639,155.62882352941176,1.7494866529774127,9.717136150234742,4536.8
CUST_03461,5,11,2317.29,5,4,4,544,Champions,2023-10-07,2024-12-27,447,210.66272727272727,1.2238193018480492,8.988255033557047,5680.47
CUST_03462,87,7,1346.75,4,2,3,423,Potential Loyalists,2023-07-27,2024-10-06,437,192.39285714285714,1.1964407939767283,5.850686498855835,3376.89
CUST_03463,188,10,1132.53,3,3,3,333,Need Attention,2022-12-17,2024-06-27,558,113.253,1.5277207392197125,6.545698924731183,2223.96
CUST_03464,8,9,1880.52,5,3,4,534,Potential Loyalists,2024-02-08,2024-12-24,320,208.94666666666666,0.8761122518822724,10.27265625,6439.31
CUST_03465,166,1,98.56,4,1,1,411,New Customers,2024-07-19,2024-07-19,0,98.56,0.08213552361396304,12.175,3599.9
CUST_03466,417,19,3425.78,2,5,5,255,Cannot Lose Them,2022-11-29,2023-11-11,347,180.3042105263158,0.9500342231348392,19.999279538904897,10817.86
CUST_03467,406,7,684.02,2,2,2,222,Hibernating,2022-10-06,2023-11-22,412,97.71714285714286,1.1279945242984257,6.205703883495146,1819.21
CUST_03468,410,26,6907.48,2,5,5,255,Cannot Lose Them,2022-08-15,2023-11-18,460,265.6723076923077,1.2594113620807665,20.644565217391307,16454.07
CUST_03469,93,16,2302.85,4,4,4,444,Champions,2023-03-04,2024-09-30,576,143.928125,1.5770020533880904,10.145833333333332,4380.81
CUST_03470,213,3,506.77,3,1,2,312,Need Attention,2023-09-03,2024-06-02,273,168.92333333333332,0.7474332648870636,4.013736263736264,2034.04
CUST_03471,375,2,182.74,2,1,1,211,Hibernating,2023-10-16,2023-12-23,68,91.37,0.1861738535249829,10.742647058823529,2944.67
CUST_03472,9,34,7839.58,5,5,5,555,Champions,2023-06-11,2024-12-23,561,230.57588235294116,1.5359342915811087,22.136363636363637,15312.33
CUST_03473,30,28,7925.64,5,5,5,555,Champions,2023-08-04,2024-12-02,486,283.05857142857144,1.3305954825462012,21.043209876543212,17869.38
CUST_03474,44,6,607.42,4,2,2,422,Potential Loyalists,2023-12-04,2024-11-18,350,101.23666666666666,0.9582477754962354,6.261428571428572,1901.66
CUST_03475,570,5,462.82,1,2,2,122,Hibernating,2022-10-29,2023-06-11,225,92.564,0.6160164271047228,8.116666666666667,2253.93
CUST_03476,80,7,944.46,4,2,2,422,Potential Loyalists,2023-08-30,2024-10-13,410,134.92285714285714,1.1225188227241616,6.235975609756097,2524.13
CUST_03477,333,4,665.94,3,2,2,322,Need Attention,2023-07-23,2024-02-03,195,166.485,0.5338809034907598,7.4923076923076914,3742.07
CUST_03478,229,16,3331.46,3,4,4,344,Loyal Customers,2022-09-27,2024-05-17,598,208.21625,1.6372347707049966,9.77257525083612,6104.43
CUST_03479,250,7,1006.54,3,2,3,323,Need Attention,2023-05-13,2024-04-26,349,143.79142857142855,0.9555099247091033,7.3259312320916905,3160.22
CUST_03480,153,23,4805.75,4,5,5,455,Champions,2023-05-20,2024-08-01,439,208.94565217391303,1.2019164955509924,19.13610478359909,11995.22
CUST_03481,563,3,269.83,1,1,1,111,Hibernating,2022-08-11,2023-06-18,311,89.94333333333333,0.8514715947980835,3.523311897106109,950.7
CUST_03482,3,13,3080.1,5,4,4,544,Champions,2023-09-11,2024-12-29,475,236.93076923076922,1.3004791238877482,9.996315789473684,7105.3
CUST_03483,402,16,3644.9900000000002,2,4,5,245,Cannot Lose Them,2023-02-11,2023-11-26,288,227.81187500000001,0.7885010266940452,20.291666666666664,13868.05
CUST_03484,204,3,109.69,3,1,1,311,Need Attention,2023-10-05,2024-06-11,250,36.56333333333333,0.6844626967830253,4.383,480.77
CUST_03485,172,2,259.94,4,1,1,411,New Customers,2024-04-01,2024-07-13,103,129.97,0.28199863107460643,7.092233009708738,2765.33
CUST_03486,27,9,1134.82,5,3,3,533,Potential Loyalists,2024-01-03,2024-12-05,337,126.0911111111111,0.9226557152635181,9.754451038575668,3689.85
CUST_03487,609,5,1008.44,1,2,3,123,Hibernating,2022-09-12,2023-05-03,233,201.68800000000002,0.6379192334017796,7.837982832618026,4742.48
CUST_03488,159,10,723.5799999999999,4,3,2,432,Potential Loyalists,2023-02-07,2024-07-26,535,72.35799999999999,1.4647501711156743,6.827102803738318,1481.99
CUST_03489,214,19,4940.94,3,5,5,355,Loyal Customers,2023-09-14,2024-06-01,261,260.0494736842105,0.7145790554414785,26.589080459770113,20743.43
CUST_03490,794,4,917.18,1,2,2,122,Hibernating,2022-03-05,2022-10-30,239,229.295,0.6543463381245722,6.112970711297071,4205.02
CUST_03491,43,8,1176.19,5,3,3,533,Potential Loyalists,2024-03-03,2024-11-19,261,147.02375,0.7145790554414785,11.195402298850574,4937.97
CUST_03492,447,4,471.7699999999999,2,2,2,222,Hibernating,2023-03-21,2023-10-12,205,117.94249999999998,0.5612594113620808,7.126829268292682,2521.67
CUST_03493,613,2,337.72,1,1,1,111,Hibernating,2023-02-02,2023-04-29,86,168.86,0.23545516769336072,8.494186046511627,4302.98
CUST_03494,4,33,6776.7,5,5,5,555,Champions,2023-05-06,2024-12-28,602,205.35454545454544,1.648186173853525,20.022009966777407,12334.83
CUST_03495,843,4,161.10999999999999,1,2,1,121,Hibernating,2022-04-23,2022-09-11,141,40.277499999999996,0.3860369609856263,10.361702127659575,1252.03
CUST_03496,14,20,4793.04,5,5,5,555,Champions,2024-01-11,2024-12-18,342,239.652,0.9363449691991786,21.359649122807017,15356.65
CUST_03497,362,9,2781.39,2,3,4,234,Cannot Lose Them,2022-05-27,2024-01-05,588,309.0433333333333,1.6098562628336757,5.590561224489796,5183.18
CUST_03498,37,14,1882.38,5,4,4,544,Champions,2023-05-04,2024-11-25,571,134.4557142857143,1.5633127994524298,8.955341506129598,3612.29
CUST_03499,531,8,767.26,1,3,2,132,At Risk,2022-05-05,2023-07-20,441,95.9075,1.2073921971252566,6.625850340136055,1906.41
CUST_03500,56,13,2886.7400000000002,4,4,4,444,Champions,2023-09-18,2024-11-06,415,222.05692307692308,1.136208076659822,11.441566265060242,7622.04
CUST_03501,31,6,777.16,5,2,2,522,Potential Loyalists,2024-01-16,2024-12-01,320,129.52666666666667,0.8761122518822724,6.8484375,2661.17
CUST_03502,308,16,2603.79,3,4,4,344,Loyal Customers,2022-07-26,2024-02-28,582,162.736875,1.593429158110883,10.041237113402062,4902.24
CUST_03503,394,5,1308.26,2,2,3,223,Hibernating,2023-01-31,2023-12-04,307,261.652,0.840520191649555,5.948697068403909,4669.47
CUST_03504,458,6,1052.97,2,2,3,223,Hibernating,2022-11-21,2023-10-01,314,175.495,0.8596851471594799,6.979299363057325,3674.5
CUST_03505,235,9,1130.94,3,3,3,333,Need Attention,2023-09-04,2024-05-11,250,125.66000000000001,0.6844626967830253,13.149000000000001,4956.91
CUST_03506,18,9,1284.72,5,3,3,533,Potential Loyalists,2023-07-21,2024-12-14,512,142.74666666666667,1.4017796030116358,6.42041015625,2749.48
CUST_03507,105,19,3745.1800000000003,4,5,5,455,Champions,2022-07-29,2024-09-18,782,197.1147368421053,2.1409993155373033,8.874360613810742,5247.8
CUST_03508,593,8,452.38,1,3,2,132,At Risk,2022-04-03,2023-05-19,411,56.5475,1.1252566735112937,7.10948905109489,1206.07
CUST_03509,692,1,30.96,1,1,1,111,Hibernating,2023-02-09,2023-02-09,0,30.96,0.08213552361396304,12.175,1130.81
CUST_03510,237,32,6709.63,3,5,5,355,Loyal Customers,2022-10-25,2024-05-09,562,209.6759375,1.538672142368241,20.79715302491103,13081.99
CUST_03511,2,13,2641.43,5,4,4,544,Champions,2023-07-31,2024-12-30,518,203.18692307692305,1.4182067077344285,9.166505791505791,5587.54
CUST_03512,278,23,6730.35,3,5,5,355,Loyal Customers,2023-04-08,2024-03-29,356,292.6239130434783,0.974674880219028,23.597612359550563,20715.68
CUST_03513,106,39,7414.16,4,5,5,455,Champions,2022-10-16,2024-09-17,702,190.10666666666665,1.9219712525667352,20.291666666666664,11572.74
CUST_03514,625,19,4367.2,1,5,5,155,Cannot Lose Them,2022-07-11,2023-04-17,280,229.85263157894735,0.7665982203969883,24.78482142857143,17090.57
CUST_03515,206,13,1964.44,3,4,4,344,Loyal Customers,2023-03-02,2024-06-09,465,151.11076923076922,1.273100616016427,10.211290322580645,4629.11
CUST_03516,259,13,2396.7400000000002,3,4,4,344,Loyal Customers,2022-11-24,2024-04-17,510,184.3646153846154,1.3963039014373717,9.310294117647059,5149.47
CUST_03517,810,3,284.65,1,1,1,111,Hibernating,2022-05-19,2022-10-14,148,94.88333333333333,0.405201916495551,7.403716216216217,2107.47
CUST_03518,647,5,686.85,1,2,2,122,Hibernating,2022-06-09,2023-03-26,290,137.37,0.7939767282683093,6.297413793103448,2595.23
CUST_03519,856,1,14.51,1,1,1,111,Hibernating,2022-08-29,2022-08-29,0,14.51,0.08213552361396304,12.175,529.98
CUST_03520,17,5,829.55,5,2,2,522,Potential Loyalists,2024-04-08,2024-12-15,251,165.91,0.6872005475701575,7.275896414342629,3621.43
CUST_03521,71,3,383.98,4,1,1,411,New Customers,2024-04-17,2024-10-22,188,127.99333333333334,0.5147159479808351,5.82845744680851,2238.01
CUST_03522,42,8,1206.67,5,3,3,533,Potential Loyalists,2023-07-26,2024-11-20,483,150.83375,1.322381930184805,6.049689440993789,2737.49
CUST_03523,704,1,43.19,1,1,1,111,Hibernating,2023-01-28,2023-01-28,0,43.19,0.08213552361396304,12.175,1577.51
CUST_03524,379,6,909.7600000000001,2,2,2,222,Hibernating,2023-03-18,2023-12-19,276,151.6266666666667,0.75564681724846,7.940217391304348,3611.85
CUST_03525,381,14,2467.18,2,4,4,244,Cannot Lose Them,2022-05-16,2023-12-17,580,176.22714285714284,1.5879534565366187,8.816379310344828,4661.06
CUST_03526,138,9,1646.1,4,3,3,433,Potential Loyalists,2023-02-22,2024-08-16,541,182.89999999999998,1.4811772758384667,6.076247689463956,3334.04
CUST_03527,687,6,820.8800000000001,1,2,2,122,Hibernating,2022-03-31,2023-02-14,320,136.81333333333336,0.8761122518822724,6.8484375,2810.87
CUST_03528,717,2,79.16999999999999,1,1,1,111,Hibernating,2022-09-01,2023-01-15,136,39.584999999999994,0.3723477070499658,5.3713235294117645,637.87
CUST_03529,21,14,2083.4700000000003,5,4,4,544,Champions,2023-05-22,2024-12-11,569,148.81928571428574,1.5578370978781657,8.986818980667838,4012.24
CUST_03530,84,35,6934.24,4,5,5,455,Champions,2023-02-10,2024-10-09,607,198.12114285714284,1.6618754277891854,21.060543657331138,12517.62
CUST_03531,42,14,2372.1400000000003,5,4,4,544,Champions,2023-03-24,2024-11-20,607,169.43857142857146,1.6618754277891854,8.424217462932456,4282.16
CUST_03532,566,1,140.47,1,1,1,111,Hibernating,2023-06-15,2023-06-15,0,140.47,0.08213552361396304,12.175,5130.67
CUST_03533,236,38,7314.14,3,5,5,355,Loyal Customers,2022-06-25,2024-05-10,685,192.47736842105263,1.8754277891854894,20.26204379562044,11699.95
CUST_03534,709,10,1902.04,1,3,4,134,Cannot Lose Them,2022-03-03,2023-01-23,326,190.204,0.892539356605065,11.20398773006135,6393.13
CUST_03535,17,18,1797.19,5,5,3,553,Loyal Customers,2023-01-07,2024-12-15,708,99.8438888888889,1.9383983572895278,9.286016949152541,2781.46
CUST_03536,384,1,47.89,2,1,1,211,Hibernating,2023-12-14,2023-12-14,0,47.89,0.08213552361396304,12.175,1749.18
CUST_03537,534,2,128.81,1,1,1,111,Hibernating,2023-03-27,2023-07-17,112,64.405,0.3066392881587953,6.522321428571429,1260.21
CUST_03538,237,35,7082.78,3,5,5,355,Loyal Customers,2022-07-28,2024-05-09,651,202.36514285714284,1.782340862422998,19.637096774193548,11921.59
CUST_03539,194,17,2949.68,3,4,4,344,Loyal Customers,2022-07-27,2024-06-21,695,173.5105882352941,1.9028062970568105,8.934172661870504,4650.52
CUST_03540,298,20,4003.01,3,5,5,355,Loyal Customers,2022-03-10,2024-03-09,730,200.15050000000002,1.998631074606434,10.006849315068493,6008.63
CUST_03541,200,3,169.48000000000002,3,1,1,311,Need Attention,2023-08-23,2024-06-15,297,56.49333333333334,0.813141683778234,3.6893939393939394,625.28
CUST_03542,113,7,1430.72,4,2,3,423,Potential Loyalists,2023-11-07,2024-09-10,308,204.38857142857142,0.8432580424366872,8.301136363636363,5089.97
CUST_03543,460,9,1167.97,2,3,3,233,At Risk,2022-12-31,2023-09-29,272,129.77444444444444,0.7446954140999316,12.085477941176471,4705.16
CUST_03544,748,18,3108.89,1,5,4,154,Cannot Lose Them,2022-02-24,2022-12-15,294,172.7161111111111,0.8049281314168378,22.362244897959183,11586.96
CUST_03545,87,10,1337.69,4,3,3,433,Potential Loyalists,2022-12-17,2024-10-06,659,133.769,1.8042436687200547,5.542488619119879,2224.24
CUST_03546,16,17,3025.64,5,4,4,544,Champions,2023-04-07,2024-12-16,619,177.97882352941176,1.6947296372347707,10.031098546042003,5355.97
CUST_03547,161,6,419.35,4,2,2,422,Potential Loyalists,2023-08-12,2024-07-24,347,69.89166666666667,0.9500342231348392,6.315561959654178,1324.22
CUST_03548,49,3,803.91,4,1,2,412,New Customers,2024-04-03,2024-11-13,224,267.96999999999997,0.6132785763175906,4.891741071428572,3932.52
CUST_03549,386,21,4021.55,2,5,5,255,Cannot Lose Them,2022-12-15,2023-12-12,362,191.50238095238097,0.9911019849418207,21.18853591160221,12172.97
CUST_03550,298,25,4820.52,3,5,5,355,Loyal Customers,2023-01-06,2024-03-09,428,192.82080000000002,1.1718001368925393,21.334696261682243,12341.32
CUST_03551,18,7,874.1800000000001,5,2,2,522,Potential Loyalists,2023-10-24,2024-12-14,417,124.88285714285715,1.1416837782340863,6.131294964028776,2297.08
CUST_03552,431,16,3085.24,2,4,4,244,Cannot Lose Them,2022-06-22,2023-10-28,493,192.8275,1.3497604380561259,11.85395537525355,6857.31
CUST_03553,296,10,1192.49,3,3,3,333,Need Attention,2022-08-12,2024-03-11,577,119.249,1.5797399041752225,6.330155979202773,2264.59
CUST_03554,725,18,3501.93,1,5,5,155,Cannot Lose Them,2022-05-07,2023-01-07,245,194.55166666666665,0.6707734428473648,26.834693877551018,15662.2
CUST_03555,445,1,51.58,2,1,1,211,Hibernating,2023-10-14,2023-10-14,0,51.58,0.08213552361396304,12.175,1883.96
CUST_03556,138,31,6749.9800000000005,4,5,5,455,Champions,2023-02-01,2024-08-16,562,217.74129032258065,1.538672142368241,20.14724199288256,13160.66
CUST_03557,789,5,387.12,1,2,1,121,Hibernating,2022-03-10,2022-11-04,239,77.424,0.6543463381245722,7.641213389121339,1774.84
CUST_03558,83,14,2373.43,4,4,4,444,Champions,2023-07-11,2024-10-10,457,169.53071428571428,1.2511978097193703,11.189277899343544,5690.78
CUST_03559,910,1,72.63,1,1,1,111,Hibernating,2022-07-06,2022-07-06,0,72.63,0.08213552361396304,12.175,2652.81
CUST_03560,570,4,1151.85,1,2,3,123,Hibernating,2022-12-01,2023-06-11,192,287.9625,0.5256673511293635,7.609375,6573.64
CUST_03561,155,19,3270.93,4,5,4,454,Champions,2022-06-20,2024-07-30,771,172.15421052631578,2.11088295687885,9.000972762645915,4648.67
CUST_03562,913,1,29.94,1,1,1,111,Hibernating,2022-07-03,2022-07-03,0,29.94,0.08213552361396304,12.175,1093.56
CUST_03563,197,4,251.39999999999998,3,2,1,321,Need Attention,2023-12-12,2024-06-18,189,62.849999999999994,0.5174537987679672,7.73015873015873,1457.52
CUST_03564,525,12,2335.28,1,4,4,144,Cannot Lose Them,2022-04-16,2023-07-26,466,194.60666666666668,1.2758384668035592,9.405579399141631,5491.17
CUST_03565,207,8,1290.44,3,3,3,333,Need Attention,2023-09-03,2024-06-08,279,161.305,0.7638603696098563,10.473118279569892,5068.1
CUST_03566,561,7,998.3700000000001,1,2,3,123,Hibernating,2022-05-16,2023-06-20,400,142.62428571428572,1.0951403148528405,6.391875000000001,2734.91
CUST_03567,126,8,1252.34,4,3,3,433,Potential Loyalists,2023-05-25,2024-08-28,461,156.5425,1.2621492128678986,6.3383947939262475,2976.68
CUST_03568,636,20,5855.05,1,5,5,155,Cannot Lose Them,2022-03-15,2023-04-06,387,292.7525,1.0595482546201231,18.875968992248062,16577.96
CUST_03569,261,10,1024.21,3,3,3,333,Need Attention,2022-07-20,2024-04-15,635,102.421,1.7385352498288844,5.751968503937007,1767.37
CUST_03570,97,5,1119.07,4,2,3,423,Potential Loyalists,2024-02-06,2024-09-26,233,223.814,0.6379192334017796,7.837982832618026,5262.75
CUST_03571,473,10,1130.51,2,3,3,233,At Risk,2022-09-12,2023-09-16,369,113.051,1.0102669404517455,9.898373983739836,3357.06
CUST_03572,15,12,1581.89,5,4,3,543,Loyal Customers,2023-10-09,2024-12-17,435,131.82416666666668,1.1909650924024642,10.075862068965517,3984.73
CUST_03573,4,7,1146.95,5,2,3,523,Potential Loyalists,2023-12-06,2024-12-28,388,163.85,1.0622861054072552,6.589561855670103,3239.1
CUST_03574,460,8,793.66,2,3,2,232,At Risk,2022-08-26,2023-09-29,399,99.2075,1.0924024640657084,7.323308270676692,2179.58
CUST_03575,316,20,3106.36,3,5,4,354,Loyal Customers,2022-02-14,2024-02-20,736,155.318,2.0150581793292264,9.925271739130435,4624.72
CUST_03576,183,5,614.04,4,2,2,422,Potential Loyalists,2023-09-08,2024-07-02,298,122.80799999999999,0.8158795345653662,6.128355704697986,2257.83
CUST_03577,12,25,5494.38,5,5,5,555,Champions,2023-10-02,2024-12-20,445,219.7752,1.218343600273785,20.519662921348313,13529.14
CUST_03578,376,1,105.27,2,1,1,211,Hibernating,2023-12-22,2023-12-22,0,105.27,0.08213552361396304,12.175,3844.99
CUST_03579,384,15,4700.61,2,4,5,245,Cannot Lose Them,2022-05-13,2023-12-14,580,313.37399999999997,1.5879534565366187,9.446120689655173,8880.51
CUST_03580,184,21,3374.84,4,5,4,454,Champions,2023-06-12,2024-07-01,385,160.70666666666668,1.054072553045859,19.922727272727272,9605.15
CUST_03581,499,1,36.24,2,1,1,211,Hibernating,2023-08-21,2023-08-21,0,36.24,0.08213552361396304,12.175,1323.67
CUST_03582,212,15,3126.79,3,4,4,344,Loyal Customers,2022-10-14,2024-06-03,598,208.45266666666666,1.6372347707049966,9.161789297658864,5729.4
CUST_03583,101,8,1320.99,4,3,3,433,Potential Loyalists,2023-12-14,2024-09-22,283,165.12375,0.7748117727583846,10.325088339222615,5114.75
CUST_03584,174,4,332.51,4,2,1,421,Potential Loyalists,2024-01-14,2024-07-11,179,83.1275,0.49007529089664614,8.162011173184357,2035.46
CUST_03585,634,10,1688.2,1,3,3,133,At Risk,2022-05-17,2023-04-08,326,168.82,0.892539356605065,11.20398773006135,5674.37
CUST_03586,318,20,3747.7,3,5,5,355,Loyal Customers,2023-03-23,2024-02-18,332,187.385,0.9089664613278576,22.003012048192772,12369.1
CUST_03587,106,2,169.79,4,1,1,411,New Customers,2024-05-07,2024-09-17,133,84.895,0.36413415468856947,5.492481203007519,1398.85
CUST_03588,479,20,4173.45,2,5,5,255,Cannot Lose Them,2022-10-11,2023-09-10,334,208.67249999999999,0.9144421629021219,21.87125748502994,13691.79
CUST_03589,32,18,3145.4900000000002,5,5,4,554,Champions,2023-12-15,2024-11-30,351,174.74944444444446,0.9609856262833676,18.73076923076923,9819.57
CUST_03590,26,13,2648.0,5,4,4,544,Champions,2023-07-22,2024-12-06,503,203.69230769230768,1.377138945927447,9.439860834990059,5768.48
CUST_03591,133,6,1007.6899999999999,4,2,3,423,Potential Loyalists,2023-09-13,2024-08-21,343,167.94833333333332,0.9390828199863107,6.389212827988338,3219.17
CUST_03592,492,2,212.97,2,1,1,211,Hibernating,2023-03-04,2023-08-28,177,106.485,0.48459958932238195,4.127118644067797,1318.43
CUST_03593,122,8,1445.96,4,3,3,433,Potential Loyalists,2023-07-19,2024-09-01,410,180.745,1.1225188227241616,7.126829268292682,3864.42
CUST_03594,22,17,2295.85,5,4,4,544,Champions,2023-01-15,2024-12-10,695,135.04999999999998,1.9028062970568105,8.934172661870504,3619.68
CUST_03595,55,3,130.51,4,1,1,411,New Customers,2024-05-03,2024-11-07,188,43.50333333333333,0.5147159479808351,5.82845744680851,760.67
CUST_03596,819,2,270.65,1,1,1,111,Hibernating,2022-04-08,2022-10-05,180,135.325,0.4928131416837782,4.058333333333334,1647.58
CUST_03597,9,12,1853.99,5,4,4,544,Champions,2023-09-22,2024-12-23,458,154.49916666666667,1.2539356605065024,9.569868995633188,4435.61
CUST_03598,631,10,1411.13,1,3,3,133,At Risk,2022-05-26,2023-04-11,320,141.113,0.8761122518822724,11.4140625,4832.02
CUST_03599,225,2,142.74,3,1,1,311,Need Attention,2024-02-11,2024-05-21,100,71.37,0.2737850787132101,7.305000000000001,1564.07
CUST_03600,257,13,1860.8,3,4,4,344,Loyal Customers,2022-12-02,2024-04-19,504,143.13846153846154,1.379876796714579,9.421130952380953,4045.58
CUST_03601,464,2,164.23000000000002,2,1,1,211,Hibernating,2023-07-04,2023-09-25,83,82.11500000000001,0.2272416153319644,8.801204819277109,2168.13
CUST_03602,705,9,922.6800000000001,1,3,2,132,At Risk,2022-03-10,2023-01-27,323,102.52000000000001,0.8843258042436687,10.177244582043343,3130.11
CUST_03603,175,8,1855.5900000000001,4,3,4,434,Potential Loyalists,2023-10-05,2024-07-10,279,231.94875000000002,0.7638603696098563,10.473118279569892,7287.68
CUST_03604,850,1,73.45,1,1,1,111,Hibernating,2022-09-04,2022-09-04,0,73.45,0.08213552361396304,12.175,2682.76
CUST_03605,600,22,5438.2,1,5,5,155,Cannot Lose Them,2022-04-09,2023-05-12,398,247.1909090909091,1.0896646132785763,20.189698492462313,14972.13
CUST_03606,111,10,1453.1599999999999,4,3,3,433,Potential Loyalists,2023-03-09,2024-09-12,553,145.31599999999997,1.514031485284052,6.604882459312839,2879.39
CUST_03607,724,4,521.15,1,2,2,122,Hibernating,2022-07-31,2023-01-08,161,130.2875,0.4407939767282683,9.074534161490684,3546.9
CUST_03608,286,4,653.13,3,2,2,322,Need Attention,2023-10-05,2024-03-21,168,163.2825,0.459958932238193,8.696428571428571,4259.92
CUST_03609,741,5,1022.92,1,2,3,123,Hibernating,2022-03-23,2022-12-22,274,204.584,0.7501711156741958,6.665145985401459,4090.75
CUST_03610,6,5,912.93,5,2,2,522,Potential Loyalists,2024-04-24,2024-12-26,246,182.58599999999998,0.6735112936344969,7.423780487804878,4066.44
CUST_03611,52,6,884.48,4,2,2,422,Potential Loyalists,2023-11-05,2024-11-10,371,147.41333333333333,1.0157426420260096,5.907008086253369,2612.32
CUST_03612,649,2,107.32000000000001,1,1,1,111,Hibernating,2023-01-16,2023-03-24,67,53.660000000000004,0.1834360027378508,10.902985074626866,1755.16
CUST_03613,68,3,631.12,4,1,2,412,New Customers,2024-03-28,2024-10-25,211,210.37333333333333,0.5776865160848734,5.193127962085308,3277.49
CUST_03614,6,10,1120.7,5,3,3,533,Potential Loyalists,2024-01-21,2024-12-26,340,112.07000000000001,0.9308692676249144,10.74264705882353,3611.79
CUST_03615,57,6,1478.95,4,2,3,423,Potential Loyalists,2024-01-18,2024-11-05,292,246.49166666666667,0.7994524298425736,7.50513698630137,5549.86
CUST_03616,193,34,7604.95,3,5,5,355,Loyal Customers,2022-12-28,2024-06-22,542,223.67499999999998,1.483915126625599,22.912361623616235,15374.77
CUST_03617,789,18,4309.89,1,5,5,155,Cannot Lose Them,2022-01-28,2022-11-04,280,239.43833333333336,0.7665982203969883,23.480357142857144,16866.29
CUST_03618,69,8,1380.29,4,3,3,433,Potential Loyalists,2023-07-15,2024-10-24,467,172.53625,1.2785763175906912,6.256959314775161,3238.66
CUST_03619,186,6,799.31,4,2,2,422,Potential Loyalists,2023-08-23,2024-06-29,311,133.21833333333333,0.8514715947980835,7.046623794212218,2816.22
CUST_03620,361,11,2029.25,2,4,4,244,Cannot Lose Them,2022-11-25,2024-01-06,407,184.47727272727272,1.1143052703627652,9.871621621621623,5463.27
CUST_03621,64,29,5739.65,4,5,5,455,Champions,2023-04-02,2024-10-29,576,197.91896551724136,1.5770020533880904,18.389322916666664,10918.79
CUST_03622,468,20,4176.28,2,5,5,255,Cannot Lose Them,2022-09-27,2023-09-21,359,208.814,0.9828884325804244,20.348189415041784,12746.96
CUST_03623,282,3,146.36,3,1,1,311,Need Attention,2023-08-01,2024-03-25,237,48.78666666666667,0.648870636550308,4.6234177215189876,676.68
CUST_03624,202,6,702.96,3,2,2,322,Need Attention,2023-07-01,2024-06-13,348,117.16000000000001,0.9527720739219713,6.297413793103448,2213.42
CUST_03625,493,7,884.54,2,2,2,222,Hibernating,2022-07-04,2023-08-27,419,126.36285714285714,1.1471594798083504,6.102028639618139,2313.21
CUST_03626,324,17,3163.43,3,4,4,344,Loyal Customers,2022-05-30,2024-02-12,623,186.0841176470588,1.7056810403832992,9.96669341894061,5563.93
CUST_03627,632,4,387.6,1,2,1,121,Hibernating,2022-08-23,2023-04-10,230,96.9,0.6297056810403833,6.352173913043479,1846.58
CUST_03628,19,7,819.24,5,2,2,522,Potential Loyalists,2023-11-23,2024-12-13,386,117.03428571428572,1.056810403832991,6.623704663212435,2325.6
CUST_03629,30,12,1215.64,5,4,3,543,Loyal Customers,2023-10-23,2024-12-02,406,101.30333333333334,1.111567419575633,10.795566502463055,3280.88
CUST_03630,136,39,7118.55,4,5,5,455,Champions,2022-10-22,2024-08-18,666,182.52692307692308,1.8234086242299794,21.388513513513516,11711.94
CUST_03631,720,5,1288.7,1,2,3,123,Hibernating,2022-04-27,2023-01-12,260,257.74,0.7118412046543463,7.024038461538462,5431.13
CUST_03632,68,31,5908.49,4,5,5,455,Champions,2023-04-09,2024-10-25,565,190.59645161290322,1.5468856947296372,20.040265486725662,11458.81
CUST_03633,15,15,2524.37,5,4,4,544,Champions,2023-10-10,2024-12-17,434,168.2913333333333,1.1882272416153319,12.623847926267281,6373.45
CUST_03634,304,8,1308.1,3,3,3,333,Need Attention,2022-10-30,2024-03-03,490,163.5125,1.3415468856947297,5.963265306122449,2925.21
CUST_03635,217,14,2916.3,3,4,4,344,Loyal Customers,2023-01-01,2024-05-29,514,208.30714285714288,1.4072553045859,9.948443579766538,6217.0
CUST_03636,490,8,1506.05,2,3,3,233,At Risk,2022-05-06,2023-08-30,481,188.25625,1.3169062286105406,6.0748440748440755,3430.88
CUST_03637,540,6,380.87,1,2,1,121,Hibernating,2022-07-29,2023-07-11,347,63.47833333333333,0.9500342231348392,6.315561959654178,1202.7
CUST_03638,680,2,100.77,1,1,1,111,Hibernating,2022-08-25,2023-02-21,180,50.385,0.4928131416837782,4.058333333333334,613.44
CUST_03639,113,9,1890.91,4,3,4,434,Potential Loyalists,2023-10-06,2024-09-10,340,210.10111111111112,0.9308692676249144,9.668382352941176,6094.01
CUST_03640,767,2,172.73000000000002,1,1,1,111,Hibernating,2022-09-05,2022-11-26,82,86.36500000000001,0.2245037645448323,8.908536585365853,2308.16
CUST_03641,35,9,823.24,5,3,2,532,Potential Loyalists,2023-12-27,2024-11-27,336,91.47111111111111,0.919917864476386,9.783482142857142,2684.72
CUST_03642,123,2,223.97,4,1,1,411,New Customers,2024-06-14,2024-08-31,78,111.985,0.2135523613963039,9.365384615384615,3146.35
CUST_03643,379,5,988.8,2,2,3,223,Hibernating,2023-05-25,2023-12-19,208,197.76,0.5694729637234771,8.780048076923077,5209.03
CUST_03644,673,12,1485.63,1,4,3,143,Loyal Customers,2022-02-09,2023-02-28,384,123.80250000000001,1.051334702258727,11.4140625,4239.27
CUST_03645,405,10,1139.19,2,3,3,233,At Risk,2022-12-23,2023-11-23,335,113.91900000000001,0.917180013689254,10.902985074626866,3726.17
CUST_03646,231,4,471.38,3,2,2,322,Need Attention,2023-11-15,2024-05-15,182,117.845,0.49828884325804246,8.027472527472527,2837.99
CUST_03647,453,12,1759.35,2,4,3,243,Loyal Customers,2022-07-30,2023-10-06,433,146.61249999999998,1.1854893908281998,10.122401847575057,4452.21
CUST_03648,772,1,104.76,1,1,1,111,Hibernating,2022-11-21,2022-11-21,0,104.76,0.08213552361396304,12.175,3826.36
CUST_03649,287,3,424.77000000000004,3,1,2,312,Need Attention,2023-08-25,2024-03-20,208,141.59,0.5694729637234771,5.268028846153846,2237.7
CUST_03650,719,5,947.0799999999999,1,2,2,122,Hibernating,2022-05-10,2023-01-13,248,189.416,0.6789869952087612,7.36391129032258,4184.53
CUST_03651,125,9,1373.53,4,3,3,433,Potential Loyalists,2023-09-08,2024-08-29,356,152.61444444444444,0.974674880219028,9.233848314606742,4227.66
CUST_03652,515,1,14.91,2,1,1,211,Hibernating,2023-08-05,2023-08-05,0,14.91,0.08213552361396304,12.175,544.59
CUST_03653,203,9,1271.4,3,3,3,333,Need Attention,2022-10-10,2024-06-12,611,141.26666666666668,1.672826830937714,5.380114566284779,2280.09
CUST_03654,79,2,183.76999999999998,4,1,1,411,New Customers,2024-05-04,2024-10-14,163,91.88499999999999,0.4462696783025325,4.4815950920245395,1235.37
CUST_03655,461,3,602.91,2,1,2,212,Hibernating,2022-10-17,2023-09-28,346,200.97,0.947296372347707,3.166907514450867,1909.36
CUST_03656,511,11,2423.68,2,4,4,244,Cannot Lose Them,2022-08-04,2023-08-09,370,220.33454545454543,1.0130047912388775,10.858783783783784,7177.7
CUST_03657,354,3,150.66,2,1,1,211,Hibernating,2023-03-11,2024-01-13,308,50.22,0.8432580424366872,3.55762987012987,535.99
CUST_03658,5,8,1201.73,5,3,3,533,Potential Loyalists,2023-10-11,2024-12-27,443,150.21625,1.212867898699521,6.595936794582393,2972.45
CUST_03659,351,35,8014.66,2,5,5,255,Cannot Lose Them,2022-06-02,2024-01-16,593,228.9902857142857,1.623545516769336,21.557757166947724,14809.55
CUST_03660,655,9,1679.58,1,3,3,133,At Risk,2022-05-19,2023-03-18,303,186.62,0.8295687885010267,10.849009900990099,6073.93
CUST_03661,364,35,7733.02,2,5,5,255,Cannot Lose Them,2022-03-30,2024-01-03,644,220.9434285714286,1.7631759069130732,19.85054347826087,13157.54
CUST_03662,582,2,219.09,1,1,1,111,Hibernating,2023-01-01,2023-05-30,149,109.545,0.4079397672826831,4.902684563758389,1611.19
CUST_03663,129,14,1504.74,4,4,3,443,Loyal Customers,2023-03-16,2024-08-25,528,107.48142857142857,1.4455852156057496,9.68465909090909,3122.76
CUST_03664,584,4,472.39,1,2,2,122,Hibernating,2022-11-26,2023-05-28,183,118.0975,0.5010266940451745,7.983606557377049,2828.53
CUST_03665,666,19,4210.98,1,5,5,155,Cannot Lose Them,2022-03-05,2023-03-07,367,221.63052631578944,1.0047912388774811,18.90940054495913,12572.7
CUST_03666,2,20,2640.78,5,5,4,554,Champions,2024-01-31,2024-12-30,334,132.03900000000002,0.9144421629021219,21.87125748502994,8663.58
CUST_03667,479,6,1282.67,2,2,3,223,Hibernating,2022-11-22,2023-09-10,292,213.77833333333334,0.7994524298425736,7.50513698630137,4813.31
CUST_03668,20,6,550.52,5,2,2,522,Potential Loyalists,2024-02-14,2024-12-12,302,91.75333333333333,0.8268309377138946,7.256622516556291,1997.46
CUST_03669,38,19,3986.04,5,5,5,555,Champions,2022-12-06,2024-11-24,719,209.7915789473684,1.9685147159479808,9.651947148817802,6074.69
CUST_03670,439,17,4366.95,2,4,5,245,Cannot Lose Them,2022-12-17,2023-10-20,307,256.8794117647059,0.840520191649555,20.22557003257329,15586.6
CUST_03671,473,6,810.63,2,2,2,222,Hibernating,2022-09-29,2023-09-16,352,135.105,0.9637234770704997,6.2258522727272725,2523.43
CUST_03672,17,26,7927.17,5,5,5,555,Champions,2023-09-07,2024-12-15,465,304.8911538461538,1.273100616016427,20.42258064516129,18679.99
CUST_03673,482,15,1883.6299999999999,2,4,4,244,Cannot Lose Them,2022-02-11,2023-09-07,573,125.57533333333332,1.568788501026694,9.56151832460733,3602.07
CUST_03674,35,10,1831.81,5,3,4,534,Potential Loyalists,2023-11-08,2024-11-27,385,183.18099999999998,1.054072553045859,9.487012987012987,5213.52
CUST_03675,155,27,7354.69,4,5,5,455,Champions,2023-03-17,2024-07-30,501,272.3959259259259,1.3716632443531827,19.684131736526947,16085.63
CUST_03676,17,12,1504.8500000000001,5,4,3,543,Loyal Customers,2023-07-30,2024-12-15,504,125.40416666666668,1.379876796714579,8.696428571428571,3271.71
CUST_03677,433,4,135.26999999999998,2,2,1,221,Hibernating,2023-04-15,2023-10-26,194,33.817499999999995,0.5311430527036276,7.530927835051547,764.03
CUST_03678,457,2,170.39000000000001,2,1,1,211,Hibernating,2023-04-08,2023-10-02,177,85.19500000000001,0.48459958932238195,4.127118644067797,1054.83
CUST_03679,490,2,82.22999999999999,2,1,1,211,Hibernating,2023-03-11,2023-08-30,172,41.114999999999995,0.47091033538672145,4.247093023255814,523.86
CUST_03680,509,12,2033.48,2,4,4,244,Cannot Lose Them,2022-06-10,2023-08-11,427,169.45666666666668,1.1690622861054072,10.264637002341921,5218.23
CUST_03681,213,4,258.53000000000003,3,2,1,321,Need Attention,2023-12-16,2024-06-02,169,64.63250000000001,0.46269678302532513,8.644970414201183,1676.24
CUST_03682,139,21,4565.900000000001,4,5,5,455,Champions,2023-09-24,2024-08-15,326,217.42380952380955,0.892539356605065,23.528374233128837,15346.89
CUST_03683,48,8,1727.48,4,3,3,433,Potential Loyalists,2023-07-01,2024-11-14,502,215.935,1.374401095140315,5.820717131474103,3770.69
CUST_03684,130,19,3632.14,4,5,5,455,Champions,2022-08-14,2024-08-24,741,191.16526315789474,2.028747433264887,9.365384615384615,5371.01
CUST_03685,477,13,2101.04,2,4,4,244,Cannot Lose Them,2022-07-04,2023-09-12,435,161.61846153846153,1.1909650924024642,10.915517241379309,5292.45
CUST_03686,104,4,1112.37,4,2,3,423,Potential Loyalists,2024-03-18,2024-09-19,185,278.0925,0.5065023956194388,7.897297297297297,6588.54
CUST_03687,546,2,128.79,1,1,1,111,Hibernating,2023-03-20,2023-07-05,107,64.395,0.2929500342231348,6.827102803738319,1318.89
CUST_03688,397,9,1957.37,2,3,4,234,Cannot Lose Them,2022-06-07,2023-12-01,542,217.48555555555555,1.483915126625599,6.0650369003690034,3957.17
CUST_03689,759,3,228.2,1,1,1,111,Hibernating,2022-07-05,2022-12-04,152,76.06666666666666,0.4161533196440794,7.208881578947368,1645.07
CUST_03690,349,34,7316.01,2,5,5,255,Cannot Lose Them,2022-02-16,2024-01-18,701,215.17676470588236,1.919233401779603,17.715406562054206,11435.83
CUST_03691,4,18,4575.5199999999995,5,5,5,555,Champions,2024-02-10,2024-12-28,322,254.19555555555553,0.8815879534565366,20.417701863354036,15570.27
CUST_03692,276,8,1480.83,3,3,3,333,Need Attention,2023-03-06,2024-03-31,391,185.10375,1.0704996577686516,7.4731457800511505,4149.92
CUST_03693,754,3,397.44000000000005,1,1,2,112,Hibernating,2022-06-01,2022-12-09,191,132.48000000000002,0.5229295003422314,5.736910994764397,2280.08
CUST_03694,268,2,66.62,3,1,1,311,Need Attention,2023-12-28,2024-04-08,102,33.31,0.2792607802874743,7.161764705882353,715.68
CUST_03695,441,7,467.03000000000003,2,2,2,222,Hibernating,2022-09-12,2023-10-18,401,66.71857142857144,1.0978781656399725,6.3759351620947635,1276.18
CUST_03696,314,7,1320.75,3,2,3,323,Need Attention,2022-12-07,2024-02-22,442,188.67857142857142,1.2101300479123889,5.784502262443438,3274.23
CUST_03697,382,9,1430.68,2,3,3,233,At Risk,2022-05-18,2023-12-16,577,158.96444444444444,1.5797399041752225,5.6971403812824954,2716.93
CUST_03698,547,3,194.89,1,1,1,111,Hibernating,2022-11-10,2023-07-04,236,64.96333333333332,0.6461327857631759,4.643008474576272,904.88
CUST_03699,8,8,1483.8899999999999,5,3,3,533,Potential Loyalists,2024-02-27,2024-12-24,301,185.48624999999998,0.8240930869267625,9.707641196013288,5401.9
CUST_03700,385,6,771.14,2,2,2,222,Hibernating,2023-03-09,2023-12-13,279,128.52333333333334,0.7638603696098563,7.854838709677419,3028.59
CUST_03701,100,9,1172.85,4,3,3,433,Potential Loyalists,2023-11-07,2024-09-23,321,130.31666666666666,0.8788501026694046,10.240654205607477,4003.58
CUST_03702,482,3,231.73000000000002,2,1,1,211,Hibernating,2023-02-06,2023-09-07,213,77.24333333333334,0.5831622176591376,5.144366197183099,1192.1
CUST_03703,603,23,5585.34,1,5,5,155,Cannot Lose Them,2022-03-21,2023-05-09,414,242.8408695652174,1.1334702258726899,20.291666666666668,14782.94
CUST_03704,491,2,113.75,2,1,1,211,Hibernating,2023-06-28,2023-08-29,62,56.875,0.1697467488021903,11.782258064516128,2010.35
CUST_03705,463,8,861.83,2,3,2,232,At Risk,2022-12-30,2023-09-26,270,107.72875,0.7392197125256673,10.822222222222223,3497.59
CUST_03706,717,4,661.47,1,2,2,122,Hibernating,2022-08-11,2023-01-15,157,165.3675,0.42984257357973993,9.305732484076433,4616.6
CUST_03707,87,12,1829.4,4,4,4,444,Champions,2023-06-12,2024-10-06,482,152.45000000000002,1.319644079397673,9.093360995850622,4158.85
CUST_03708,586,10,2005.03,1,3,4,134,Cannot Lose Them,2022-06-04,2023-05-26,356,200.503,0.974674880219028,10.259831460674157,6171.38
CUST_03709,738,8,2299.66,1,3,4,134,Cannot Lose Them,2022-02-26,2022-12-25,302,287.4575,0.8268309377138946,9.675496688741722,8343.88
CUST_03710,219,10,911.88,3,3,2,332,Need Attention,2022-12-23,2024-05-27,521,91.188,1.4264202600958247,7.0105566218809985,1917.84
CUST_03711,346,18,2422.2000000000003,2,5,4,254,Cannot Lose Them,2022-04-21,2024-01-21,640,134.5666666666667,1.7522245037645447,10.27265625,4147.07
CUST_03712,816,1,50.83,1,1,1,111,Hibernating,2022-10-08,2022-10-08,0,50.83,0.08213552361396304,12.175,1856.57
CUST_03713,166,3,165.18,4,1,1,411,New Customers,2023-11-18,2024-07-19,244,55.06,0.6680355920602327,4.490778688524591,741.79
CUST_03714,443,7,989.1899999999999,2,2,3,223,Hibernating,2022-09-15,2023-10-16,396,141.31285714285713,1.0841889117043122,6.456439393939394,2737.13
CUST_03715,41,11,1942.83,5,4,4,544,Champions,2023-12-06,2024-11-21,351,176.6209090909091,0.9609856262833676,11.446581196581196,6065.12
CUST_03716,62,16,2849.69,4,4,4,444,Champions,2024-02-11,2024-10-31,263,178.105625,0.7200547570157426,22.220532319391637,11872.81
CUST_03717,656,5,692.01,1,2,2,122,Hibernating,2022-07-07,2023-03-17,253,138.402,0.6926762491444216,7.218379446640316,2997.11
CUST_03718,37,10,1489.0,5,3,3,533,Potential Loyalists,2023-10-11,2024-11-25,411,148.9,1.1252566735112937,8.886861313868613,3969.76
CUST_03719,109,35,7672.78,4,5,5,455,Champions,2022-10-21,2024-09-14,694,219.2222857142857,1.9000684462696784,18.420389048991353,12114.48
CUST_03720,290,2,187.2,3,1,1,311,Need Attention,2023-12-18,2024-03-17,90,93.6,0.2464065708418891,8.116666666666667,2279.16
CUST_03721,449,10,963.2900000000001,2,3,2,232,At Risk,2022-10-13,2023-10-10,362,96.32900000000001,0.9911019849418207,10.089779005524862,2915.81
CUST_03722,482,15,3111.26,2,4,4,244,Cannot Lose Them,2022-12-15,2023-09-07,266,207.41733333333335,0.7282683093771389,20.596804511278197,12816.4
CUST_03723,487,28,4418.2,2,5,5,255,Cannot Lose Them,2022-04-07,2023-09-02,513,157.79285714285714,1.404517453798768,19.935672514619885,9437.12
CUST_03724,14,21,3907.16,5,5,5,555,Champions,2023-11-29,2024-12-18,385,186.05523809523808,1.054072553045859,19.922727272727272,11120.18
CUST_03725,259,8,1177.62,3,3,3,333,Need Attention,2022-12-18,2024-04-17,486,147.2025,1.3305954825462012,6.012345679012346,2655.1
CUST_03726,17,8,941.42,5,3,2,532,Potential Loyalists,2024-02-19,2024-12-15,300,117.6775,0.8213552361396304,9.74,3438.54
CUST_03727,258,3,382.68,3,1,1,311,Need Attention,2023-07-13,2024-04-18,280,127.56,0.7665982203969883,3.913392857142857,1497.58
CUST_03728,6,14,1931.1,5,4,4,544,Champions,2023-04-08,2024-12-26,628,137.93571428571428,1.7193702943189597,8.14251592356688,3369.43
CUST_03729,60,10,1964.09,4,3,4,434,Potential Loyalists,2023-02-11,2024-11-02,630,196.409,1.7248459958932238,5.7976190476190474,3416.11
CUST_03730,234,14,2326.01,3,4,4,344,Loyal Customers,2023-01-03,2024-05-12,495,166.14357142857145,1.3552361396303902,10.33030303030303,5148.94
CUST_03731,411,2,552.67,2,1,2,212,Hibernating,2023-06-19,2023-11-17,151,276.335,0.4134154688569473,4.837748344370861,4010.52
CUST_03732,23,7,1186.34,5,2,3,523,Potential Loyalists,2024-03-08,2024-12-09,276,169.47714285714284,0.75564681724846,9.26358695652174,4709.9
CUST_03733,432,5,851.87,2,2,2,222,Hibernating,2023-03-19,2023-10-27,222,170.374,0.6078028747433265,8.22635135135135,4204.67
CUST_03734,517,3,162.9,2,1,1,211,Hibernating,2022-12-30,2023-08-03,216,54.300000000000004,0.5913757700205339,5.072916666666667,826.38
CUST_03735,13,10,1681.42,5,3,3,533,Potential Loyalists,2023-10-21,2024-12-19,425,168.142,1.163586584531143,8.594117647058823,4335.1
CUST_03736,5,8,812.07,5,3,2,532,Potential Loyalists,2023-10-26,2024-12-27,428,101.50875,1.1718001368925393,6.827102803738319,2079.03
CUST_03737,528,8,832.3,1,3,2,132,At Risk,2022-04-02,2023-07-23,477,104.0375,1.3059548254620124,6.1257861635220126,1911.93
CUST_03738,20,15,2368.74,5,4,4,544,Champions,2023-04-04,2024-12-12,618,157.916,1.6919917864476386,8.865291262135923,4199.91
CUST_03739,41,9,2130.29,5,3,4,534,Potential Loyalists,2023-12-07,2024-11-21,350,236.6988888888889,0.9582477754962354,9.392142857142858,6669.33
CUST_03740,193,5,501.79,3,2,2,322,Need Attention,2023-11-01,2024-06-22,234,100.358,0.6406570841889117,7.80448717948718,2349.73
CUST_03741,508,9,1020.88,2,3,3,233,At Risk,2022-11-03,2023-08-12,282,113.43111111111111,0.7720739219712526,11.65691489361702,3966.77
CUST_03742,831,1,115.18,1,1,1,111,Hibernating,2022-09-23,2022-09-23,0,115.18,0.08213552361396304,12.175,4206.95
CUST_03743,312,8,1448.7,3,3,3,333,Need Attention,2023-07-16,2024-02-24,223,181.0875,0.6105407255304586,13.103139013452916,7118.44
CUST_03744,51,10,2230.1,4,3,4,434,Potential Loyalists,2023-12-10,2024-11-11,337,223.01,0.9226557152635181,10.838278931750743,7251.13
CUST_03745,395,3,142.88,2,1,1,211,Hibernating,2023-02-09,2023-12-03,297,47.626666666666665,0.813141683778234,3.6893939393939394,527.14
CUST_03746,427,9,668.85,2,3,2,232,At Risk,2022-06-24,2023-11-01,495,74.31666666666666,1.3552361396303902,6.640909090909091,1480.59
CUST_03747,834,2,319.11,1,1,1,111,Hibernating,2022-07-04,2022-09-20,78,159.555,0.2135523613963039,9.365384615384615,4482.88
CUST_03748,525,1,112.39,1,1,1,111,Hibernating,2023-07-26,2023-07-26,0,112.39,0.08213552361396304,12.175,4105.04
CUST_03749,445,17,2952.08,2,4,4,244,Cannot Lose Them,2022-05-06,2023-10-14,526,173.65176470588236,1.4401095140314852,11.804657794676807,6149.7
CUST_03750,726,5,898.59,1,2,2,122,Hibernating,2022-04-10,2023-01-06,271,179.71800000000002,0.7419575633127995,6.738929889298893,3633.32
CUST_03751,352,8,826.72,2,3,2,232,At Risk,2023-04-28,2024-01-15,262,103.34,0.7173169062286106,11.15267175572519,3457.55
CUST_03752,272,35,7375.13,3,5,5,355,Loyal Customers,2022-06-24,2024-04-04,650,210.718,1.7796030116358659,19.66730769230769,12432.77
CUST_03753,406,8,1233.13,2,3,3,233,At Risk,2022-09-10,2023-11-22,438,154.14125,1.1991786447638604,6.671232876712328,3084.94
CUST_03754,316,8,1045.3600000000001,3,3,3,333,Need Attention,2022-12-13,2024-02-20,434,130.67000000000002,1.1882272416153319,6.732718894009217,2639.29
CUST_03755,98,9,1054.02,4,3,3,433,Potential Loyalists,2023-06-04,2024-09-25,479,117.11333333333333,1.3114305270362765,6.862734864300626,2411.15
CUST_03756,19,9,1715.0900000000001,5,3,3,533,Potential Loyalists,2023-07-23,2024-12-13,509,190.56555555555556,1.3935660506502396,6.458251473477406,3692.16
CUST_03757,311,7,1046.51,3,2,3,323,Need Attention,2023-01-04,2024-02-25,417,149.50142857142856,1.1416837782340863,6.131294964028776,2749.91
CUST_03758,698,4,339.51,1,2,1,121,Hibernating,2022-06-27,2023-02-03,221,84.8775,0.6050650239561944,6.610859728506787,1683.34
CUST_03759,542,8,864.16,1,3,2,132,At Risk,2022-05-13,2023-07-09,422,108.02,1.1553730321697468,6.924170616113743,2243.85
CUST_03760,1,14,2243.23,5,4,4,544,Champions,2023-08-13,2024-12-31,506,160.2307142857143,1.3853524982888432,10.105731225296443,4857.75
CUST_03761,445,10,1447.9,2,3,3,233,At Risk,2022-03-19,2023-10-14,574,144.79000000000002,1.571526351813826,6.363240418118467,2764.0
CUST_03762,8,16,2615.2,5,4,4,544,Champions,2023-07-01,2024-12-24,542,163.45,1.483915126625599,10.782287822878228,5287.09
CUST_03763,594,9,1471.47,1,3,3,133,At Risk,2022-07-08,2023-05-18,314,163.49666666666667,0.8596851471594799,10.468949044585987,5134.91
CUST_03764,357,3,370.77,2,1,1,211,Hibernating,2023-05-15,2024-01-10,240,123.58999999999999,0.6570841889117043,4.565625,1692.8
CUST_03765,33,16,3365.1800000000003,5,4,4,544,Champions,2023-03-22,2024-11-29,618,210.32375000000002,1.6919917864476386,9.45631067961165,5966.66
CUST_03766,12,10,1703.28,5,3,3,533,Potential Loyalists,2024-02-15,2024-12-20,309,170.328,0.8459958932238193,11.820388349514563,6040.03
CUST_03767,6,26,5937.64,5,5,5,555,Champions,2023-11-22,2024-12-26,400,228.37076923076924,1.0951403148528405,23.74125,16265.42
CUST_03768,59,18,4596.900000000001,4,5,5,455,Champions,2022-12-12,2024-11-03,692,255.38333333333335,1.894592744695414,9.500722543352602,7278.98
CUST_03769,22,10,2193.54,5,3,4,534,Potential Loyalists,2024-01-20,2024-12-10,325,219.35399999999998,0.8898015058179329,11.238461538461538,7395.6
CUST_03770,360,3,118.34,2,1,1,211,Hibernating,2023-06-25,2024-01-07,196,39.446666666666665,0.5366187542778919,5.590561224489796,661.59
CUST_03771,263,18,4315.76,3,5,5,355,Loyal Customers,2023-07-08,2024-04-13,280,239.76444444444445,0.7665982203969883,23.480357142857144,16889.26
CUST_03772,310,17,5012.98,3,4,5,345,Loyal Customers,2023-05-19,2024-02-26,283,294.88117647058823,0.7748117727583846,21.940812720848058,19409.8
CUST_03773,198,31,7604.95,3,5,5,355,Loyal Customers,2023-01-03,2024-06-17,531,245.32096774193548,1.4537987679671458,21.323446327683616,15693.27
CUST_03774,19,10,1677.59,5,3,3,533,Potential Loyalists,2023-10-22,2024-12-13,418,167.759,1.1444216290212184,8.738038277511961,4397.65
CUST_03775,17,18,2887.19,5,5,4,554,Champions,2022-12-31,2024-12-15,715,160.39944444444444,1.9575633127994525,9.195104895104894,4424.67
CUST_03776,67,7,1709.83,4,2,3,423,Potential Loyalists,2023-10-11,2024-10-26,381,244.26142857142855,1.0431211498973305,6.7106299212598435,4917.44
CUST_03777,85,38,9631.99,4,5,5,455,Champions,2022-10-15,2024-10-08,724,253.47342105263158,1.9822039698836413,19.170580110497237,14577.7
CUST_03778,1013,1,50.6,1,1,1,111,Hibernating,2022-03-25,2022-03-25,0,50.6,0.08213552361396304,12.175,1848.17
CUST_03779,53,2,211.93,4,1,1,411,New Customers,2024-05-24,2024-11-09,169,105.965,0.46269678302532513,4.322485207100591,1374.1
CUST_03780,222,2,272.1,3,1,1,311,Need Attention,2024-02-16,2024-05-24,98,136.05,0.2683093771389459,7.454081632653061,3042.38
CUST_03781,780,2,87.52000000000001,1,1,1,111,Hibernating,2022-07-02,2022-11-13,134,43.760000000000005,0.3668720054757016,5.451492537313433,715.67
CUST_03782,156,10,1989.21,4,3,4,434,Potential Loyalists,2023-02-27,2024-07-29,518,198.921,1.4182067077344285,7.051158301158301,4207.87
CUST_03783,325,7,1073.82,3,2,3,323,Need Attention,2023-01-08,2024-02-11,399,153.40285714285713,1.0924024640657084,6.407894736842105,2948.97
CUST_03784,208,17,3395.4,3,4,5,345,Loyal Customers,2022-08-05,2024-06-07,672,199.7294117647059,1.839835728952772,9.239955357142858,5536.47
CUST_03785,267,8,746.04,3,3,2,332,Need Attention,2022-12-26,2024-04-09,470,93.255,1.2867898699520877,6.217021276595744,1739.3
CUST_03786,829,1,33.26,1,1,1,111,Hibernating,2022-09-25,2022-09-25,0,33.26,0.08213552361396304,12.175,1214.82
CUST_03787,294,8,598.69,3,3,2,332,Need Attention,2023-01-27,2024-03-13,411,74.83625,1.1252566735112937,7.10948905109489,1596.14
CUST_03788,205,40,9566.09,3,5,5,355,Loyal Customers,2022-06-21,2024-06-10,720,239.15225,1.9712525667351128,20.291666666666668,14558.39
CUST_03789,42,15,2278.33,5,4,4,544,Champions,2023-05-15,2024-11-20,555,151.88866666666667,1.5195071868583163,9.871621621621621,4498.16
CUST_03790,227,1,119.22,3,1,1,311,Need Attention,2024-05-19,2024-05-19,0,119.22,0.08213552361396304,12.175,4354.51
CUST_03791,368,3,314.9,2,1,1,211,Hibernating,2023-03-20,2023-12-30,285,104.96666666666665,0.7802874743326489,3.844736842105263,1210.71
CUST_03792,631,3,275.61,1,1,1,111,Hibernating,2022-06-29,2023-04-11,286,91.87,0.783025325119781,3.8312937062937062,1055.94
CUST_03793,614,8,1215.74,1,3,3,133,At Risk,2022-03-20,2023-04-28,404,151.9675,1.106091718001369,7.232673267326732,3297.39
CUST_03794,157,17,2356.7400000000002,4,4,4,444,Champions,2022-10-23,2024-07-28,644,138.63176470588238,1.7631759069130732,9.641692546583851,4009.93
CUST_03795,245,16,2860.7999999999997,3,4,4,344,Loyal Customers,2022-10-19,2024-05-01,560,178.79999999999998,1.5331964407939767,10.435714285714287,5597.72
CUST_03796,390,4,379.34000000000003,2,2,1,221,Hibernating,2023-07-11,2023-12-08,150,94.83500000000001,0.4106776180698152,9.74,2771.08
CUST_03797,32,8,790.34,5,3,2,532,Potential Loyalists,2023-08-08,2024-11-30,480,98.7925,1.3141683778234086,6.0875,1804.2
CUST_03798,307,8,882.71,3,3,2,332,Need Attention,2023-08-06,2024-02-29,207,110.33875,0.5667351129363449,14.115942028985508,4672.61
CUST_03799,304,21,3582.08,3,5,5,355,Loyal Customers,2023-04-29,2024-03-03,309,170.5752380952381,0.8459958932238193,24.822815533980584,12702.47
CUST_03800,155,3,357.52000000000004,4,1,1,411,New Customers,2023-09-15,2024-07-30,319,119.17333333333335,0.8733744010951403,3.4349529780564265,1228.06
CUST_03801,753,2,153.01,1,1,1,111,Hibernating,2022-07-09,2022-12-10,154,76.505,0.4216290212183436,4.7435064935064934,1088.71
CUST_03802,149,38,7952.02,4,5,5,455,Champions,2022-08-14,2024-08-05,722,209.26368421052632,1.9767282683093772,19.223684210526315,12068.46
CUST_03803,261,3,111.52,3,1,1,311,Need Attention,2023-06-09,2024-04-15,311,37.17333333333333,0.8514715947980835,3.523311897106109,392.92
CUST_03804,515,10,928.15,2,3,2,232,At Risk,2022-09-30,2023-08-05,309,92.815,0.8459958932238193,11.820388349514563,3291.33
CUST_03805,577,1,191.88,1,1,1,111,Hibernating,2023-06-04,2023-06-04,0,191.88,0.08213552361396304,12.175,7008.42
CUST_03806,529,2,248.73000000000002,1,1,1,111,Hibernating,2023-05-11,2023-07-22,72,124.36500000000001,0.1971252566735113,10.145833333333332,3785.36
CUST_03807,177,8,1327.1599999999999,4,3,3,433,Potential Loyalists,2023-03-18,2024-07-08,478,165.89499999999998,1.3086926762491444,6.112970711297071,3042.33
CUST_03808,198,6,1244.9299999999998,3,2,3,323,Need Attention,2023-07-28,2024-06-17,325,207.48833333333332,0.8898015058179329,6.743076923076923,4197.33
CUST_03809,15,15,2354.0699999999997,5,4,4,544,Champions,2023-05-10,2024-12-17,587,156.938,1.6071184120465434,9.333475298126066,4394.33
CUST_03810,477,1,247.96,2,1,1,211,Hibernating,2023-09-12,2023-09-12,0,247.96,0.08213552361396304,12.175,9056.74
CUST_03811,662,6,1336.45,1,2,3,123,Hibernating,2022-05-31,2023-03-11,284,222.74166666666667,0.7775496235455168,7.716549295774647,5156.39
CUST_03812,309,3,420.59000000000003,3,1,2,312,Need Attention,2023-08-15,2024-02-27,196,140.1966666666667,0.5366187542778919,5.590561224489796,2351.33
CUST_03813,76,17,2228.54,4,4,4,444,Champions,2022-11-12,2024-10-17,705,131.09058823529412,1.9301848049281314,8.807446808510639,3463.72
CUST_03814,867,1,53.67,1,1,1,111,Hibernating,2022-08-18,2022-08-18,0,53.67,0.08213552361396304,12.175,1960.3
CUST_03815,76,17,3151.88,4,4,4,444,Champions,2023-01-18,2024-10-17,638,185.40470588235294,1.7467488021902806,9.732366771159874,5413.28
CUST_03816,2,25,4660.34,5,5,5,555,Champions,2023-09-27,2024-12-30,460,186.4136,1.2594113620807665,19.85054347826087,11101.23
CUST_03817,780,4,380.83,1,2,1,121,Hibernating,2022-04-03,2022-11-13,224,95.2075,0.6132785763175906,6.522321428571429,1862.92
CUST_03818,386,3,384.95,2,1,1,211,Hibernating,2023-04-01,2023-12-12,255,128.31666666666666,0.6981519507186859,4.297058823529412,1654.15
CUST_03819,167,11,1917.77,4,4,4,444,Champions,2023-06-24,2024-07-18,390,174.34272727272727,1.0677618069815196,10.301923076923076,5388.2
CUST_03820,17,9,1408.5900000000001,5,3,3,533,Potential Loyalists,2024-01-14,2024-12-15,336,156.51000000000002,0.919917864476386,9.783482142857142,4593.64
CUST_03821,152,3,172.97,4,1,1,411,New Customers,2023-10-05,2024-08-02,302,57.656666666666666,0.8268309377138946,3.6283112582781456,627.59
CUST_03822,29,2,502.29999999999995,5,1,2,512,New Customers,2024-07-01,2024-12-03,155,251.14999999999998,0.4243668720054757,4.712903225806452,3550.94
CUST_03823,350,18,2942.67,2,5,4,254,Cannot Lose Them,2022-03-28,2024-01-17,660,163.48166666666668,1.8069815195071868,9.961363636363636,4885.5
CUST_03824,202,13,2664.9700000000003,3,4,4,344,Loyal Customers,2023-05-10,2024-06-13,400,204.99769230769232,1.0951403148528405,11.870625,7300.35
CUST_03825,60,8,1282.87,4,3,3,433,Potential Loyalists,2023-07-19,2024-11-02,472,160.35875,1.2922655715263518,6.190677966101695,2978.19
CUST_03826,798,4,668.86,1,2,2,122,Hibernating,2022-02-28,2022-10-26,240,167.215,0.6570841889117043,6.0875,3053.76
CUST_03827,306,9,1390.1699999999998,3,3,3,333,Need Attention,2022-11-10,2024-03-01,477,154.4633333333333,1.3059548254620124,6.891509433962264,3193.46
CUST_03828,33,9,796.27,5,3,2,532,Potential Loyalists,2024-02-02,2024-11-29,301,88.47444444444444,0.8240930869267625,10.92109634551495,2898.71
CUST_03829,234,16,2131.4900000000002,3,4,4,344,Loyal Customers,2022-11-27,2024-05-12,532,133.21812500000001,1.4565366187542779,10.984962406015038,4390.19
CUST_03830,180,8,1239.69,4,3,3,433,Potential Loyalists,2023-03-13,2024-07-05,480,154.96125,1.3141683778234086,6.0875,2829.98
CUST_03831,398,8,2089.69,2,3,4,234,Cannot Lose Them,2022-08-20,2023-11-30,467,261.21125,1.2785763175906912,6.256959314775161,4903.16
CUST_03832,440,1,144.31,2,1,1,211,Hibernating,2023-10-19,2023-10-19,0,144.31,0.08213552361396304,12.175,5270.92
CUST_03833,18,13,3635.07,5,4,5,545,Champions,2023-06-18,2024-12-14,545,279.62076923076927,1.4921286789869952,8.712385321100918,7308.49
CUST_03834,312,3,464.79,3,1,2,312,Need Attention,2023-06-13,2024-02-24,256,154.93,0.7008898015058179,4.2802734375,1989.43
CUST_03835,592,2,158.32999999999998,1,1,1,111,Hibernating,2022-12-02,2023-05-20,169,79.16499999999999,0.46269678302532513,4.322485207100591,1026.57
CUST_03836,304,3,308.21,3,1,1,311,Need Attention,2023-06-04,2024-03-03,273,102.73666666666666,0.7474332648870636,4.013736263736264,1237.07
CUST_03837,18,7,973.98,5,2,2,522,Potential Loyalists,2023-10-07,2024-12-14,434,139.14000000000001,1.1882272416153319,5.891129032258065,2459.08
CUST_03838,358,9,1104.49,2,3,3,233,At Risk,2023-01-19,2024-01-09,355,122.72111111111111,0.971937029431896,9.259859154929577,3409.14
CUST_03839,318,25,5443.32,3,5,5,355,Loyal Customers,2023-01-13,2024-02-18,401,217.7328,1.0978781656399725,22.771197007481298,14874.11
CUST_03840,18,12,2726.96,5,4,4,544,Champions,2023-09-28,2024-12-14,443,227.24666666666667,1.212867898699521,9.89390519187359,6745.07
CUST_03841,213,1,11.95,3,1,1,311,Need Attention,2024-06-02,2024-06-02,0,11.95,0.08213552361396304,12.175,436.47
CUST_03842,18,8,1844.2599999999998,5,3,4,534,Potential Loyalists,2024-04-03,2024-12-14,255,230.53249999999997,0.6981519507186859,11.458823529411765,7924.89
CUST_03843,9,29,6537.37,5,5,5,555,Champions,2023-08-13,2024-12-23,498,225.42655172413794,1.3634496919917864,21.26957831325301,14384.18
CUST_03844,133,7,986.01,4,2,3,423,Potential Loyalists,2023-08-21,2024-08-21,366,140.85857142857142,1.002053388090349,6.985655737704918,2951.97
CUST_03845,351,10,2027.47,2,3,4,234,Cannot Lose Them,2023-01-09,2024-01-16,372,202.747,1.0184804928131417,9.818548387096774,5972.04
CUST_03846,753,8,1944.08,1,3,4,134,Cannot Lose Them,2022-04-08,2022-12-10,246,243.01,0.6735112936344969,11.878048780487806,8659.45
CUST_03847,484,8,1272.26,2,3,3,233,At Risk,2022-04-12,2023-09-05,511,159.0325,1.3990417522245038,5.7181996086105675,2728.14
CUST_03848,470,12,1803.75,2,4,4,244,Cannot Lose Them,2022-06-16,2023-09-19,460,150.3125,1.2594113620807665,9.528260869565218,4296.65
CUST_03849,760,8,1310.26,1,3,3,133,At Risk,2022-03-22,2022-12-03,256,163.7825,0.7008898015058179,11.4140625,5608.27
CUST_03850,280,3,292.98,3,1,1,311,Need Attention,2023-11-20,2024-03-27,128,97.66000000000001,0.35044490075290896,8.560546875,2508.07
CUST_03851,41,3,418.18,5,1,2,512,New Customers,2024-03-28,2024-11-21,238,139.39333333333335,0.6516084873374401,4.6039915966386555,1925.3
CUST_03852,11,10,1149.09,5,3,3,533,Potential Loyalists,2023-02-18,2024-12-21,672,114.90899999999999,1.839835728952772,5.435267857142858,1873.68
CUST_03853,526,27,5931.27,1,5,5,155,Cannot Lose Them,2022-03-31,2023-07-25,481,219.67666666666668,1.3169062286105406,20.502598752598754,13511.83
CUST_03854,393,10,1181.01,2,3,3,233,At Risk,2022-03-25,2023-12-05,620,118.101,1.6974674880219027,5.891129032258065,2087.24
CUST_03855,472,9,949.42,2,3,2,232,At Risk,2022-04-13,2023-09-17,522,105.49111111111111,1.429158110882957,6.2974137931034475,1992.96
CUST_03856,17,10,1649.0800000000002,5,3,3,533,Potential Loyalists,2023-11-26,2024-12-15,385,164.90800000000002,1.054072553045859,9.487012987012987,4693.45
CUST_03857,400,10,773.7,2,3,2,232,At Risk,2022-03-10,2023-11-28,628,77.37,1.7193702943189597,5.81608280254777,1349.97
CUST_03858,13,22,6385.889999999999,5,5,5,555,Champions,2023-12-20,2024-12-19,365,290.26772727272726,0.999315537303217,22.015068493150686,19170.79
CUST_03859,200,8,1170.51,3,3,3,333,Need Attention,2023-02-28,2024-06-15,473,146.31375,1.2950034223134839,6.177589852008457,2711.6
CUST_03860,530,6,809.3199999999999,1,2,2,122,Hibernating,2022-09-18,2023-07-21,306,134.88666666666666,0.837782340862423,7.161764705882353,2898.08
CUST_03861,276,18,2750.09,3,5,4,354,Loyal Customers,2022-04-22,2024-03-31,709,152.7827777777778,1.9411362080766599,9.272919605077574,4250.23
CUST_03862,794,2,57.69,1,1,1,111,Hibernating,2022-06-13,2022-10-30,139,28.845,0.3805612594113621,5.255395683453237,454.78
CUST_03863,432,3,237.08999999999997,2,1,1,211,Hibernating,2023-02-12,2023-10-27,257,79.02999999999999,0.70362765229295,4.2636186770428015,1010.86
CUST_03864,455,8,2191.67,2,3,4,234,Cannot Lose Them,2023-01-10,2023-10-04,267,273.95875,0.731006160164271,10.943820224719103,8994.47
CUST_03865,23,8,664.55,5,3,2,532,Potential Loyalists,2023-11-23,2024-12-09,382,83.06875,1.0458590006844628,7.649214659685863,1906.23
CUST_03866,18,9,1574.03,5,3,3,533,Potential Loyalists,2023-11-20,2024-12-14,390,174.89222222222222,1.0677618069815196,8.428846153846154,4422.42
CUST_03867,478,8,979.3499999999999,2,3,2,232,At Risk,2022-11-28,2023-09-11,287,122.41874999999999,0.785763175906913,10.181184668989548,3739.1
CUST_03868,879,2,125.8,1,1,1,111,Hibernating,2022-06-07,2022-08-06,60,62.9,0.16427104722792607,12.175,2297.42
CUST_03869,293,24,5381.2,3,5,5,355,Loyal Customers,2023-02-14,2024-03-14,394,224.21666666666667,1.0787132101300478,22.248730964467008,14965.61
CUST_03870,83,36,8669.18,4,5,5,455,Champions,2022-12-30,2024-10-10,650,240.81055555555557,1.7796030116358659,20.229230769230767,14614.24
CUST_03871,265,14,2959.17,3,4,4,344,Loyal Customers,2022-07-13,2024-04-11,638,211.36928571428572,1.7467488021902806,8.014890282131661,5082.3
CUST_03872,408,1,138.61,2,1,1,211,Hibernating,2023-11-20,2023-11-20,0,138.61,0.08213552361396304,12.175,5062.73
CUST_03873,314,2,344.26,3,1,1,311,Need Attention,2023-11-21,2024-02-22,93,172.13,0.2546201232032854,7.854838709677419,4056.16
CUST_03874,480,3,435.09000000000003,2,1,2,212,Hibernating,2023-03-03,2023-09-09,190,145.03,0.5201916495550992,5.767105263157895,2509.21
CUST_03875,384,8,2022.64,2,3,4,234,Cannot Lose Them,2022-09-03,2023-12-14,467,252.83,1.2785763175906912,6.256959314775161,4745.84
CUST_03876,44,7,749.91,4,2,2,422,Potential Loyalists,2023-09-27,2024-11-18,418,107.13,1.1444216290212184,6.116626794258373,1965.82
CUST_03877,208,4,856.31,3,2,2,322,Need Attention,2024-01-02,2024-06-07,157,214.0775,0.42984257357973993,9.305732484076433,5976.44
CUST_03878,466,13,2374.34,2,4,4,244,Cannot Lose Them,2022-07-17,2023-09-23,433,182.64153846153846,1.1854893908281998,10.96593533487298,6008.51
CUST_03879,464,15,2396.0,2,4,4,244,Cannot Lose Them,2022-02-18,2023-09-25,584,159.73333333333332,1.5989048596851472,9.381421232876713,4495.58
CUST_03880,995,1,174.73,1,1,1,111,Hibernating,2022-04-12,2022-04-12,0,174.73,0.08213552361396304,12.175,6382.01
CUST_03881,155,35,6029.88,4,5,5,455,Champions,2022-09-29,2024-07-30,670,172.2822857142857,1.834360027378508,19.080223880597014,9861.55
CUST_03882,2,29,6169.9,5,5,5,555,Champions,2023-07-14,2024-12-30,535,212.7551724137931,1.4647501711156743,19.79859813084112,12636.76
CUST_03883,427,3,740.22,2,1,2,212,Hibernating,2023-03-25,2023-11-01,221,246.74,0.6050650239561944,4.95814479638009,3670.12
CUST_03884,402,13,1977.45,2,4,4,244,Cannot Lose Them,2022-09-02,2023-11-26,450,152.11153846153846,1.2320328542094456,10.551666666666666,4815.09
CUST_03885,179,26,4259.78,4,5,5,455,Champions,2023-04-09,2024-07-06,454,163.8376923076923,1.242984257357974,20.91740088105727,10281.18
CUST_03886,5,13,1937.39,5,4,4,544,Champions,2023-10-26,2024-12-27,428,149.03,1.1718001368925393,11.094042056074768,4960.04
CUST_03887,197,4,156.03,3,2,1,321,Need Attention,2024-01-04,2024-06-18,166,39.0075,0.4544832306639288,8.801204819277109,1029.94
CUST_03888,141,19,4432.67,4,5,5,455,Champions,2023-08-27,2024-08-13,352,233.2984210526316,0.9637234770704997,19.715198863636363,13798.57
CUST_03889,33,10,1605.6100000000001,5,3,3,533,Potential Loyalists,2023-09-26,2024-11-29,430,160.561,1.1772758384668036,8.494186046511627,4091.51
CUST_03890,7,27,6008.42,5,5,5,555,Champions,2023-07-26,2024-12-25,518,222.53407407407408,1.4182067077344285,19.038127413127413,12709.9
CUST_03891,675,1,40.91,1,1,1,111,Hibernating,2023-02-26,2023-02-26,0,40.91,0.08213552361396304,12.175,1494.24
CUST_03892,60,10,1157.16,4,3,3,433,Potential Loyalists,2023-01-11,2024-11-02,661,115.71600000000001,1.809719370294319,5.52571860816944,1918.24
CUST_03893,625,4,1157.82,1,2,3,123,Hibernating,2022-10-28,2023-04-17,171,289.455,0.4681724845995893,8.543859649122806,7419.19
CUST_03894,16,14,2755.62,5,4,4,544,Champions,2023-06-13,2024-12-16,552,196.82999999999998,1.51129363449692,9.26358695652174,5470.06
CUST_03895,4,11,2454.0299999999997,5,4,4,544,Champions,2023-09-22,2024-12-28,463,223.09363636363634,1.267624914442163,8.677645788336932,5807.78
CUST_03896,338,3,339.51,3,1,1,311,Need Attention,2023-07-04,2024-01-29,209,113.17,0.5722108145106092,5.242822966507177,1779.99
CUST_03897,271,8,1192.4299999999998,3,3,3,333,Need Attention,2022-11-28,2024-04-05,494,149.05374999999998,1.352498288843258,5.91497975708502,2644.95
CUST_03898,16,17,2729.0,5,4,4,544,Champions,2024-01-12,2024-12-16,339,160.52941176470588,0.9281314168377823,18.31637168141593,8820.95
CUST_03899,114,2,198.6,4,1,1,411,New Customers,2024-05-18,2024-09-09,114,99.3,0.31211498973305957,6.407894736842105,1908.91
CUST_03900,14,23,3231.72,5,5,4,554,Champions,2023-11-05,2024-12-18,409,140.5095652173913,1.1197809719370295,20.53973105134474,8658.09
CUST_03901,1,5,988.6899999999999,5,2,3,523,Potential Loyalists,2024-04-15,2024-12-31,260,197.738,0.7118412046543463,7.024038461538462,4166.76
CUST_03902,17,20,4706.01,5,5,5,555,Champions,2023-11-10,2024-12-15,401,235.3005,1.0978781656399725,18.216957605985037,12859.38
CUST_03903,574,2,265.37,1,1,1,111,Hibernating,2023-02-27,2023-06-07,100,132.685,0.2737850787132101,7.305000000000001,2907.79
CUST_03904,537,1,16.38,1,1,1,111,Hibernating,2023-07-14,2023-07-14,0,16.38,0.08213552361396304,12.175,598.28
CUST_03905,390,11,1912.87,2,4,4,244,Cannot Lose Them,2022-09-14,2023-12-08,450,173.8972727272727,1.2320328542094456,8.928333333333333,4657.84
CUST_03906,8,8,1198.7,5,3,3,533,Potential Loyalists,2024-02-01,2024-12-24,327,149.8375,0.8952772073921971,8.935779816513762,4016.74
CUST_03907,35,13,3353.13,5,4,4,544,Champions,2023-08-17,2024-11-27,468,257.93307692307695,1.2813141683778233,10.145833333333334,7850.84
CUST_03908,266,9,781.72,3,3,2,332,Need Attention,2022-11-04,2024-04-10,523,86.85777777777778,1.431895961670089,6.2853728489483744,1637.8
CUST_03909,652,6,930.64,1,2,2,122,Hibernating,2022-05-22,2023-03-21,303,155.10666666666665,0.8295687885010267,7.232673267326733,3365.51
CUST_03910,49,8,996.99,4,3,3,433,Potential Loyalists,2024-02-22,2024-11-13,265,124.62375,0.7255304585900069,11.026415094339622,4122.46
CUST_03911,25,13,1913.19,5,4,4,544,Champions,2023-07-23,2024-12-07,503,147.16846153846154,1.377138945927447,9.439860834990059,4167.75
CUST_03912,7,27,7238.17,5,5,5,555,Champions,2023-07-28,2024-12-25,516,268.08037037037036,1.4127310061601643,19.111918604651162,15370.59
CUST_03913,53,6,714.06,4,2,2,422,Potential Loyalists,2024-02-05,2024-11-09,278,119.00999999999999,0.7611225188227242,7.883093525179856,2814.5
CUST_03914,357,27,6383.150000000001,2,5,5,255,Cannot Lose Them,2022-08-11,2024-01-10,517,236.41296296296298,1.4154688569472964,19.07495164410058,13528.7
CUST_03915,450,9,2211.87,2,3,4,234,Cannot Lose Them,2023-01-12,2023-10-09,270,245.76333333333332,0.7392197125256673,12.175,8976.51
CUST_03916,6,16,3371.94,5,4,4,544,Champions,2023-04-10,2024-12-26,626,210.74625,1.7138945927446954,9.335463258785943,5902.24
CUST_03917,415,16,2166.16,2,4,4,244,Cannot Lose Them,2023-02-05,2023-11-13,281,135.385,0.7693360711841205,20.79715302491103,8446.87
CUST_03918,3,23,5395.61,5,5,5,555,Champions,2023-11-14,2024-12-29,411,234.59173913043477,1.1252566735112937,20.43978102189781,14385.01
CUST_03919,22,13,1945.78,5,4,4,544,Champions,2023-09-15,2024-12-10,452,149.67538461538462,1.2375085557837098,10.504977876106194,4717.01
CUST_03920,464,9,2000.75,2,3,4,234,Cannot Lose Them,2022-12-05,2023-09-25,294,222.30555555555554,0.8049281314168378,11.181122448979592,7456.88
CUST_03921,27,10,1010.8199999999999,5,3,3,533,Potential Loyalists,2024-01-20,2024-12-05,320,101.082,0.8761122518822724,11.4140625,3461.27
CUST_03922,131,7,767.89,4,2,2,422,Potential Loyalists,2023-07-06,2024-08-23,414,109.69857142857143,1.1334702258726899,6.17572463768116,2032.4
CUST_03923,14,26,5263.89,5,5,5,555,Champions,2023-06-24,2024-12-18,543,202.4573076923077,1.486652977412731,17.488950276243095,10622.3
CUST_03924,620,3,424.94,1,1,2,112,Hibernating,2022-08-27,2023-04-22,238,141.64666666666668,0.6516084873374401,4.6039915966386555,1956.42
CUST_03925,256,17,2595.88,3,4,4,344,Loyal Customers,2022-09-04,2024-04-20,594,152.69882352941178,1.626283367556468,10.453282828282829,4788.61
CUST_03926,282,7,1064.27,3,2,3,323,Need Attention,2023-01-21,2024-03-25,429,152.03857142857143,1.1745379876796715,5.959790209790209,2718.35
CUST_03927,143,10,1199.12,4,3,3,433,Potential Loyalists,2023-02-27,2024-08-11,531,119.91199999999999,1.4537987679671458,6.878531073446328,2474.46
CUST_03928,423,9,950.75,2,3,2,232,At Risk,2022-12-11,2023-11-05,329,105.63888888888889,0.9007529089664613,9.99164133738602,3166.52
CUST_03929,708,2,343.37,1,1,1,111,Hibernating,2022-08-09,2023-01-24,168,171.685,0.459958932238193,4.348214285714286,2239.57
CUST_03930,39,11,1338.32,5,4,3,543,Loyal Customers,2023-10-01,2024-11-23,419,121.66545454545454,1.1471594798083504,9.58890214797136,3499.91
CUST_03931,276,17,2928.7799999999997,3,4,4,344,Loyal Customers,2022-06-02,2024-03-31,668,172.2811764705882,1.8288843258042438,9.295284431137723,4804.21
CUST_03932,106,20,4728.2699999999995,4,5,5,455,Champions,2023-10-01,2024-09-17,352,236.41349999999997,0.9637234770704997,20.75284090909091,14718.76
CUST_03933,257,9,1560.8899999999999,3,3,3,333,Need Attention,2022-10-03,2024-04-19,564,173.4322222222222,1.5441478439425051,5.82845744680851,3032.53
CUST_03934,353,38,5987.07,2,5,5,255,Cannot Lose Them,2022-01-26,2024-01-14,718,157.5544736842105,1.9657768651608487,19.330779944289695,9136.95
CUST_03935,488,5,842.5799999999999,2,2,2,222,Hibernating,2022-12-29,2023-09-01,246,168.516,0.6735112936344969,7.423780487804878,3753.08
CUST_03936,12,12,2338.34,5,4,4,544,Champions,2023-07-16,2024-12-20,523,194.86166666666668,1.431895961670089,8.380497131931167,4899.11
CUST_03937,193,18,1921.49,3,5,4,354,Loyal Customers,2022-08-30,2024-06-22,662,106.74944444444445,1.8124572210814511,9.931268882175226,3180.47
CUST_03938,402,10,1153.92,2,3,3,233,At Risk,2022-05-03,2023-11-26,572,115.39200000000001,1.566050650239562,6.385489510489511,2210.5
CUST_03939,808,2,116.31,1,1,1,111,Hibernating,2022-06-12,2022-10-16,126,58.155,0.34496919917864477,5.7976190476190474,1011.48
CUST_03940,357,6,466.2,2,2,2,222,Hibernating,2023-03-05,2024-01-10,311,77.7,0.8514715947980835,7.046623794212218,1642.57
CUST_03941,20,17,3186.2999999999997,5,4,4,544,Champions,2024-02-23,2024-12-12,293,187.42941176470586,0.8021902806297057,21.1919795221843,11916.0
CUST_03942,205,9,1402.82,3,3,3,333,Need Attention,2023-01-05,2024-06-10,522,155.86888888888888,1.429158110882957,6.2974137931034475,2944.71
CUST_03943,39,6,1238.31,5,2,3,523,Potential Loyalists,2023-12-21,2024-11-23,338,206.385,0.9253935660506503,6.483727810650888,4014.43
CUST_03944,427,1,134.18,2,1,1,211,Hibernating,2023-11-01,2023-11-01,0,134.18,0.08213552361396304,12.175,4900.92
CUST_03945,627,15,3330.19,1,4,4,144,Cannot Lose Them,2022-09-08,2023-04-15,219,222.01266666666666,0.5995893223819302,25.017123287671232,16662.35
CUST_03946,80,9,920.48,4,3,2,432,Potential Loyalists,2023-12-21,2024-10-13,297,102.27555555555556,0.813141683778234,11.068181818181818,3396.01
CUST_03947,12,18,2876.0,5,5,4,554,Champions,2022-12-23,2024-12-20,728,159.77777777777777,1.9931553730321698,9.030906593406593,4328.81
CUST_03948,6,3,70.33,5,1,1,511,New Customers,2024-06-02,2024-12-26,207,23.44333333333333,0.5667351129363449,5.293478260869565,372.29
CUST_03949,16,9,1612.19,5,3,3,533,Potential Loyalists,2024-04-01,2024-12-16,259,179.13222222222223,0.7091033538672142,12.692084942084943,6820.68
CUST_03950,241,3,404.96999999999997,3,1,2,312,Need Attention,2023-08-20,2024-05-05,259,134.98999999999998,0.7091033538672142,4.230694980694981,1713.3
CUST_03951,555,21,5980.57,1,5,5,155,Cannot Lose Them,2022-07-08,2023-06-26,353,284.7890476190476,0.9664613278576317,21.72875354107649,18564.33
CUST_03952,92,32,7599.37,4,5,5,455,Champions,2023-03-19,2024-10-01,562,237.4803125,1.538672142368241,20.79715302491103,14816.74
CUST_03953,587,24,3897.45,1,5,5,155,Cannot Lose Them,2022-03-25,2023-05-25,426,162.39374999999998,1.1663244353182751,20.577464788732396,10024.96
CUST_03954,2,23,5939.84,5,5,5,555,Champions,2023-12-04,2024-12-30,392,258.2539130434783,1.0732375085557837,21.430484693877553,16603.52
CUST_03955,20,25,7037.29,5,5,5,555,Champions,2023-11-18,2024-12-12,390,281.4916,1.0677618069815196,23.413461538461537,19772.08
CUST_03956,238,1,60.75,3,1,1,311,Need Attention,2024-05-08,2024-05-08,0,60.75,0.08213552361396304,12.175,2218.89
CUST_03957,287,32,8406.66,3,5,5,355,Loyal Customers,2022-07-31,2024-03-20,598,262.708125,1.6372347707049966,19.54515050167224,15404.01
CUST_03958,409,15,5023.03,2,4,5,245,Cannot Lose Them,2023-03-01,2023-11-19,263,334.8686666666666,0.7200547570157426,20.831749049429657,20927.7
CUST_03959,11,20,4056.88,5,5,5,555,Champions,2022-10-31,2024-12-21,782,202.844,2.1409993155373033,9.341432225063938,5684.56
CUST_03960,452,24,5683.58,2,5,5,255,Cannot Lose Them,2022-08-21,2023-10-07,412,236.81583333333333,1.1279945242984257,21.276699029126213,15115.98
CUST_03961,662,5,753.16,1,2,2,122,Hibernating,2022-06-24,2023-03-11,260,150.632,0.7118412046543463,7.024038461538462,3174.13
CUST_03962,102,30,7283.89,4,5,5,455,Champions,2023-03-11,2024-09-21,560,242.79633333333334,1.5331964407939767,19.56696428571429,14252.36
CUST_03963,463,14,2580.98,2,4,4,244,Cannot Lose Them,2022-08-28,2023-09-26,394,184.3557142857143,1.0787132101300478,12.978426395939087,7177.94
CUST_03964,32,8,1144.46,5,3,3,533,Potential Loyalists,2024-03-03,2024-11-30,272,143.0575,0.7446954140999316,10.742647058823529,4610.45
CUST_03965,302,17,2225.36,3,4,4,344,Loyal Customers,2022-06-14,2024-03-05,630,130.9035294117647,1.7248459958932238,9.855952380952381,3870.54
CUST_03966,145,8,447.79999999999995,4,3,2,432,Potential Loyalists,2023-04-28,2024-08-09,469,55.974999999999994,1.2840520191649556,6.230277185501066,1046.22
CUST_03967,539,1,17.73,1,1,1,111,Hibernating,2023-07-12,2023-07-12,0,17.73,0.08213552361396304,12.175,647.59
CUST_03968,814,1,204.03,1,1,1,111,Hibernating,2022-10-10,2022-10-10,0,204.03,0.08213552361396304,12.175,7452.2
CUST_03969,453,4,361.33,2,2,1,221,Hibernating,2023-02-24,2023-10-06,224,90.3325,0.6132785763175906,6.522321428571429,1767.53
CUST_03970,364,10,919.94,2,3,2,232,At Risk,2022-06-18,2024-01-03,564,91.994,1.5441478439425051,6.476063829787234,1787.28
CUST_03971,390,5,872.2,2,2,2,222,Hibernating,2023-03-11,2023-12-08,272,174.44,0.7446954140999316,6.714154411764706,3513.65
CUST_03972,260,1,51.27,3,1,1,311,Need Attention,2024-04-16,2024-04-16,0,51.27,0.08213552361396304,12.175,1872.64
CUST_03973,556,12,1414.19,1,4,3,143,Loyal Customers,2022-07-06,2023-06-25,354,117.84916666666668,0.9691991786447639,12.38135593220339,4377.4
CUST_03974,518,1,27.33,2,1,1,211,Hibernating,2023-08-02,2023-08-02,0,27.33,0.08213552361396304,12.175,998.23
CUST_03975,138,13,2327.61,4,4,4,444,Champions,2023-07-17,2024-08-16,396,179.0469230769231,1.0841889117043122,11.990530303030303,6440.6
CUST_03976,10,28,6459.7,5,5,5,555,Champions,2023-08-19,2024-12-22,491,230.70357142857142,1.3442847364818618,20.828920570264767,14415.92
CUST_03977,271,9,1971.66,3,3,4,334,Need Attention,2023-06-07,2024-04-05,303,219.07333333333335,0.8295687885010267,10.849009900990099,7130.19
CUST_03978,484,12,1994.65,2,4,4,244,Cannot Lose Them,2022-07-08,2023-09-05,424,166.22083333333333,1.160848733744011,10.337264150943396,5154.81
CUST_03979,194,18,4522.54,3,5,5,355,Loyal Customers,2023-08-12,2024-06-21,314,251.25222222222223,0.8596851471594799,20.937898089171973,15782.08
CUST_03980,755,1,233.03,1,1,1,111,Hibernating,2022-12-08,2022-12-08,0,233.03,0.08213552361396304,12.175,8511.42
CUST_03981,11,8,1362.04,5,3,3,533,Potential Loyalists,2024-02-16,2024-12-21,309,170.255,0.8459958932238193,9.45631067961165,4829.95
CUST_03982,331,1,28.54,3,1,1,311,Need Attention,2024-02-05,2024-02-05,0,28.54,0.08213552361396304,12.175,1042.42
CUST_03983,52,11,2715.08,4,4,4,444,Champions,2023-10-08,2024-11-10,399,246.82545454545453,1.0924024640657084,10.069548872180452,7456.26
CUST_03984,162,16,3135.5899999999997,4,4,4,444,Champions,2023-10-25,2024-07-23,272,195.97437499999998,0.7446954140999316,21.485294117647058,12631.7
CUST_03985,544,28,5709.4,1,5,5,155,Cannot Lose Them,2022-02-25,2023-07-07,497,203.90714285714284,1.3607118412046544,20.577464788732392,12587.68
CUST_03986,281,16,2401.8900000000003,3,4,4,344,Loyal Customers,2022-06-23,2024-03-26,642,150.11812500000002,1.757700205338809,9.102803738317757,4099.49
CUST_03987,8,18,3208.84,5,5,4,554,Champions,2023-12-12,2024-12-24,378,178.2688888888889,1.0349075975359343,17.392857142857142,9301.82
CUST_03988,153,13,1603.04,4,4,3,443,Loyal Customers,2023-03-04,2024-08-01,516,123.31076923076922,1.4127310061601643,9.20203488372093,3404.13
CUST_03989,204,9,2230.6299999999997,3,3,4,334,Need Attention,2023-08-14,2024-06-11,302,247.84777777777774,0.8268309377138946,10.884933774834437,8093.42
CUST_03990,237,17,3746.23,3,4,5,345,Loyal Customers,2022-10-26,2024-05-09,561,220.3664705882353,1.5359342915811087,11.068181818181818,7317.17
CUST_03991,33,12,1833.39,5,4,4,544,Champions,2023-07-31,2024-11-29,487,152.7825,1.3333333333333333,9.0,4125.13
CUST_03992,480,10,1762.24,2,3,3,233,At Risk,2022-03-02,2023-09-09,556,176.224,1.5222450376454484,6.569244604316546,3472.98
CUST_03993,319,2,182.81,3,1,1,311,Need Attention,2023-08-22,2024-02-17,179,91.405,0.49007529089664614,4.081005586592179,1119.07
CUST_03994,4,19,5289.41,5,5,5,555,Champions,2023-12-27,2024-12-28,367,278.39,1.0047912388774811,18.90940054495913,15792.56
CUST_03995,39,17,1987.16,5,4,4,544,Champions,2023-03-14,2024-11-23,620,116.89176470588235,1.6974674880219027,10.01491935483871,3511.98
CUST_03996,100,12,1977.88,4,4,4,444,Champions,2023-07-20,2024-09-23,431,164.82333333333335,1.1800136892539357,10.169373549883991,5028.45
CUST_03997,296,4,540.0999999999999,3,2,2,322,Need Attention,2023-08-19,2024-03-11,205,135.02499999999998,0.5612594113620808,7.126829268292682,2886.9
CUST_03998,534,8,1307.13,1,3,3,133,At Risk,2022-08-25,2023-07-17,326,163.39125,0.892539356605065,8.963190184049079,4393.52
CUST_03999,634,15,3582.11,1,4,5,145,Cannot Lose Them,2022-07-21,2023-04-08,261,238.80733333333333,0.7145790554414785,20.991379310344826,15038.69
CUST_04000,289,4,643.5,3,2,2,322,Need Attention,2023-10-01,2024-03-18,169,160.875,0.46269678302532513,8.644970414201183,4172.28
CUST_04001,30,9,1500.72,5,3,3,533,Potential Loyalists,2023-12-02,2024-12-02,366,166.74666666666667,1.002053388090349,8.98155737704918,4492.93
CUST_04002,443,8,1143.07,2,3,3,233,At Risk,2022-08-19,2023-10-16,423,142.88375,1.158110882956879,6.907801418439716,2961.04
CUST_04003,14,8,1980.88,5,3,4,534,Potential Loyalists,2024-03-24,2024-12-18,269,247.61,0.7364818617385352,10.862453531598513,8068.96
CUST_04004,396,24,3775.51,2,5,5,255,Cannot Lose Them,2022-11-16,2023-12-02,381,157.31291666666667,1.0431211498973305,23.007874015748033,10858.31
CUST_04005,37,12,2146.62,5,4,4,544,Champions,2023-08-24,2024-11-25,459,178.885,1.2566735112936345,9.549019607843137,5124.53
CUST_04006,608,2,251.34,1,1,1,111,Hibernating,2022-11-30,2023-05-04,155,125.67,0.4243668720054757,4.712903225806452,1776.81
CUST_04007,6,12,2324.02,5,4,4,544,Champions,2023-10-21,2024-12-26,432,193.66833333333332,1.1827515400410678,10.145833333333334,5894.78
CUST_04008,160,6,1186.38,4,2,3,423,Potential Loyalists,2023-09-06,2024-07-25,323,197.73000000000002,0.8843258042436687,6.78482972136223,4024.69
CUST_04009,5,6,296.28999999999996,5,2,1,521,Potential Loyalists,2024-02-21,2024-12-27,310,49.38166666666666,0.8487337440109514,7.069354838709677,1047.29
CUST_04010,267,36,9756.460000000001,3,5,5,355,Loyal Customers,2022-04-30,2024-04-09,710,271.0127777777778,1.943874058863792,18.519718309859154,15057.24
CUST_04011,479,12,2728.46,2,4,4,244,Cannot Lose Them,2022-07-23,2023-09-10,414,227.37166666666667,1.1334702258726899,10.58695652173913,7221.52
CUST_04012,796,15,5236.83,1,4,5,145,Cannot Lose Them,2022-02-11,2022-10-28,259,349.122,0.7091033538672142,21.153474903474905,22155.43
CUST_04013,79,14,2357.14,4,4,4,444,Champions,2023-05-19,2024-10-14,514,168.36714285714285,1.4072553045859,9.948443579766538,5024.97
CUST_04014,98,4,255.95999999999998,4,2,1,421,Potential Loyalists,2024-03-17,2024-09-25,192,63.989999999999995,0.5256673511293635,7.609375,1460.77
CUST_04015,6,14,2228.54,5,4,4,544,Champions,2023-07-31,2024-12-26,514,159.18142857142857,1.4072553045859,9.948443579766538,4750.82
CUST_04016,417,3,155.26,2,1,1,211,Hibernating,2023-02-16,2023-11-11,268,51.75333333333333,0.7337440109514032,4.088619402985074,634.8
CUST_04017,8,26,5817.4,5,5,5,555,Champions,2023-10-13,2024-12-24,438,223.74615384615385,1.1991786447638604,21.681506849315067,14553.46
CUST_04018,9,18,3760.55,5,5,5,555,Champions,2024-02-03,2024-12-23,324,208.91944444444445,0.8870636550308009,20.291666666666664,12717.97
CUST_04019,8,21,5340.07,5,5,5,555,Champions,2023-11-23,2024-12-24,397,254.2890476190476,1.0869267624914443,19.320528967254408,14739.0
CUST_04020,671,4,699.8299999999999,1,2,2,122,Hibernating,2022-07-23,2023-03-02,222,174.95749999999998,0.6078028747433265,6.581081081081081,3454.23
CUST_04021,62,6,598.66,4,2,2,422,Potential Loyalists,2024-02-10,2024-10-31,264,99.77666666666666,0.7227926078028748,8.301136363636363,2484.78
CUST_04022,185,25,5172.81,4,5,5,455,Champions,2023-04-23,2024-06-30,434,206.91240000000002,1.1882272416153319,21.039746543778804,13060.15
CUST_04023,580,8,880.1,1,3,2,132,At Risk,2022-05-09,2023-06-01,388,110.0125,1.0622861054072552,7.530927835051547,2485.49
CUST_04024,602,3,262.34,1,1,1,111,Hibernating,2022-06-30,2023-05-10,314,87.44666666666666,0.8596851471594799,3.4896496815286624,915.47
CUST_04025,439,8,1280.88,2,3,3,233,At Risk,2022-08-17,2023-10-20,429,160.11,1.1745379876796715,6.811188811188811,3271.62
CUST_04026,123,13,1576.99,4,4,3,443,Loyal Customers,2023-05-16,2024-08-31,473,121.30692307692308,1.2950034223134839,10.038583509513742,3653.25
CUST_04027,474,1,16.58,2,1,1,211,Hibernating,2023-09-15,2023-09-15,0,16.58,0.08213552361396304,12.175,605.58
CUST_04028,215,10,1170.54,3,3,3,333,Need Attention,2022-11-30,2024-05-31,548,117.054,1.5003422313483916,6.665145985401459,2340.55
CUST_04029,22,10,1312.9099999999999,5,3,3,533,Potential Loyalists,2023-12-25,2024-12-10,351,131.291,0.9609856262833676,10.405982905982906,4098.64
CUST_04030,413,10,1116.18,2,3,3,233,At Risk,2022-10-28,2023-11-15,383,111.61800000000001,1.0485968514715949,9.536553524804177,3193.35
CUST_04031,44,9,1421.01,4,3,3,433,Potential Loyalists,2024-03-03,2024-11-18,260,157.89,0.7118412046543463,12.643269230769231,5988.74
CUST_04032,145,4,574.48,4,2,2,422,Potential Loyalists,2024-01-23,2024-08-09,199,143.62,0.5448323066392882,7.341708542713568,3163.25
CUST_04033,327,18,4010.27,3,5,5,355,Loyal Customers,2023-03-25,2024-02-09,321,222.7927777777778,0.8788501026694046,20.481308411214954,13689.26
CUST_04034,602,5,487.73,1,2,2,122,Hibernating,2022-08-01,2023-05-10,282,97.546,0.7720739219712526,6.476063829787234,1895.14
CUST_04035,494,8,901.34,2,3,2,232,At Risk,2022-04-15,2023-08-26,498,112.6675,1.3634496919917864,5.867469879518072,1983.22
CUST_04036,325,14,2909.68,3,4,4,344,Loyal Customers,2022-09-25,2024-02-11,504,207.8342857142857,1.379876796714579,10.145833333333334,6325.96
CUST_04037,500,9,932.27,2,3,2,232,At Risk,2022-03-17,2023-08-20,521,103.58555555555556,1.4264202600958247,6.309500959692898,1960.72
CUST_04038,130,8,2099.0299999999997,4,3,4,434,Potential Loyalists,2023-12-19,2024-08-24,249,262.37874999999997,0.6817248459958932,11.734939759036145,9237.0
CUST_04039,319,10,1346.65,3,3,3,333,Need Attention,2023-02-07,2024-02-17,375,134.66500000000002,1.0266940451745379,9.74,3934.91
CUST_04040,387,35,7949.96,2,5,5,255,Cannot Lose Them,2022-02-12,2023-12-11,667,227.1417142857143,1.8261464750171115,19.166041979010497,13060.22
CUST_04041,134,2,106.16,4,1,1,411,New Customers,2024-06-02,2024-08-20,79,53.08,0.216290212183436,9.246835443037975,1472.47
CUST_04042,320,10,1450.31,3,3,3,333,Need Attention,2023-04-28,2024-02-16,294,145.031,0.8049281314168378,12.423469387755102,5405.36
CUST_04043,165,15,2358.49,4,4,4,444,Champions,2023-01-26,2024-07-20,541,157.23266666666666,1.4811772758384667,10.127079482439926,4776.92
CUST_04044,36,7,1597.31,5,2,3,523,Potential Loyalists,2023-10-30,2024-11-26,393,228.18714285714285,1.0759753593429158,6.505725190839695,4453.57
CUST_04045,568,21,4158.5,1,5,5,155,Cannot Lose Them,2022-08-23,2023-06-13,294,198.02380952380952,0.8049281314168378,26.08928571428571,15498.9
CUST_04046,518,2,193.70000000000002,2,1,1,211,Hibernating,2023-05-12,2023-08-02,82,96.85000000000001,0.2245037645448323,8.908536585365853,2588.38
CUST_04047,719,11,1461.54,1,4,3,143,Loyal Customers,2022-02-16,2023-01-13,331,132.86727272727273,0.9062286105407256,12.13821752265861,4838.32
CUST_04048,119,9,1348.48,4,3,3,433,Potential Loyalists,2023-04-16,2024-09-04,507,149.8311111111111,1.3880903490759753,6.483727810650888,2914.39
CUST_04049,523,8,1114.3400000000001,1,3,3,133,At Risk,2022-10-11,2023-07-28,290,139.29250000000002,0.7939767282683093,10.075862068965519,4210.48
CUST_04050,7,29,6039.56,5,5,5,555,Champions,2023-07-20,2024-12-25,524,208.26068965517243,1.434633812457221,20.214217557251906,12629.48
CUST_04051,58,5,549.58,4,2,2,422,Potential Loyalists,2024-01-07,2024-11-04,302,109.91600000000001,0.8268309377138946,6.047185430463576,1994.05
CUST_04052,432,30,4820.74,2,5,5,255,Cannot Lose Them,2022-02-03,2023-10-27,631,160.69133333333332,1.727583846680356,17.36529318541997,8371.36
CUST_04053,331,7,880.03,3,2,2,322,Need Attention,2023-01-04,2024-02-05,397,125.71857142857142,1.0869267624914443,6.440176322418136,2428.95
CUST_04054,530,31,6959.12,1,5,5,155,Cannot Lose Them,2022-01-24,2023-07-21,543,224.48774193548385,1.486652977412731,20.85220994475138,14043.2
CUST_04055,22,8,1747.83,5,3,3,533,Potential Loyalists,2023-08-04,2024-12-10,494,218.47875,1.352498288843258,5.91497975708502,3876.89
CUST_04056,156,16,2359.11,4,4,4,444,Champions,2022-12-14,2024-07-29,593,147.444375,1.623545516769336,9.854974704890388,4359.18
CUST_04057,305,9,699.01,3,3,2,332,Need Attention,2022-09-15,2024-03-02,534,77.66777777777777,1.462012320328542,6.155898876404494,1434.34
CUST_04058,392,6,556.11,2,2,2,222,Hibernating,2022-12-29,2023-12-06,342,92.685,0.9363449691991786,6.407894736842105,1781.75
CUST_04059,41,17,3077.07,5,4,4,544,Champions,2023-01-30,2024-11-21,661,181.00411764705882,1.809719370294319,9.393721633888047,5100.91
CUST_04060,5,17,3123.1,5,4,4,544,Champions,2024-03-05,2024-12-27,297,183.71176470588236,0.813141683778234,20.906565656565657,11522.35
CUST_04061,158,9,1442.94,4,3,3,433,Potential Loyalists,2023-08-21,2024-07-27,341,160.32666666666668,0.9336071184120466,9.640029325513195,4636.66
CUST_04062,25,5,648.3,5,2,2,522,Potential Loyalists,2024-03-10,2024-12-07,272,129.66,0.7446954140999316,6.714154411764706,2611.67
CUST_04063,8,8,1926.69,5,3,4,534,Potential Loyalists,2024-01-24,2024-12-24,335,240.83625,0.917180013689254,8.722388059701492,6302.0
CUST_04064,538,24,4178.8,1,5,5,155,Cannot Lose Them,2022-04-14,2023-07-13,455,174.11666666666667,1.2457221081451062,19.265934065934065,10063.56
CUST_04065,4,22,4692.66,5,5,5,555,Champions,2023-10-01,2024-12-28,454,213.30272727272725,1.242984257357974,17.69933920704846,11325.95
CUST_04066,424,14,3660.11,2,4,5,245,Cannot Lose Them,2022-05-27,2023-11-04,526,261.43642857142856,1.4401095140314852,9.72148288973384,7624.65
CUST_04067,11,30,5869.58,5,5,5,555,Champions,2023-05-07,2024-12-21,594,195.65266666666668,1.626283367556468,18.4469696969697,10827.6
CUST_04068,379,8,1513.54,2,3,3,233,At Risk,2023-03-07,2023-12-19,287,189.1925,0.785763175906913,10.181184668989548,5778.61
CUST_04069,2,15,2994.5299999999997,5,4,4,544,Champions,2024-02-23,2024-12-30,311,199.6353333333333,0.8514715947980835,17.616559485530544,10550.66
CUST_04070,106,6,1234.78,4,2,3,423,Potential Loyalists,2023-11-01,2024-09-17,321,205.79666666666665,0.8788501026694046,6.827102803738318,4214.98
CUST_04071,285,3,245.10999999999999,3,1,1,311,Need Attention,2023-05-12,2024-03-22,315,81.70333333333333,0.8624229979466119,3.4785714285714286,852.63
CUST_04072,165,10,1470.83,4,3,3,433,Potential Loyalists,2023-02-24,2024-07-20,512,147.083,1.4017796030116358,7.1337890625,3147.78
CUST_04073,220,3,429.00999999999993,3,1,2,312,Need Attention,2024-01-18,2024-05-26,129,143.0033333333333,0.3531827515400411,8.494186046511627,3644.09
CUST_04074,506,2,216.97,2,1,1,211,Hibernating,2023-06-15,2023-08-14,60,108.485,0.16427104722792607,12.175,3962.41
CUST_04075,369,1,417.99,2,1,2,212,Hibernating,2023-12-29,2023-12-29,0,417.99,0.08213552361396304,12.175,15267.08
CUST_04076,137,36,8140.28,4,5,5,455,Champions,2022-11-02,2024-08-17,654,226.11888888888888,1.7905544147843941,20.105504587155963,13638.7
CUST_04077,722,6,801.13,1,2,2,122,Hibernating,2022-04-12,2023-01-10,273,133.52166666666668,0.7474332648870636,8.027472527472527,3215.52
CUST_04078,239,10,1699.53,3,3,3,333,Need Attention,2022-08-27,2024-05-07,619,169.953,1.6947296372347707,5.900646203554119,3008.5
CUST_04079,338,27,5641.99,3,5,5,355,Loyal Customers,2022-10-14,2024-01-29,472,208.96259259259259,1.2922655715263518,20.89353813559322,13097.9
CUST_04080,31,18,2497.4,5,5,4,554,Champions,2022-12-04,2024-12-01,728,138.74444444444444,1.9931553730321698,9.030906593406593,3758.96
CUST_04081,150,8,1252.78,4,3,3,433,Potential Loyalists,2023-11-20,2024-08-04,258,156.5975,0.7063655030800822,11.325581395348836,5320.67
CUST_04082,187,16,3670.47,3,4,5,345,Loyal Customers,2022-12-01,2024-06-28,575,229.404375,1.5742642026009583,10.163478260869564,6994.64
CUST_04083,544,7,946.89,1,2,2,122,Hibernating,2022-05-10,2023-07-07,423,135.27,1.158110882956879,6.044326241134751,2452.85
CUST_04084,504,3,802.35,2,1,2,212,Hibernating,2023-02-10,2023-08-16,187,267.45,0.5119780971937029,5.8596256684491985,4701.47
CUST_04085,319,9,1490.97,3,3,3,333,Need Attention,2022-08-30,2024-02-17,536,165.66333333333333,1.4674880219028064,6.132929104477611,3048.0
CUST_04086,17,16,3022.84,5,4,4,544,Champions,2024-01-11,2024-12-15,339,188.9275,0.9281314168377823,17.238938053097346,9770.73
CUST_04087,51,8,1310.6499999999999,4,3,3,433,Potential Loyalists,2024-02-17,2024-11-11,268,163.83124999999998,0.7337440109514032,10.902985074626866,5358.75
CUST_04088,7,12,1639.72,5,4,3,543,Loyal Customers,2023-10-23,2024-12-25,429,136.64333333333335,1.1745379876796715,10.216783216783217,4188.17
CUST_04089,28,14,1779.1299999999999,5,4,3,543,Loyal Customers,2023-05-25,2024-12-04,559,127.08071428571428,1.5304585900068446,9.147584973166369,3487.44
CUST_04090,167,4,1086.8400000000001,4,2,3,423,Potential Loyalists,2023-12-08,2024-07-18,223,271.71000000000004,0.6105407255304586,6.551569506726458,5340.38
CUST_04091,36,20,2750.45,5,5,4,554,Champions,2022-09-18,2024-11-26,800,137.52249999999998,2.190280629705681,9.13125,3767.26
CUST_04092,559,2,345.20000000000005,1,1,1,111,Hibernating,2023-03-23,2023-06-22,91,172.60000000000002,0.24914442162902123,8.027472527472527,4156.63
CUST_04093,426,4,365.12,2,2,1,221,Hibernating,2023-04-15,2023-11-02,201,91.28,0.5503080082135524,7.26865671641791,1990.45
CUST_04094,45,14,3104.39,4,4,4,444,Champions,2023-06-30,2024-11-17,506,221.74214285714285,1.3853524982888432,10.105731225296443,6722.6
CUST_04095,224,9,1191.1399999999999,3,3,3,333,Need Attention,2022-12-08,2024-05-22,531,132.34888888888887,1.4537987679671458,6.190677966101695,2457.99
CUST_04096,55,24,4458.16,4,5,5,455,Champions,2023-08-26,2024-11-07,439,185.75666666666666,1.2019164955509924,19.968109339407746,11127.63
CUST_04097,17,21,5031.95,5,5,5,555,Champions,2023-12-14,2024-12-15,367,239.61666666666665,1.0047912388774811,20.899863760217986,15023.87
CUST_04098,428,7,569.23,2,2,2,222,Hibernating,2022-10-19,2023-10-31,377,81.31857142857143,1.0321697467488022,6.78183023872679,1654.47
CUST_04099,34,7,935.24,5,2,2,522,Potential Loyalists,2023-12-22,2024-11-28,342,133.6057142857143,0.9363449691991786,7.475877192982456,2996.46
CUST_04100,174,2,335.52000000000004,4,1,1,411,New Customers,2024-02-09,2024-07-11,153,167.76000000000002,0.4188911704312115,4.7745098039215685,2402.92
CUST_04101,459,7,767.3199999999999,2,2,2,222,Hibernating,2022-08-05,2023-09-30,421,109.61714285714285,1.1526351813826146,6.073040380047506,1997.13
CUST_04102,717,1,207.67,1,1,1,111,Hibernating,2023-01-15,2023-01-15,0,207.67,0.08213552361396304,12.175,7585.15
CUST_04103,270,6,1100.14,3,2,3,323,Need Attention,2023-06-04,2024-04-06,307,183.35666666666668,0.840520191649555,7.138436482084691,3926.64
CUST_04104,248,16,3401.13,3,4,5,345,Loyal Customers,2023-09-09,2024-04-28,232,212.570625,0.6351813826146475,25.189655172413794,16063.74
CUST_04105,48,26,5789.32,4,5,5,455,Champions,2023-09-20,2024-11-14,421,222.66615384615383,1.1526351813826146,22.55700712589074,15068.05
CUST_04106,697,3,94.72,1,1,1,111,Hibernating,2022-07-05,2023-02-04,214,31.573333333333334,0.5859000684462696,5.1203271028037385,485.0
CUST_04107,333,9,1758.0,3,3,3,333,Need Attention,2022-07-22,2024-02-03,561,195.33333333333334,1.5359342915811087,5.8596256684491985,3433.74
CUST_04108,573,1,146.59,1,1,1,111,Hibernating,2023-06-08,2023-06-08,0,146.59,0.08213552361396304,12.175,5354.2
CUST_04109,184,5,883.21,4,2,2,422,Potential Loyalists,2023-11-03,2024-07-01,241,176.642,0.6598220396988365,7.577800829875518,4015.67
CUST_04110,117,7,829.5,4,2,2,422,Potential Loyalists,2023-07-07,2024-09-06,427,118.5,1.1690622861054072,5.9877049180327875,2128.63
CUST_04111,359,2,339.74,2,1,1,211,Hibernating,2023-09-27,2024-01-08,103,169.87,0.28199863107460643,7.092233009708738,3614.27
CUST_04112,331,27,5689.6900000000005,3,5,5,355,Loyal Customers,2022-11-13,2024-02-05,449,210.72925925925927,1.2292950034223136,21.96380846325167,13885.25
CUST_04113,6,10,1320.0,5,3,3,533,Potential Loyalists,2024-02-28,2024-12-26,302,132.0,0.8268309377138946,12.094370860927151,4789.37
CUST_04114,574,3,166.46,1,1,1,111,Hibernating,2022-10-09,2023-06-07,241,55.48666666666667,0.6598220396988365,4.546680497925311,756.84
CUST_04115,225,3,176.8,3,1,1,311,Need Attention,2023-10-19,2024-05-21,215,58.93333333333334,0.5886379192334018,5.096511627906977,901.06
CUST_04116,518,8,1756.28,2,3,3,233,At Risk,2022-11-01,2023-08-02,274,219.535,0.7501711156741958,10.664233576642335,7023.52
CUST_04117,34,7,592.47,5,2,2,522,Potential Loyalists,2024-03-12,2024-11-28,261,84.63857142857144,0.7145790554414785,9.795977011494251,2487.35
CUST_04118,176,15,3010.67,4,4,4,444,Champions,2022-11-24,2024-07-09,593,200.71133333333333,1.623545516769336,9.239038785834738,5563.14
CUST_04119,227,2,299.87,3,1,1,311,Need Attention,2023-11-29,2024-05-19,172,149.935,0.47091033538672145,4.247093023255814,1910.36
CUST_04120,200,11,2104.04,3,4,4,344,Loyal Customers,2023-06-23,2024-06-15,358,191.27636363636364,0.9801505817932923,11.222765363128492,6439.95
CUST_04121,542,24,7380.16,1,5,5,155,Cannot Lose Them,2022-06-06,2023-07-09,398,307.50666666666666,1.0896646132785763,22.025125628140703,20318.62
CUST_04122,359,17,3484.35,2,4,5,245,Cannot Lose Them,2022-05-04,2024-01-08,614,204.96176470588236,1.68104038329911,10.112785016286646,6218.2
CUST_04123,9,13,2141.86,5,4,4,544,Champions,2023-11-12,2024-12-23,407,164.75846153846155,1.1143052703627652,11.666461916461918,5766.44
CUST_04124,139,39,8851.4,4,5,5,455,Champions,2022-08-25,2024-08-15,721,226.95897435897436,1.9739904175222451,19.756934812760054,13452.04
CUST_04125,28,6,930.16,5,2,2,522,Potential Loyalists,2024-02-12,2024-12-04,296,155.02666666666667,0.810403832991102,7.403716216216217,3443.32
CUST_04126,243,13,3699.22,3,4,5,345,Loyal Customers,2022-11-05,2024-05-03,545,284.5553846153846,1.4921286789869952,8.712385321100918,7437.47
CUST_04127,572,4,463.09000000000003,1,2,2,122,Hibernating,2022-12-19,2023-06-09,172,115.77250000000001,0.47091033538672145,8.494186046511627,2950.18
CUST_04128,513,1,183.65,2,1,1,211,Hibernating,2023-08-07,2023-08-07,0,183.65,0.08213552361396304,12.175,6707.82
CUST_04129,332,10,1984.95,3,3,4,334,Need Attention,2022-07-01,2024-02-04,583,198.495,1.596167008898015,6.265008576329331,3730.72
CUST_04130,2,30,8300.94,5,5,5,555,Champions,2023-07-06,2024-12-30,543,276.69800000000004,1.486652977412731,20.179558011049725,16750.93
CUST_04131,11,13,1942.79,5,4,4,544,Champions,2023-10-12,2024-12-21,436,149.44538461538463,1.1937029431895962,10.890481651376145,4882.6
CUST_04132,327,4,155.1,3,2,1,321,Need Attention,2023-08-14,2024-02-09,179,38.775,0.49007529089664614,8.162011173184357,949.45
CUST_04133,21,8,1352.18,5,3,3,533,Potential Loyalists,2024-02-15,2024-12-11,300,169.0225,0.8213552361396304,9.74,4938.84
CUST_04134,50,11,1875.1000000000001,4,4,4,444,Champions,2023-09-14,2024-11-12,425,170.46363636363637,1.163586584531143,9.453529411764706,4834.45
CUST_04135,11,10,1306.56,5,3,3,533,Potential Loyalists,2023-07-01,2024-12-21,539,130.656,1.4757015742642026,6.776437847866419,2656.15
CUST_04136,367,17,2147.23,2,4,4,244,Cannot Lose Them,2022-03-01,2023-12-31,670,126.30764705882353,1.834360027378508,9.267537313432836,3511.68
CUST_04137,671,9,2032.85,1,3,4,134,Cannot Lose Them,2022-04-15,2023-03-02,321,225.8722222222222,0.8788501026694046,10.240654205607477,6939.24
CUST_04138,39,37,7069.34,5,5,5,555,Champions,2023-03-08,2024-11-23,626,191.06324324324325,1.7138945927446954,21.588258785942493,12374.17
CUST_04139,316,5,802.63,3,2,2,322,Need Attention,2023-05-10,2024-02-20,286,160.526,0.783025325119781,6.385489510489511,3075.11
CUST_04140,366,6,643.43,2,2,2,222,Hibernating,2022-12-28,2024-01-01,369,107.23833333333333,1.0102669404517455,5.939024390243902,1910.67
CUST_04141,588,8,1372.1699999999998,1,3,3,133,At Risk,2022-09-16,2023-05-24,250,171.52124999999998,0.6844626967830253,11.688,6014.22
CUST_04142,173,39,9934.77,4,5,5,455,Champions,2022-08-05,2024-07-12,707,254.73769230769233,1.9356605065023955,20.1481612446959,15397.49
CUST_04143,619,3,370.90999999999997,1,1,1,111,Hibernating,2022-08-18,2023-04-23,248,123.63666666666666,0.6789869952087612,4.418346774193548,1638.81
CUST_04144,477,2,280.78,2,1,1,211,Hibernating,2023-07-07,2023-09-12,67,140.39,0.1834360027378508,10.902985074626866,4592.01
CUST_04145,764,8,1318.22,1,3,3,133,At Risk,2022-04-07,2022-11-29,236,164.7775,0.6461327857631759,12.38135593220339,6120.51
CUST_04146,100,12,2711.04,4,4,4,444,Champions,2023-07-27,2024-09-23,424,225.92,1.160848733744011,10.337264150943396,7006.18
CUST_04147,199,5,793.14,3,2,2,322,Need Attention,2023-08-22,2024-06-16,299,158.628,0.8186173853524983,6.107859531772576,2906.63
CUST_04148,475,6,1418.28,2,2,3,223,Hibernating,2022-11-03,2023-09-14,315,236.38,0.8624229979466119,6.957142857142857,4933.59
CUST_04149,53,9,1641.65,4,3,3,433,Potential Loyalists,2023-07-09,2024-11-09,489,182.40555555555557,1.3388090349075976,6.722392638036809,3678.61
CUST_04150,13,23,6460.86,5,5,5,555,Champions,2023-12-06,2024-12-19,379,280.9069565217391,1.0376454483230664,22.1655672823219,18679.39
CUST_04151,708,1,136.2,1,1,1,111,Hibernating,2023-01-24,2023-01-24,0,136.2,0.08213552361396304,12.175,4974.7
CUST_04152,540,6,1013.7,1,2,3,123,Hibernating,2022-08-24,2023-07-11,321,168.95000000000002,0.8788501026694046,6.827102803738318,3460.32
CUST_04153,351,10,1279.23,2,3,3,233,At Risk,2022-08-23,2024-01-16,511,127.923,1.3990417522245038,7.14774951076321,2743.08
CUST_04154,108,6,503.93,4,2,2,422,Potential Loyalists,2023-11-10,2024-09-15,310,83.98833333333333,0.8487337440109514,7.069354838709677,1781.23
CUST_04155,19,14,1499.3500000000001,5,4,3,543,Loyal Customers,2023-06-04,2024-12-13,558,107.09642857142858,1.5277207392197125,9.163978494623656,2944.29
CUST_04156,624,25,4367.05,1,5,5,155,Cannot Lose Them,2022-01-23,2023-04-18,450,174.68200000000002,1.2320328542094456,20.291666666666664,10633.77
CUST_04157,20,9,1468.81,5,3,3,533,Potential Loyalists,2023-07-31,2024-12-12,500,163.20111111111112,1.3689253935660506,6.5745000000000005,3218.9
CUST_04158,23,11,1743.48,5,4,3,543,Loyal Customers,2023-11-13,2024-12-09,392,158.49818181818182,1.0732375085557837,10.24936224489796,4873.52
CUST_04159,543,6,1279.77,1,2,3,123,Hibernating,2022-07-20,2023-07-08,353,213.295,0.9664613278576317,6.208215297450425,3972.54
CUST_04160,31,9,2218.54,5,3,4,534,Potential Loyalists,2024-02-01,2024-12-01,304,246.50444444444443,0.8323066392881588,10.813322368421051,7996.6
CUST_04161,195,20,3025.87,3,5,4,354,Loyal Customers,2023-06-30,2024-06-20,356,151.2935,0.974674880219028,20.519662921348313,9313.47
CUST_04162,709,3,296.03,1,1,1,111,Hibernating,2022-07-26,2023-01-23,181,98.67666666666666,0.49555099247091033,6.053867403314917,1792.13
CUST_04163,368,33,7391.17,2,5,5,255,Cannot Lose Them,2022-04-08,2023-12-30,631,223.97484848484848,1.727583846680356,19.101822503961966,12834.98
CUST_04164,550,1,77.55,1,1,1,111,Hibernating,2023-07-01,2023-07-01,0,77.55,0.08213552361396304,12.175,2832.51
CUST_04165,295,25,6710.58,3,5,5,355,Loyal Customers,2023-02-03,2024-03-12,403,268.4232,1.103353867214237,22.658188585607938,18245.95
CUST_04166,241,4,835.29,3,2,2,322,Need Attention,2023-10-17,2024-05-05,201,208.8225,0.5503080082135524,7.26865671641791,4553.58
CUST_04167,394,1,267.0,2,1,1,211,Hibernating,2023-12-04,2023-12-04,0,267.0,0.08213552361396304,12.175,9752.18
CUST_04168,59,7,1422.6100000000001,4,2,3,423,Potential Loyalists,2024-02-26,2024-11-03,251,203.23000000000002,0.6872005475701575,10.186254980079681,6210.46
CUST_04169,5,5,638.7,5,2,2,522,Potential Loyalists,2024-03-28,2024-12-27,274,127.74000000000001,0.7501711156741958,6.665145985401459,2554.22
CUST_04170,579,2,126.86,1,1,1,111,Hibernating,2022-12-24,2023-06-02,160,63.43,0.4380561259411362,4.565625,868.79
CUST_04171,334,37,9371.9,3,5,5,355,Loyal Customers,2022-02-04,2024-02-02,728,253.29459459459457,1.9931553730321698,18.56353021978022,14106.13
CUST_04172,746,2,459.46000000000004,1,1,2,112,Hibernating,2022-10-01,2022-12-17,77,229.73000000000002,0.2108145106091718,9.487012987012987,6538.35
CUST_04173,480,4,363.41,2,2,1,221,Hibernating,2023-03-17,2023-09-09,176,90.8525,0.48186173853524983,8.301136363636363,2262.54
CUST_04174,18,11,1786.6200000000001,5,4,3,543,Loyal Customers,2023-10-22,2024-12-14,419,162.42000000000002,1.1471594798083504,9.58890214797136,4672.29
CUST_04175,411,9,1644.3,2,3,3,233,At Risk,2022-06-20,2023-11-17,515,182.7,1.4099931553730323,6.383009708737863,3498.53
CUST_04176,7,7,855.83,5,2,2,522,Potential Loyalists,2023-11-14,2024-12-25,407,122.26142857142858,1.1143052703627652,6.281941031941033,2304.12
CUST_04177,20,9,1339.49,5,3,3,533,Potential Loyalists,2024-01-18,2024-12-12,329,148.8322222222222,0.9007529089664613,9.99164133738602,4461.23
CUST_04178,464,5,459.16999999999996,2,2,2,222,Hibernating,2023-01-17,2023-09-25,251,91.83399999999999,0.6872005475701575,7.275896414342629,2004.52
CUST_04179,545,10,2146.6,1,3,4,134,Cannot Lose Them,2022-05-29,2023-07-06,403,214.66,1.103353867214237,9.063275434243176,5836.57
CUST_04180,56,4,362.55,4,2,1,421,Potential Loyalists,2024-02-25,2024-11-06,255,90.6375,0.6981519507186859,5.729411764705882,1557.9
CUST_04181,657,2,138.41,1,1,1,111,Hibernating,2022-11-06,2023-03-16,130,69.205,0.35592060232717315,5.61923076923077,1166.64
CUST_04182,34,8,2036.22,5,3,4,534,Potential Loyalists,2023-12-25,2024-11-28,339,254.5275,0.9281314168377823,8.619469026548673,6581.68
CUST_04183,61,9,2399.5099999999998,4,3,4,434,Potential Loyalists,2023-11-03,2024-11-01,364,266.6122222222222,0.9965776865160849,9.030906593406593,7223.25
CUST_04184,56,13,3145.83,4,4,4,444,Champions,2023-07-25,2024-11-06,470,241.98692307692306,1.2867898699520877,10.102659574468085,7334.13
CUST_04185,2,21,4121.93,5,5,5,555,Champions,2024-01-01,2024-12-30,364,196.28238095238098,0.9965776865160849,21.072115384615383,12408.25
CUST_04186,54,5,1097.6599999999999,4,2,3,423,Potential Loyalists,2024-04-13,2024-11-08,209,219.53199999999998,0.5722108145106092,8.738038277511961,5754.84
CUST_04187,19,10,1850.8799999999999,5,3,4,534,Potential Loyalists,2023-12-31,2024-12-13,348,185.088,0.9527720739219713,10.495689655172413,5827.88
CUST_04188,33,9,1933.6999999999998,5,3,4,534,Potential Loyalists,2024-01-29,2024-11-29,305,214.85555555555553,0.8350444900752909,10.777868852459017,6947.06
CUST_04189,182,17,2542.26,4,4,4,444,Champions,2022-12-21,2024-07-03,560,149.54470588235296,1.5331964407939767,11.08794642857143,4974.43
CUST_04190,411,3,289.41999999999996,2,1,1,211,Hibernating,2023-05-14,2023-11-17,187,96.47333333333331,0.5119780971937029,5.8596256684491985,1695.89
CUST_04191,797,2,142.11,1,1,1,111,Hibernating,2022-07-13,2022-10-27,106,71.055,0.29021218343600275,6.891509433962264,1469.03
CUST_04192,279,4,992.15,3,2,3,323,Need Attention,2023-09-17,2024-03-28,193,248.0375,0.5284052019164955,7.569948186528498,5632.89
CUST_04193,540,32,5382.68,1,5,5,155,Cannot Lose Them,2022-02-23,2023-07-11,503,168.20875,1.377138945927447,23.236580516898606,11725.79
CUST_04194,99,14,3302.32,4,4,4,444,Champions,2023-03-26,2024-09-24,548,235.88000000000002,1.5003422313483916,9.331204379562044,6603.13
CUST_04195,565,4,535.63,1,2,2,122,Hibernating,2022-10-22,2023-06-16,237,133.9075,0.648870636550308,6.1645569620253164,2476.44
CUST_04196,613,6,619.02,1,2,2,122,Hibernating,2022-07-31,2023-04-29,272,103.17,0.7446954140999316,8.056985294117647,2493.72
CUST_04197,111,7,1092.07,4,2,3,423,Potential Loyalists,2023-08-29,2024-09-12,380,156.01,1.0403832991101984,6.728289473684211,3149.04
CUST_04198,89,8,1722.76,4,3,3,433,Potential Loyalists,2023-12-19,2024-10-04,290,215.345,0.7939767282683093,10.075862068965519,6509.36
CUST_04199,90,18,2144.93,4,5,4,454,Champions,2022-10-18,2024-10-03,716,119.16277777777776,1.9603011635865846,9.182262569832401,3282.55
CUST_04200,125,5,435.52,4,2,2,422,Potential Loyalists,2023-12-03,2024-08-29,270,87.104,0.7392197125256673,6.763888888888889,1767.49
CUST_04201,64,5,1007.16,4,2,3,423,Potential Loyalists,2023-12-27,2024-10-29,307,201.432,0.840520191649555,5.948697068403909,3594.77
CUST_04202,717,4,369.45,1,2,1,121,Hibernating,2022-07-06,2023-01-15,193,92.3625,0.5284052019164955,7.569948186528498,2097.54
CUST_04203,27,9,597.77,5,3,2,532,Potential Loyalists,2023-06-14,2024-12-05,540,66.41888888888889,1.4784394250513346,6.0875,1212.97
CUST_04204,2,7,982.4399999999999,5,2,3,523,Potential Loyalists,2023-11-18,2024-12-30,408,140.34857142857143,1.1170431211498972,6.26654411764706,2638.5
CUST_04205,4,27,5186.34,5,5,5,555,Champions,2023-10-01,2024-12-28,454,192.08666666666667,1.242984257357974,21.721916299559474,12517.47
CUST_04206,766,5,657.44,1,2,2,122,Hibernating,2022-04-08,2022-11-27,233,131.488,0.6379192334017796,7.837982832618026,3091.8
CUST_04207,632,3,283.93,1,1,1,111,Hibernating,2022-09-09,2023-04-10,213,94.64333333333333,0.5831622176591376,5.144366197183099,1460.64
CUST_04208,107,3,243.5,4,1,1,411,New Customers,2024-03-10,2024-09-16,190,81.16666666666667,0.5201916495550992,5.767105263157895,1404.29
CUST_04209,298,14,1928.55,3,4,4,344,Loyal Customers,2022-11-09,2024-03-09,486,137.75357142857143,1.3305954825462012,10.521604938271606,4348.17
CUST_04210,359,15,2510.7,2,4,4,244,Cannot Lose Them,2022-08-10,2024-01-08,516,167.38,1.4127310061601643,10.617732558139535,5331.59
CUST_04211,818,1,6.44,1,1,1,111,Hibernating,2022-10-06,2022-10-06,0,6.44,0.08213552361396304,12.175,235.22
CUST_04212,9,18,4787.85,5,5,5,555,Champions,2024-02-06,2024-12-23,321,265.9916666666667,0.8788501026694046,20.481308411214954,16343.57
CUST_04213,199,18,3580.59,3,5,5,355,Loyal Customers,2022-09-09,2024-06-16,646,198.92166666666668,1.7686516084873374,10.177244582043343,6073.42
CUST_04214,268,4,349.32,3,2,1,321,Need Attention,2023-08-30,2024-04-08,222,87.33,0.6078028747433265,6.581081081081081,1724.18
CUST_04215,505,6,803.1500000000001,2,2,2,222,Hibernating,2022-10-04,2023-08-15,315,133.85833333333335,0.8624229979466119,6.957142857142857,2793.81
CUST_04216,588,10,2640.21,1,3,4,134,Cannot Lose Them,2022-04-20,2023-05-24,399,264.021,1.0924024640657084,9.154135338345865,7250.65
CUST_04217,23,9,1350.82,5,3,3,533,Potential Loyalists,2024-02-12,2024-12-09,301,150.0911111111111,0.8240930869267625,10.92109634551495,4917.48
CUST_04218,588,15,2628.96,1,4,4,144,Cannot Lose Them,2022-08-12,2023-05-24,285,175.264,0.7802874743326489,19.223684210526315,10107.66
CUST_04219,214,2,474.28,3,1,2,312,Need Attention,2024-01-21,2024-06-01,132,237.14,0.3613963039014374,5.534090909090908,3937.06
CUST_04220,243,35,8429.960000000001,3,5,5,355,Loyal Customers,2022-08-22,2024-05-03,620,240.85600000000002,1.6974674880219027,20.618951612903228,14898.59
CUST_04221,448,9,1468.17,2,3,3,233,At Risk,2022-12-19,2023-10-11,296,163.13,0.810403832991102,11.105574324324325,5434.96
CUST_04222,33,3,456.84000000000003,5,1,2,512,New Customers,2024-04-21,2024-11-29,222,152.28,0.6078028747433265,4.9358108108108105,2254.88
CUST_04223,441,19,3828.06,2,5,5,255,Cannot Lose Them,2022-11-30,2023-10-18,322,201.47684210526316,0.8815879534565366,21.552018633540374,13026.7
CUST_04224,5,6,723.88,5,2,2,522,Potential Loyalists,2024-02-08,2024-12-27,323,120.64666666666666,0.8843258042436687,6.78482972136223,2455.7
CUST_04225,2,30,5114.7,5,5,5,555,Champions,2023-07-19,2024-12-30,530,170.48999999999998,1.4510609171800137,20.67452830188679,10574.4
CUST_04226,322,25,6399.4800000000005,3,5,5,355,Loyal Customers,2022-12-24,2024-02-14,417,255.97920000000002,1.1416837782340863,21.897482014388487,16815.9
CUST_04227,548,10,1618.74,1,3,3,133,At Risk,2022-07-31,2023-07-03,337,161.874,0.9226557152635181,10.838278931750743,5263.31
CUST_04228,278,7,874.7,3,2,2,322,Need Attention,2023-03-25,2024-03-29,370,124.95714285714287,1.0130047912388775,6.9101351351351346,2590.41
CUST_04229,865,1,369.6,1,1,1,111,Hibernating,2022-08-20,2022-08-20,0,369.6,0.08213552361396304,12.175,13499.64
CUST_04230,454,2,168.08999999999997,2,1,1,211,Hibernating,2023-06-03,2023-10-05,124,84.04499999999999,0.3394934976043806,5.891129032258064,1485.36
CUST_04231,170,3,68.8,4,1,1,411,New Customers,2023-10-16,2024-07-15,273,22.933333333333334,0.7474332648870636,4.013736263736264,276.15
CUST_04232,717,1,18.52,1,1,1,111,Hibernating,2023-01-15,2023-01-15,0,18.52,0.08213552361396304,12.175,676.44
CUST_04233,570,3,495.86,1,1,2,112,Hibernating,2022-11-11,2023-06-11,212,165.28666666666666,0.5804243668720055,5.168632075471698,2562.92
CUST_04234,585,1,168.35,1,1,1,111,Hibernating,2023-05-27,2023-05-27,0,168.35,0.08213552361396304,12.175,6148.98
CUST_04235,472,1,42.38,2,1,1,211,Hibernating,2023-09-17,2023-09-17,0,42.38,0.08213552361396304,12.175,1547.93
CUST_04236,19,19,4624.73,5,5,5,555,Champions,2024-01-29,2024-12-13,319,243.40684210526314,0.8733744010951403,21.754702194357368,15885.73
CUST_04237,351,10,1691.8200000000002,2,3,3,233,At Risk,2022-12-21,2024-01-16,391,169.18200000000002,1.0704996577686516,9.341432225063938,4741.21
CUST_04238,465,10,1423.8600000000001,2,3,3,233,At Risk,2022-09-28,2023-09-24,361,142.38600000000002,0.9883641341546886,10.117728531855956,4321.87
CUST_04239,69,19,3749.84,4,5,5,455,Champions,2023-12-04,2024-10-24,325,197.36,0.8898015058179329,21.353076923076923,12642.73
CUST_04240,18,12,2001.55,5,4,4,544,Champions,2023-09-16,2024-12-14,455,166.79583333333332,1.2457221081451062,9.632967032967032,4820.22
CUST_04241,2,24,5038.57,5,5,5,555,Champions,2023-09-19,2024-12-30,468,209.94041666666666,1.2813141683778233,18.730769230769234,11797.04
CUST_04242,687,9,1353.59,1,3,3,133,At Risk,2022-04-18,2023-02-14,302,150.39888888888888,0.8268309377138946,10.884933774834437,4911.25
CUST_04243,65,7,841.27,4,2,2,422,Potential Loyalists,2023-09-23,2024-10-28,401,120.18142857142857,1.0978781656399725,6.3759351620947635,2298.81
CUST_04244,245,6,834.8100000000001,3,2,2,322,Need Attention,2023-08-01,2024-05-01,274,139.13500000000002,0.7501711156741958,7.998175182481751,3338.48
CUST_04245,552,24,5720.74,1,5,5,155,Cannot Lose Them,2022-05-21,2023-06-29,404,238.36416666666665,1.106091718001369,21.698019801980198,15516.09
CUST_04246,7,6,787.57,5,2,2,522,Potential Loyalists,2024-02-12,2024-12-25,317,131.26166666666668,0.8678986995208761,6.913249211356467,2722.33
CUST_04247,304,3,377.61,3,1,1,311,Need Attention,2023-06-29,2024-03-03,248,125.87,0.6789869952087612,4.418346774193548,1668.41
CUST_04248,414,1,244.53,2,1,1,211,Hibernating,2023-11-14,2023-11-14,0,244.53,0.08213552361396304,12.175,8931.46
CUST_04249,681,6,676.76,1,2,2,122,Hibernating,2022-03-31,2023-02-20,326,112.79333333333334,0.892539356605065,6.72239263803681,2274.72
CUST_04250,175,8,1249.1399999999999,4,3,3,433,Potential Loyalists,2023-03-30,2024-07-10,468,156.14249999999998,1.2813141683778233,6.2435897435897445,2924.67
CUST_04251,15,28,5975.14,5,5,5,555,Champions,2023-07-06,2024-12-17,530,213.39785714285716,1.4510609171800137,19.29622641509434,12353.32
CUST_04252,204,8,1011.72,3,3,3,333,Need Attention,2023-07-25,2024-06-11,322,126.465,0.8815879534565366,9.074534161490684,3442.83
CUST_04253,260,2,153.19,3,1,1,311,Need Attention,2023-12-26,2024-04-16,112,76.595,0.3066392881587953,6.522321428571429,1498.73
CUST_04254,557,10,1769.29,1,3,3,133,At Risk,2022-07-29,2023-06-24,330,176.929,0.9034907597535934,11.068181818181818,5874.85
CUST_04255,178,9,1504.85,4,3,3,433,Potential Loyalists,2023-02-17,2024-07-07,506,167.20555555555555,1.3853524982888432,6.496541501976285,3258.77
CUST_04256,3,11,2148.2200000000003,5,4,4,544,Champions,2024-01-28,2024-12-29,336,195.2927272727273,0.919917864476386,11.957589285714286,7005.69
CUST_04257,550,11,1461.72,1,4,3,143,Loyal Customers,2022-07-08,2023-07-01,358,132.88363636363636,0.9801505817932923,11.222765363128492,4473.97
CUST_04258,545,17,6214.6,1,4,5,145,Cannot Lose Them,2022-09-30,2023-07-06,279,365.56470588235294,0.7638603696098563,22.25537634408602,24407.34
CUST_04259,455,4,386.89,2,2,1,221,Hibernating,2023-03-13,2023-10-04,205,96.7225,0.5612594113620808,7.126829268292682,2067.97
CUST_04260,189,18,2669.7,3,5,4,354,Loyal Customers,2022-07-22,2024-06-26,705,148.31666666666666,1.9301848049281314,9.325531914893617,4149.4
CUST_04261,257,19,4115.73,3,5,5,355,Loyal Customers,2023-04-29,2024-04-19,356,216.61736842105262,0.974674880219028,19.4936797752809,12668.01
CUST_04262,503,14,1940.65,2,4,4,244,Cannot Lose Them,2022-06-18,2023-08-17,425,138.61785714285716,1.163586584531143,12.031764705882352,5003.45
CUST_04263,678,5,542.75,1,2,2,122,Hibernating,2022-08-03,2023-02-23,204,108.55,0.5585215605749486,8.952205882352942,2915.29
CUST_04264,21,16,3481.17,5,4,5,545,Champions,2024-02-17,2024-12-11,298,217.573125,0.8158795345653662,19.610738255033556,12800.31
CUST_04265,329,7,1043.95,3,2,3,323,Need Attention,2023-01-06,2024-02-07,397,149.1357142857143,1.0869267624914443,6.440176322418136,2881.38
CUST_04266,933,1,92.36,1,1,1,111,Hibernating,2022-06-13,2022-06-13,0,92.36,0.08213552361396304,12.175,3373.45
CUST_04267,364,28,6340.97,2,5,5,255,Cannot Lose Them,2022-08-29,2024-01-03,492,226.4632142857143,1.3470225872689938,20.786585365853657,14122.19
CUST_04268,53,10,1147.87,4,3,3,433,Potential Loyalists,2023-04-19,2024-11-09,570,114.78699999999999,1.5605749486652978,6.407894736842105,2206.63
CUST_04269,337,8,1646.02,3,3,3,333,Need Attention,2022-11-04,2024-01-30,452,205.7525,1.2375085557837098,6.464601769911504,3990.32
CUST_04270,313,17,2228.49,3,4,4,344,Loyal Customers,2022-06-25,2024-02-23,608,131.0876470588235,1.6646132785763177,10.212582236842104,4016.23
CUST_04271,560,20,4680.68,1,5,5,155,Cannot Lose Them,2022-07-21,2023-06-21,335,234.03400000000002,0.917180013689254,21.80597014925373,15310.02
CUST_04272,543,17,2955.12,1,4,4,144,Cannot Lose Them,2022-09-12,2023-07-08,299,173.8305882352941,0.8186173853524983,20.766722408026755,10829.67
CUST_04273,155,17,4303.36,4,4,5,445,Champions,2022-09-11,2024-07-30,688,253.13882352941175,1.8836413415468858,9.025072674418604,6853.79
CUST_04274,346,12,1450.3700000000001,2,4,3,243,Loyal Customers,2022-10-14,2024-01-21,464,120.86416666666668,1.270362765229295,9.446120689655173,3425.09
CUST_04275,364,1,23.25,2,1,1,211,Hibernating,2024-01-03,2024-01-03,0,23.25,0.08213552361396304,12.175,849.21
CUST_04276,1,21,5306.02,5,5,5,555,Champions,2024-01-13,2024-12-31,353,252.66761904761907,0.9664613278576317,21.72875354107649,16470.46
CUST_04277,185,7,1493.12,4,2,3,423,Potential Loyalists,2023-06-18,2024-06-30,378,213.30285714285714,1.0349075975359343,6.763888888888888,4328.27
CUST_04278,26,13,1818.25,5,4,4,544,Champions,2023-08-20,2024-12-06,474,139.8653846153846,1.297741273100616,10.01740506329114,4203.26
CUST_04279,123,20,2938.95,4,5,4,454,Champions,2022-06-10,2024-08-31,813,146.9475,2.2258726899383983,8.985239852398525,3961.08
CUST_04280,45,6,854.8,4,2,2,422,Potential Loyalists,2024-01-25,2024-11-17,297,142.46666666666667,0.813141683778234,7.378787878787879,3153.69
CUST_04281,145,26,5973.93,4,5,5,455,Champions,2023-05-30,2024-08-09,437,229.76653846153846,1.1964407939767283,21.73112128146453,14979.25
CUST_04282,560,16,4650.71,1,4,5,145,Cannot Lose Them,2022-09-11,2023-06-21,283,290.669375,0.7748117727583846,20.65017667844523,18007.12
CUST_04283,10,33,8031.91,5,5,5,555,Champions,2023-06-18,2024-12-22,553,243.3912121212121,1.514031485284052,21.79611211573237,15914.95
CUST_04284,626,5,571.05,1,2,2,122,Hibernating,2022-07-30,2023-04-16,260,114.21,0.7118412046543463,7.024038461538462,2406.65
CUST_04285,741,5,749.19,1,2,2,122,Hibernating,2022-03-13,2022-12-22,284,149.83800000000002,0.7775496235455168,6.430457746478873,2890.58
CUST_04286,387,29,7902.5199999999995,2,5,5,255,Cannot Lose Them,2022-06-24,2023-12-11,535,272.5006896551724,1.4647501711156743,19.79859813084112,16185.39
CUST_04287,216,9,997.8199999999999,3,3,3,333,Need Attention,2022-09-02,2024-05-30,636,110.86888888888888,1.7412731006160165,5.168632075471698,1719.12
CUST_04288,550,2,209.94,1,1,1,111,Hibernating,2023-04-20,2023-07-01,72,104.97,0.1971252566735113,10.145833333333332,3195.02
CUST_04289,487,3,81.12,2,1,1,211,Hibernating,2023-01-31,2023-09-02,214,27.040000000000003,0.5859000684462696,5.1203271028037385,415.36
CUST_04290,422,30,7222.7,2,5,5,255,Cannot Lose Them,2022-06-19,2023-11-06,505,240.75666666666666,1.3826146475017111,21.698019801980198,15671.83
CUST_04291,14,39,10448.27,5,5,5,555,Champions,2022-11-15,2024-12-18,764,267.904358974359,2.0917180013689256,18.64496073298429,14985.2
CUST_04292,44,8,2286.52,4,3,4,434,Potential Loyalists,2023-12-19,2024-11-18,335,285.815,0.917180013689254,8.722388059701492,7478.97
CUST_04293,291,2,509.21000000000004,3,1,2,312,Need Attention,2023-12-13,2024-03-16,94,254.60500000000002,0.25735797399041754,7.7712765957446805,5935.82
CUST_04294,200,13,2279.17,3,4,4,344,Loyal Customers,2023-03-09,2024-06-15,464,175.32076923076923,1.270362765229295,10.233297413793103,5382.33
CUST_04295,266,35,6250.61,3,5,5,355,Loyal Customers,2022-07-28,2024-04-10,622,178.58885714285714,1.702943189596167,20.552652733118972,11011.42
CUST_04296,5,19,3308.05,5,5,4,554,Champions,2023-01-09,2024-12-27,718,174.10789473684213,1.9657768651608487,9.665389972144848,5048.46
CUST_04297,123,8,1154.6100000000001,4,3,3,433,Potential Loyalists,2023-07-17,2024-08-31,411,144.32625000000002,1.1252566735112937,7.10948905109489,3078.26
CUST_04298,42,9,1642.7,5,3,3,533,Potential Loyalists,2023-04-23,2024-11-20,577,182.52222222222224,1.5797399041752225,5.6971403812824954,3119.56
CUST_04299,43,5,1061.04,5,2,3,523,Potential Loyalists,2024-03-28,2024-11-19,236,212.208,0.6461327857631759,7.7383474576271185,4926.42
CUST_04300,33,15,2710.18,5,4,4,544,Champions,2023-09-15,2024-11-29,441,180.67866666666666,1.2073921971252566,12.423469387755103,6733.97
CUST_04301,62,3,181.85,4,1,1,411,New Customers,2024-02-18,2024-10-31,256,60.61666666666667,0.7008898015058179,4.2802734375,778.37
CUST_04302,24,6,376.5,5,2,1,521,Potential Loyalists,2024-02-13,2024-12-08,299,62.75,0.8186173853524983,7.329431438127091,1379.77
CUST_04303,5,6,837.01,5,2,2,522,Potential Loyalists,2023-12-29,2024-12-27,364,139.50166666666667,0.9965776865160849,6.020604395604395,2519.65
CUST_04304,491,26,6112.3099999999995,2,5,5,255,Cannot Lose Them,2022-04-22,2023-08-29,494,235.08884615384613,1.352498288843258,19.22368421052632,13557.82
CUST_04305,711,4,467.13,1,2,2,122,Hibernating,2022-07-09,2023-01-21,196,116.7825,0.5366187542778919,7.454081632653061,2611.52
CUST_04306,149,33,5314.56,4,5,5,455,Champions,2023-03-09,2024-08-05,515,161.04727272727274,1.4099931553730323,23.40436893203883,11307.63
CUST_04307,415,9,1343.13,2,3,3,233,At Risk,2022-11-15,2023-11-13,363,149.23666666666668,0.9938398357289527,9.055785123966942,4054.37
CUST_04308,93,5,555.53,4,2,2,422,Potential Loyalists,2024-02-14,2024-09-30,229,111.106,0.6269678302532512,7.974890829694323,2658.17
CUST_04309,204,12,2370.37,3,4,4,344,Loyal Customers,2023-04-05,2024-06-11,433,197.53083333333333,1.1854893908281998,10.122401847575057,5998.46
CUST_04310,36,4,526.64,5,2,2,522,Potential Loyalists,2024-04-08,2024-11-26,232,131.66,0.6351813826146475,6.297413793103448,2487.35
CUST_04311,152,4,442.24,4,2,2,422,Potential Loyalists,2024-02-06,2024-08-02,178,110.56,0.487337440109514,8.207865168539326,2722.38
CUST_04312,715,3,176.04,1,1,1,111,Hibernating,2022-05-23,2023-01-17,239,58.68,0.6543463381245722,4.584728033472803,807.1
CUST_04313,358,8,863.79,2,3,2,232,At Risk,2022-12-17,2024-01-09,388,107.97375,1.0622861054072552,7.530927835051547,2439.43
CUST_04314,76,10,1393.75,4,3,3,433,Potential Loyalists,2023-06-04,2024-10-17,501,139.375,1.3716632443531827,7.290419161676647,3048.31
CUST_04315,290,18,2661.83,3,5,4,354,Loyal Customers,2022-06-26,2024-03-17,630,147.87944444444443,1.7248459958932238,10.435714285714285,4629.68
CUST_04316,412,11,2429.53,2,4,4,244,Cannot Lose Them,2022-09-12,2023-11-16,430,220.86636363636364,1.1772758384668036,9.34360465116279,6191.06
CUST_04317,659,3,287.4,1,1,1,111,Hibernating,2022-06-28,2023-03-14,259,95.8,0.7091033538672142,4.230694980694981,1215.9
CUST_04318,633,9,1432.19,1,3,3,133,At Risk,2022-06-21,2023-04-09,292,159.13222222222223,0.7994524298425736,11.257705479452055,5374.39
CUST_04319,161,32,7337.5,4,5,5,455,Champions,2023-01-08,2024-07-24,563,229.296875,1.541409993155373,20.760213143872114,14280.76
CUST_04320,665,4,669.78,1,2,2,122,Hibernating,2022-09-22,2023-03-08,167,167.445,0.45722108145106094,8.748502994011975,4394.68
CUST_04321,520,3,370.14,1,1,1,111,Hibernating,2023-01-07,2023-07-31,205,123.38,0.5612594113620808,5.345121951219512,1978.44
CUST_04322,159,6,778.64,4,2,2,422,Potential Loyalists,2023-10-02,2024-07-26,298,129.77333333333334,0.8158795345653662,7.354026845637583,2863.07
CUST_04323,213,4,199.46,3,2,1,321,Need Attention,2023-12-11,2024-06-02,174,49.865,0.47638603696098564,8.39655172413793,1256.08
CUST_04324,156,20,4946.71,4,5,5,455,Champions,2023-08-05,2024-07-29,359,247.3355,0.9828884325804244,20.348189415041784,15098.49
CUST_04325,793,1,48.04,1,1,1,111,Hibernating,2022-10-31,2022-10-31,0,48.04,0.08213552361396304,12.175,1754.66
CUST_04326,512,1,62.39,2,1,1,211,Hibernating,2023-08-08,2023-08-08,0,62.39,0.08213552361396304,12.175,2278.79
CUST_04327,129,12,2017.1999999999998,4,4,4,444,Champions,2023-06-17,2024-08-25,435,168.1,1.1909650924024642,10.075862068965517,5081.26
CUST_04328,47,10,2002.21,4,3,4,434,Potential Loyalists,2023-10-04,2024-11-15,408,200.221,1.1170431211498972,8.952205882352942,5377.26
CUST_04329,20,5,900.58,5,2,2,522,Potential Loyalists,2024-03-26,2024-12-12,261,180.116,0.7145790554414785,6.997126436781609,3780.88
CUST_04330,44,5,773.7,4,2,2,422,Potential Loyalists,2024-02-14,2024-11-18,278,154.74,0.7611225188227242,6.569244604316546,3049.57
CUST_04331,707,2,65.96000000000001,1,1,1,111,Hibernating,2022-09-10,2023-01-25,137,32.980000000000004,0.3750855578370979,5.3321167883211675,527.56
CUST_04332,432,7,983.75,2,2,3,223,Hibernating,2022-09-02,2023-10-27,420,140.53571428571428,1.1498973305954825,6.0875,2566.53
CUST_04333,345,2,244.08999999999997,2,1,1,211,Hibernating,2023-10-05,2024-01-22,109,122.04499999999999,0.29842573579739906,6.70183486238532,2453.78
CUST_04334,811,4,540.56,1,2,2,122,Hibernating,2022-04-04,2022-10-13,192,135.14,0.5256673511293635,7.609375,3084.99
CUST_04335,17,8,1254.87,5,3,3,533,Potential Loyalists,2023-08-03,2024-12-15,500,156.85875,1.3689253935660506,5.844,2750.05
CUST_04336,549,8,1343.74,1,3,3,133,At Risk,2022-05-29,2023-07-02,399,167.9675,1.0924024640657084,7.323308270676692,3690.23
CUST_04337,708,8,1877.79,1,3,4,134,Cannot Lose Them,2022-05-07,2023-01-24,262,234.72375,0.7173169062286106,11.15267175572519,7853.39
CUST_04338,26,10,1821.74,5,3,4,534,Potential Loyalists,2023-01-22,2024-12-06,684,182.174,1.8726899383983573,5.339912280701754,2918.38
CUST_04339,246,14,2730.39,3,4,4,344,Loyal Customers,2022-12-01,2024-04-30,516,195.02785714285713,1.4127310061601643,9.909883720930232,5798.11
CUST_04340,328,3,301.48,3,1,1,311,Need Attention,2023-05-18,2024-02-08,266,100.49333333333334,0.7282683093771389,4.1193609022556394,1241.9
CUST_04341,561,8,819.7,1,3,2,132,At Risk,2022-10-17,2023-06-20,246,102.4625,0.6735112936344969,11.878048780487806,3651.16
CUST_04342,6,3,124.48,5,1,1,511,New Customers,2024-05-15,2024-12-26,225,41.49333333333333,0.6160164271047228,4.87,606.22
CUST_04343,323,2,299.91999999999996,3,1,1,311,Need Attention,2023-10-16,2024-02-13,120,149.95999999999998,0.32854209445585214,6.0875,2738.64
CUST_04344,5,5,807.63,5,2,2,522,Potential Loyalists,2024-04-14,2024-12-27,257,161.526,0.70362765229295,7.10603112840467,3443.43
CUST_04345,498,13,2242.48,2,4,4,244,Cannot Lose Them,2022-05-02,2023-08-22,477,172.49846153846153,1.3059548254620124,9.95440251572327,5151.36
CUST_04346,24,13,1985.74,5,4,4,544,Champions,2023-08-23,2024-12-08,473,152.74923076923076,1.2950034223134839,10.038583509513742,4600.16
CUST_04347,594,3,285.73,1,1,1,111,Hibernating,2022-07-10,2023-05-18,312,95.24333333333334,0.8542094455852156,3.512019230769231,1003.49
CUST_04348,204,2,456.24,3,1,2,312,Need Attention,2023-12-27,2024-06-11,167,228.12,0.45722108145106094,4.374251497005988,2993.56
CUST_04349,196,10,1172.74,3,3,3,333,Need Attention,2022-12-07,2024-06-19,560,117.274,1.5331964407939767,6.522321428571429,2294.7
CUST_04350,97,14,3035.46,4,4,4,444,Champions,2023-03-15,2024-09-26,561,216.81857142857143,1.5359342915811087,9.114973262032086,5928.89
CUST_04351,298,19,2688.6,3,5,4,354,Loyal Customers,2022-05-16,2024-03-09,663,141.50526315789475,1.8151950718685832,10.467194570135746,4443.49
CUST_04352,18,15,1539.55,5,4,3,543,Loyal Customers,2023-07-10,2024-12-14,523,102.63666666666667,1.431895961670089,10.475621414913958,3225.55
CUST_04353,297,10,2230.91,3,3,4,334,Need Attention,2023-04-15,2024-03-10,330,223.09099999999998,0.9034907597535934,11.068181818181818,7407.64
CUST_04354,53,7,1320.03,4,2,3,423,Potential Loyalists,2023-12-26,2024-11-09,319,188.57571428571427,0.8733744010951403,8.014890282131661,4534.24
CUST_04355,19,3,382.37,5,1,1,511,New Customers,2024-03-15,2024-12-13,273,127.45666666666666,0.7474332648870636,4.013736263736264,1534.73
CUST_04356,42,10,1836.3,5,3,4,534,Potential Loyalists,2023-11-10,2024-11-20,376,183.63,1.0294318959616702,9.71409574468085,5351.4
CUST_04357,27,23,5905.1,5,5,5,555,Champions,2023-12-22,2024-12-05,349,256.7434782608696,0.9555099247091033,24.070916905444125,18540.15
CUST_04358,156,8,1172.25,4,3,3,433,Potential Loyalists,2023-04-08,2024-07-29,478,146.53125,1.3086926762491444,6.112970711297071,2687.22
CUST_04359,152,2,375.45,4,1,1,411,New Customers,2024-02-20,2024-08-02,164,187.725,0.4490075290896646,4.454268292682927,2508.53
CUST_04360,555,15,2404.37,1,4,4,144,Cannot Lose Them,2022-08-07,2023-06-26,323,160.2913333333333,0.8843258042436687,16.962074303405572,8156.62
CUST_04361,141,3,317.38,4,1,1,411,New Customers,2023-12-31,2024-08-13,226,105.79333333333334,0.6187542778918549,4.8484513274336285,1538.8
CUST_04362,445,29,5657.68,2,5,5,255,Cannot Lose Them,2022-04-11,2023-10-14,551,195.09241379310345,1.5085557837097878,19.223684210526315,11251.18
CUST_04363,7,15,2603.6,5,4,4,544,Champions,2023-06-20,2024-12-25,554,173.57333333333332,1.516769336071184,9.889440433212997,5149.63
CUST_04364,361,27,5093.21,2,5,5,255,Cannot Lose Them,2022-10-05,2024-01-06,458,188.6374074074074,1.2539356605065024,21.532205240174672,12185.34
CUST_04365,64,19,3204.7,4,5,4,454,Champions,2022-09-29,2024-10-29,761,168.66842105263157,2.083504449007529,9.119250985545335,4614.39
CUST_04366,115,8,1470.26,4,3,3,433,Potential Loyalists,2023-11-27,2024-09-08,286,183.7825,0.783025325119781,10.216783216783217,5633.0
CUST_04367,435,7,1947.94,2,2,4,224,Cannot Lose Them,2022-09-15,2023-10-24,404,278.27714285714285,1.106091718001369,6.328589108910891,5283.31
CUST_04368,343,10,1516.27,2,3,3,233,At Risk,2022-12-06,2024-01-24,414,151.627,1.1334702258726899,8.822463768115943,4013.17
CUST_04369,29,9,1859.79,5,3,4,534,Potential Loyalists,2023-10-30,2024-12-03,400,206.64333333333332,1.0951403148528405,8.218125,5094.66
CUST_04370,98,18,3717.97,4,5,5,455,Champions,2022-12-29,2024-09-25,636,206.55388888888888,1.7412731006160165,10.337264150943396,6405.61
CUST_04371,327,4,682.89,3,2,2,322,Need Attention,2023-06-27,2024-02-09,227,170.7225,0.621492128678987,6.436123348017621,3296.37
CUST_04372,17,10,1369.1200000000001,5,3,3,533,Potential Loyalists,2023-10-16,2024-12-15,426,136.912,1.1663244353182751,8.573943661971832,3521.63
CUST_04373,163,24,4604.27,4,5,5,455,Champions,2023-05-31,2024-07-22,418,191.84458333333336,1.1444216290212184,20.971291866028707,12069.69
CUST_04374,190,10,1110.46,3,3,3,333,Need Attention,2023-01-18,2024-06-25,524,111.046,1.434633812457221,6.970419847328245,2322.11
CUST_04375,281,4,985.86,3,2,3,323,Need Attention,2023-09-29,2024-03-26,179,246.465,0.49007529089664614,8.162011173184357,6034.95
CUST_04376,328,8,1055.72,3,3,3,333,Need Attention,2022-09-28,2024-02-08,498,131.965,1.3634496919917864,5.867469879518072,2322.9
CUST_04377,89,2,184.07,4,1,1,411,New Customers,2024-05-11,2024-10-04,146,92.035,0.3997262149212868,5.0034246575342465,1381.47
CUST_04378,672,5,176.67000000000002,1,2,1,121,Hibernating,2022-05-31,2023-03-01,274,35.334,0.7501711156741958,6.665145985401459,706.52
CUST_04379,20,21,4765.47,5,5,5,555,Champions,2023-12-07,2024-12-12,371,226.92714285714288,1.0157426420260096,20.67452830188679,14074.83
CUST_04380,326,14,2368.54,3,4,4,344,Loyal Customers,2022-12-16,2024-02-10,421,169.18142857142857,1.1526351813826146,12.146080760095012,6164.67
CUST_04381,349,4,698.8,2,2,2,222,Hibernating,2023-09-06,2024-01-18,134,174.7,0.3668720054757016,10.902985074626866,5714.25
CUST_04382,17,9,1625.85,5,3,3,533,Potential Loyalists,2024-03-17,2024-12-15,273,180.64999999999998,0.7474332648870636,12.041208791208792,6525.73
CUST_04383,761,1,222.66,1,1,1,111,Hibernating,2022-12-02,2022-12-02,0,222.66,0.08213552361396304,12.175,8132.66
CUST_04384,270,17,2628.9500000000003,3,4,4,344,Loyal Customers,2023-06-13,2024-04-06,298,154.64411764705883,0.8158795345653662,20.836409395973153,9666.68
CUST_04385,182,7,882.9100000000001,4,2,2,422,Potential Loyalists,2023-06-18,2024-07-03,381,126.13000000000001,1.0431211498973305,6.7106299212598435,2539.24
CUST_04386,148,5,956.09,4,2,2,422,Potential Loyalists,2023-10-07,2024-08-06,304,191.21800000000002,0.8323066392881588,6.0074013157894735,3446.17
CUST_04387,28,17,3037.47,5,4,4,544,Champions,2023-03-16,2024-12-04,629,178.67470588235292,1.7221081451060918,9.871621621621621,5291.43
CUST_04388,326,25,5010.64,3,5,5,355,Loyal Customers,2022-12-01,2024-02-10,436,200.4256,1.1937029431895962,20.943233944954127,12592.68
CUST_04389,8,27,5189.66,5,5,5,555,Champions,2023-08-14,2024-12-24,498,192.20962962962963,1.3634496919917864,19.802710843373493,11418.82
CUST_04390,621,3,372.76,1,1,1,111,Hibernating,2022-11-23,2023-04-21,149,124.25333333333333,0.4079397672826831,7.354026845637583,2741.29
CUST_04391,20,13,2599.39,5,4,4,544,Champions,2023-08-13,2024-12-12,487,199.9530769230769,1.3333333333333333,9.75,5848.63
CUST_04392,11,12,2399.45,5,4,4,544,Champions,2023-10-17,2024-12-21,431,199.95416666666665,1.1800136892539357,10.169373549883991,6100.23
CUST_04393,575,9,2015.1100000000001,1,3,4,134,Cannot Lose Them,2022-07-25,2023-06-06,316,223.90111111111113,0.865160848733744,10.402689873417721,6987.52
CUST_04394,313,7,462.68,3,2,2,322,Need Attention,2023-02-07,2024-02-23,381,66.09714285714286,1.0431211498973305,6.7106299212598435,1330.66
CUST_04395,323,36,8646.27,3,5,5,355,Loyal Customers,2022-04-30,2024-02-13,654,240.17416666666668,1.7905544147843941,20.105504587155963,14486.47
CUST_04396,159,5,426.71,4,2,2,422,Potential Loyalists,2023-12-01,2024-07-26,238,85.342,0.6516084873374401,7.673319327731092,1964.57
CUST_04397,12,31,6312.08,5,5,5,555,Champions,2023-04-27,2024-12-20,603,203.61548387096775,1.6509240246406571,18.7773631840796,11470.09
CUST_04398,7,10,1420.58,5,3,3,533,Potential Loyalists,2024-02-17,2024-12-25,312,142.058,0.8542094455852156,11.70673076923077,4989.1
CUST_04399,509,18,4538.32,2,5,5,255,Cannot Lose Them,2022-09-20,2023-08-11,325,252.12888888888887,0.8898015058179329,20.229230769230767,15301.12
CUST_04400,4,15,2364.54,5,4,4,544,Champions,2023-06-26,2024-12-28,551,157.636,1.5085557837097878,9.94328493647913,4702.26
CUST_04401,303,7,1165.8200000000002,3,2,3,323,Need Attention,2022-12-28,2024-03-04,432,166.5457142857143,1.1827515400410678,5.918402777777778,2957.05
CUST_04402,139,10,678.54,4,3,2,432,Potential Loyalists,2022-10-16,2024-08-15,669,67.854,1.8316221765913758,5.459641255605381,1111.38
CUST_04403,304,3,404.52,3,1,2,312,Need Attention,2023-09-15,2024-03-03,170,134.84,0.4654346338124572,6.445588235294118,2607.37
CUST_04404,371,10,1669.73,2,3,3,233,At Risk,2022-06-27,2023-12-27,548,166.973,1.5003422313483916,6.665145985401459,3338.7
CUST_04405,306,13,2414.8900000000003,3,4,4,344,Loyal Customers,2022-10-11,2024-03-01,507,185.76076923076926,1.3880903490759753,9.365384615384617,5219.16
CUST_04406,322,9,1341.67,3,3,3,333,Need Attention,2023-03-06,2024-02-14,345,149.07444444444445,0.944558521560575,9.528260869565218,4261.26
CUST_04407,261,3,258.11,3,1,1,311,Need Attention,2023-08-30,2024-04-15,229,86.03666666666668,0.6269678302532512,4.784934497816594,1235.04
CUST_04408,179,8,1092.3,4,3,3,433,Potential Loyalists,2023-05-08,2024-07-06,425,136.5375,1.163586584531143,6.875294117647059,2816.21
CUST_04409,227,7,874.34,3,2,2,322,Need Attention,2023-04-21,2024-05-19,394,124.9057142857143,1.0787132101300478,6.489213197969543,2431.62
CUST_04410,696,1,23.07,1,1,1,111,Hibernating,2023-02-05,2023-02-05,0,23.07,0.08213552361396304,12.175,842.63
CUST_04411,313,18,2817.61,3,5,4,354,Loyal Customers,2022-08-17,2024-02-23,555,156.5338888888889,1.5195071868583163,11.845945945945946,5562.88
CUST_04412,22,20,3889.9,5,5,5,555,Champions,2023-12-05,2024-12-10,371,194.495,1.0157426420260096,19.690026954177895,11488.84
CUST_04413,93,15,1993.0,4,4,4,444,Champions,2023-02-02,2024-09-30,606,132.86666666666667,1.6591375770020533,9.040841584158416,3603.68
CUST_04414,114,9,1728.67,4,3,3,433,Potential Loyalists,2023-05-24,2024-09-09,474,192.07444444444445,1.297741273100616,6.935126582278482,3996.18
CUST_04415,253,39,7785.62,3,5,5,355,Loyal Customers,2022-04-10,2024-04-23,744,199.63128205128206,2.0369609856262834,19.146169354838708,11466.52
CUST_04416,225,8,868.3599999999999,3,3,2,332,Need Attention,2023-09-08,2024-05-21,256,108.54499999999999,0.7008898015058179,11.4140625,3716.82
CUST_04417,365,30,6795.8099999999995,2,5,5,255,Cannot Lose Them,2022-07-16,2024-01-02,535,226.527,1.4647501711156743,20.48130841121495,13918.71
CUST_04418,68,2,508.44,4,1,2,412,New Customers,2024-04-29,2024-10-25,179,254.22,0.49007529089664614,4.081005586592179,3112.42
CUST_04419,97,31,6781.5,4,5,5,455,Champions,2023-03-29,2024-09-26,547,218.75806451612902,1.4976043805612593,20.699725776965266,13584.7
CUST_04420,634,3,206.14,1,1,1,111,Hibernating,2022-07-25,2023-04-08,257,68.71333333333332,0.70362765229295,4.2636186770428015,878.9
CUST_04421,168,4,432.3,4,2,2,422,Potential Loyalists,2024-01-05,2024-07-17,194,108.075,0.5311430527036276,7.530927835051547,2441.72
CUST_04422,100,4,667.54,4,2,2,422,Potential Loyalists,2024-03-31,2024-09-23,176,166.885,0.48186173853524983,8.301136363636363,4156.01
CUST_04423,32,16,2671.14,5,4,4,544,Champions,2023-03-10,2024-11-30,631,166.94625,1.727583846680356,9.26148969889065,4638.51
CUST_04424,10,13,1821.94,5,4,4,544,Champions,2023-09-29,2024-12-22,450,140.14923076923077,1.2320328542094456,10.551666666666666,4436.42
CUST_04425,34,6,1176.27,5,2,3,523,Potential Loyalists,2023-12-16,2024-11-28,348,196.045,0.9527720739219713,6.297413793103448,3703.73
CUST_04426,296,2,766.0699999999999,3,1,2,312,Need Attention,2023-12-19,2024-03-11,83,383.03499999999997,0.2272416153319644,8.801204819277109,10113.51
CUST_04427,41,8,825.0600000000001,5,3,2,532,Potential Loyalists,2023-10-24,2024-11-21,394,103.13250000000001,1.0787132101300478,7.416243654822336,2294.57
CUST_04428,22,6,560.94,5,2,2,522,Potential Loyalists,2024-01-25,2024-12-10,320,93.49000000000001,0.8761122518822724,6.8484375,1920.78
CUST_04429,30,5,612.28,5,2,2,522,Potential Loyalists,2024-01-29,2024-12-02,308,122.45599999999999,0.8432580424366872,5.929383116883117,2178.27
CUST_04430,93,5,685.24,4,2,2,422,Potential Loyalists,2023-12-27,2024-09-30,278,137.048,0.7611225188227242,6.569244604316546,2700.91
CUST_04431,151,38,8061.94,4,5,5,455,Champions,2022-09-11,2024-08-03,692,212.15631578947367,1.894592744695414,20.05708092485549,12765.71
CUST_04432,252,19,3252.77,3,5,4,354,Loyal Customers,2022-04-07,2024-04-24,748,171.19842105263157,2.0479123887748116,9.277740641711231,4765.0
CUST_04433,26,5,400.52,5,2,2,522,Potential Loyalists,2024-03-01,2024-12-06,280,80.104,0.7665982203969883,6.522321428571429,1567.39
CUST_04434,275,16,4025.5499999999997,3,4,5,345,Loyal Customers,2023-06-21,2024-04-01,285,251.59687499999998,0.7802874743326489,20.505263157894735,15477.18
CUST_04435,355,29,6432.08,2,5,5,255,Cannot Lose Them,2022-08-03,2024-01-12,527,221.7958620689655,1.4428473648186173,20.099146110056928,13373.72
CUST_04436,32,8,1641.53,5,3,3,533,Potential Loyalists,2023-05-31,2024-11-30,549,205.19125,1.5030800821355237,5.3224043715847,3276.33
CUST_04437,525,2,84.5,1,1,1,111,Hibernating,2023-01-28,2023-07-26,179,42.25,0.49007529089664614,4.081005586592179,517.27
CUST_04438,229,2,29.35,3,1,1,311,Need Attention,2024-02-06,2024-05-17,101,14.675,0.27652292950034224,7.232673267326732,318.42
CUST_04439,216,23,5098.47,3,5,5,355,Loyal Customers,2023-04-05,2024-05-30,421,221.67260869565217,1.1526351813826146,19.954275534441805,13269.95
CUST_04440,16,7,961.56,5,2,2,522,Potential Loyalists,2023-12-01,2024-12-16,381,137.3657142857143,1.0431211498973305,6.7106299212598435,2765.43
CUST_04441,43,9,1842.06,5,3,4,534,Potential Loyalists,2023-12-01,2024-11-19,354,204.67333333333332,0.9691991786447639,9.286016949152541,5701.8
CUST_04442,341,30,7758.42,2,5,5,255,Cannot Lose Them,2022-08-27,2024-01-26,517,258.614,1.4154688569472964,21.19439071566731,16443.5
CUST_04443,215,20,4511.6,3,5,5,355,Loyal Customers,2022-02-18,2024-05-31,833,225.58,2.2806297056810405,8.769507803121249,5934.68
CUST_04444,324,15,1829.74,3,4,4,344,Loyal Customers,2022-07-04,2024-02-12,588,121.98266666666667,1.6098562628336757,9.317602040816325,3409.76
CUST_04445,1008,1,9.44,1,1,1,111,Hibernating,2022-03-30,2022-03-30,0,9.44,0.08213552361396304,12.175,344.8
CUST_04446,528,6,304.73,1,2,1,121,Hibernating,2022-08-16,2023-07-23,341,50.788333333333334,0.9336071184120466,6.426686217008798,979.2
CUST_04447,242,16,3416.7400000000002,3,4,5,345,Loyal Customers,2023-08-14,2024-05-04,264,213.54625000000001,0.7227926078028748,22.136363636363633,14181.41
CUST_04448,368,10,1737.45,2,3,3,233,At Risk,2022-06-29,2023-12-30,549,173.745,1.5030800821355237,6.653005464480874,3467.78
CUST_04449,20,13,2730.0099999999998,5,4,4,544,Champions,2023-08-29,2024-12-12,471,210.0007692307692,1.2895277207392197,10.081210191082802,6351.19
CUST_04450,175,12,1500.46,4,4,3,443,Loyal Customers,2023-07-04,2024-07-10,372,125.03833333333334,1.0184804928131417,11.78225806451613,4419.7
CUST_04451,302,14,2754.19,3,4,4,344,Loyal Customers,2022-09-20,2024-03-05,532,196.72785714285715,1.4565366187542779,9.611842105263158,5672.75
CUST_04452,279,4,741.1700000000001,3,2,2,322,Need Attention,2023-09-22,2024-03-28,188,185.29250000000002,0.5147159479808351,7.7712765957446805,4319.88
CUST_04453,45,5,697.59,4,2,2,422,Potential Loyalists,2024-04-01,2024-11-17,230,139.518,0.6297056810403833,7.940217391304349,3323.41
CUST_04454,656,6,1053.6,1,2,3,123,Hibernating,2022-04-26,2023-03-17,325,175.6,0.8898015058179329,6.743076923076923,3552.25
CUST_04455,492,8,1474.26,2,3,3,233,At Risk,2023-01-07,2023-08-28,233,184.2825,0.6379192334017796,12.540772532188841,6933.13
CUST_04456,994,1,18.37,1,1,1,111,Hibernating,2022-04-13,2022-04-13,0,18.37,0.08213552361396304,12.175,670.96
CUST_04457,762,2,209.67000000000002,1,1,1,111,Hibernating,2022-09-04,2022-12-01,88,104.83500000000001,0.24093086926762491,8.301136363636363,2610.75
CUST_04458,674,8,744.47,1,3,2,132,At Risk,2022-05-10,2023-02-27,293,93.05875,0.8021902806297057,9.972696245733788,2784.14
CUST_04459,198,14,2111.94,3,4,4,344,Loyal Customers,2023-03-05,2024-06-17,470,150.85285714285715,1.2867898699520877,10.879787234042553,4923.74
CUST_04460,6,14,3040.55,5,4,4,544,Champions,2023-06-26,2024-12-26,549,217.18214285714288,1.5030800821355237,9.314207650273223,6068.64
CUST_04461,135,18,2731.9900000000002,4,5,4,454,Champions,2023-09-22,2024-08-19,332,151.77722222222224,0.9089664613278576,19.802710843373493,9016.8
CUST_04462,524,1,71.15,1,1,1,111,Hibernating,2023-07-27,2023-07-27,0,71.15,0.08213552361396304,12.175,2598.75
CUST_04463,12,18,3965.24,5,5,5,555,Champions,2023-01-14,2024-12-20,706,220.2911111111111,1.9329226557152634,9.312322946175637,6154.27
CUST_04464,411,12,3446.75,2,4,5,245,Cannot Lose Them,2022-08-19,2023-11-17,455,287.2291666666667,1.2457221081451062,9.632967032967032,8300.61
CUST_04465,910,1,146.34,1,1,1,111,Hibernating,2022-07-06,2022-07-06,0,146.34,0.08213552361396304,12.175,5345.07
CUST_04466,463,11,1949.52,2,4,4,244,Cannot Lose Them,2022-09-29,2023-09-26,362,177.2290909090909,0.9911019849418207,11.098756906077348,5901.07
CUST_04467,7,8,1279.45,5,3,3,533,Potential Loyalists,2024-03-10,2024-12-25,290,159.93125,0.7939767282683093,10.075862068965519,4834.34
CUST_04468,363,6,997.27,2,2,3,223,Hibernating,2023-02-08,2024-01-04,330,166.21166666666667,0.9034907597535934,6.6409090909090915,3311.39
CUST_04469,798,1,13.46,1,1,1,111,Hibernating,2022-10-26,2022-10-26,0,13.46,0.08213552361396304,12.175,491.63
CUST_04470,273,2,86.79,3,1,1,311,Need Attention,2023-10-11,2024-04-03,175,43.395,0.4791238877481177,4.174285714285714,543.43
CUST_04471,62,8,928.02,4,3,2,432,Potential Loyalists,2023-06-12,2024-10-31,507,116.0025,1.3880903490759753,5.763313609467456,2005.68
CUST_04472,18,19,5505.01,5,5,5,555,Champions,2023-12-20,2024-12-14,360,289.7373684210526,0.9856262833675564,19.277083333333334,16755.87
CUST_04473,337,12,2209.21,3,4,4,344,Loyal Customers,2022-11-04,2024-01-30,452,184.10083333333333,1.2375085557837098,9.696902654867257,5355.62
CUST_04474,18,11,2330.59,5,4,4,544,Champions,2023-10-01,2024-12-14,440,211.87181818181818,1.2046543463381245,9.13125,5803.96
CUST_04475,569,2,109.06,1,1,1,111,Hibernating,2023-01-22,2023-06-12,141,54.53,0.3860369609856263,5.180851063829787,847.54
CUST_04476,96,19,2489.17,4,5,4,454,Champions,2022-10-25,2024-09-27,703,131.00894736842105,1.9247091033538672,9.871621621621621,3879.81
CUST_04477,39,12,1960.21,5,4,4,544,Champions,2023-09-29,2024-11-23,421,163.35083333333333,1.1526351813826146,10.410926365795726,5101.9
CUST_04478,810,2,96.33999999999999,1,1,1,111,Hibernating,2022-08-14,2022-10-14,61,48.169999999999995,0.16700889801505817,11.975409836065575,1730.57
CUST_04479,183,18,4850.55,4,5,5,455,Champions,2023-07-22,2024-07-02,346,269.475,0.947296372347707,19.001445086705203,15361.24
CUST_04480,272,9,1893.58,3,3,4,334,Need Attention,2022-11-28,2024-04-04,493,210.39777777777778,1.3497604380561259,6.667849898580122,4208.7
CUST_04481,790,2,219.72,1,1,1,111,Hibernating,2022-08-14,2022-11-03,81,109.86,0.22176591375770022,9.018518518518517,2972.32
CUST_04482,58,9,826.39,4,3,2,432,Potential Loyalists,2023-04-21,2024-11-04,563,91.82111111111111,1.541409993155373,5.838809946714032,1608.38
CUST_04483,567,2,459.93,1,1,2,112,Hibernating,2023-03-01,2023-06-14,105,229.965,0.2874743326488706,6.957142857142857,4799.7
CUST_04484,48,19,4160.99,4,5,5,455,Champions,2023-12-03,2024-11-14,347,218.99947368421053,0.9500342231348392,19.999279538904897,13139.5
CUST_04485,63,9,1472.52,4,3,3,433,Potential Loyalists,2023-06-08,2024-10-30,510,163.61333333333334,1.3963039014373717,6.445588235294117,3163.75
CUST_04486,711,2,172.44,1,1,1,111,Hibernating,2022-11-02,2023-01-21,80,86.22,0.2190280629705681,9.13125,2361.89
CUST_04487,333,12,1877.03,3,4,4,344,Loyal Customers,2023-01-10,2024-02-03,389,156.41916666666665,1.0650239561943875,11.267352185089972,5287.29
CUST_04488,335,9,1910.66,3,3,4,334,Need Attention,2022-07-22,2024-02-01,559,212.29555555555555,1.5304585900068446,5.880590339892666,3745.27
CUST_04489,27,17,3476.87,5,4,5,545,Champions,2023-02-18,2024-12-05,656,204.52176470588233,1.7960301163586585,9.465320121951219,5807.59
CUST_04490,28,8,1708.44,5,3,3,533,Potential Loyalists,2024-02-13,2024-12-04,295,213.555,0.8076659822039699,9.905084745762712,6345.84
CUST_04491,665,17,3174.68,1,4,4,144,Cannot Lose Them,2022-05-17,2023-03-08,295,186.74588235294118,0.8076659822039699,21.048305084745763,11792.05
CUST_04492,501,8,1309.65,2,3,3,233,At Risk,2022-04-21,2023-08-19,485,163.70625,1.3278576317590691,6.024742268041237,2958.86
CUST_04493,586,6,543.0699999999999,1,2,2,122,Hibernating,2022-07-21,2023-05-26,309,90.51166666666666,0.8459958932238193,7.092233009708738,1925.79
CUST_04494,204,7,655.53,3,2,2,322,Need Attention,2023-07-30,2024-06-11,317,93.64714285714285,0.8678986995208761,8.065457413249211,2265.92
CUST_04495,254,5,751.95,3,2,2,322,Need Attention,2023-07-04,2024-04-22,293,150.39000000000001,0.8021902806297057,6.232935153583618,2812.11
CUST_04496,522,7,1117.14,1,2,3,123,Hibernating,2022-04-24,2023-07-29,461,159.5914285714286,1.2621492128678986,5.5460954446854664,2655.33
CUST_04497,40,10,1734.5,5,3,3,533,Potential Loyalists,2023-04-17,2024-11-22,585,173.45,1.6016427104722792,6.243589743589744,3248.85
CUST_04498,441,8,1332.3400000000001,2,3,3,233,At Risk,2022-12-13,2023-10-18,309,166.54250000000002,0.8459958932238193,9.45631067961165,4724.63
CUST_04499,455,17,2141.57,2,4,4,244,Cannot Lose Them,2022-12-06,2023-10-04,302,125.97470588235295,0.8268309377138946,20.560430463576157,7770.28
CUST_04500,188,3,257.67,3,1,1,311,Need Attention,2023-11-13,2024-06-27,227,85.89,0.621492128678987,4.827092511013216,1243.8
CUST_04501,221,17,3649.5,3,4,5,345,Loyal Customers,2023-07-22,2024-05-25,308,214.6764705882353,0.8432580424366872,20.159902597402596,12983.57
CUST_04502,76,4,857.6299999999999,4,2,2,422,Potential Loyalists,2024-02-17,2024-10-17,243,214.40749999999997,0.6652977412731006,6.012345679012346,3867.28
CUST_04503,17,38,8012.82,5,5,5,555,Champions,2023-01-23,2024-12-15,692,210.86368421052632,1.894592744695414,20.05708092485549,12687.93
CUST_04504,270,8,970.47,3,3,2,332,Need Attention,2023-01-04,2024-04-06,458,121.30875,1.2539356605065024,6.379912663755459,2321.82
CUST_04505,368,29,5935.54,2,5,5,255,Cannot Lose Them,2022-07-12,2023-12-30,536,204.67379310344828,1.4674880219028064,19.761660447761194,12134.08
CUST_04506,552,10,1464.55,1,3,3,133,At Risk,2022-05-30,2023-06-29,395,146.45499999999998,1.08145106091718,9.246835443037975,4062.74
CUST_04507,136,8,1301.83,4,3,3,433,Potential Loyalists,2023-06-29,2024-08-18,416,162.72875,1.1389459274469542,7.024038461538461,3429.04
CUST_04508,187,3,510.76,3,1,2,312,Need Attention,2023-12-01,2024-06-28,210,170.25333333333333,0.5749486652977412,5.217857142857143,2665.07
CUST_04509,68,9,1452.21,4,3,3,433,Potential Loyalists,2023-04-22,2024-10-25,552,161.35666666666668,1.51129363449692,5.955163043478261,2882.72
CUST_04510,413,9,1267.63,2,3,3,233,At Risk,2022-06-11,2023-11-15,522,140.8477777777778,1.429158110882957,6.2974137931034475,2660.93
CUST_04511,280,39,10283.57,3,5,5,355,Loyal Customers,2022-02-24,2024-03-27,762,263.68128205128204,2.086242299794661,18.693897637795278,14787.69
CUST_04512,1,12,1691.01,5,4,3,543,Loyal Customers,2023-10-23,2024-12-31,435,140.9175,1.1909650924024642,10.075862068965517,4259.6
CUST_04513,435,7,1557.0900000000001,2,2,3,223,Hibernating,2022-09-05,2023-10-24,414,222.4414285714286,1.1334702258726899,6.17572463768116,4121.21
CUST_04514,391,8,1521.28,2,3,3,233,At Risk,2022-09-02,2023-12-07,461,190.16,1.2621492128678986,6.3383947939262475,3615.93
CUST_04515,5,26,5518.97,5,5,5,555,Champions,2023-11-13,2024-12-27,410,212.26807692307693,1.1225188227241616,23.162195121951218,14749.78
CUST_04516,22,3,255.25,5,1,1,511,New Customers,2024-05-21,2024-12-10,203,85.08333333333333,0.5557837097878165,5.397783251231528,1377.78
CUST_04517,542,3,193.67000000000002,1,1,1,111,Hibernating,2022-12-11,2023-07-09,210,64.55666666666667,0.5749486652977412,5.217857142857143,1010.54
CUST_04518,100,11,1890.3899999999999,4,4,4,444,Champions,2023-07-02,2024-09-23,449,171.85363636363635,1.2292950034223136,8.948218262806236,4613.35
CUST_04519,29,16,2823.38,5,4,4,544,Champions,2023-07-14,2024-12-03,508,176.46125,1.3908281998631074,11.503937007874017,6090.0
CUST_04520,7,20,3982.92,5,5,5,555,Champions,2023-12-31,2024-12-25,360,199.14600000000002,0.9856262833675564,20.291666666666668,12123.01
CUST_04521,29,7,1460.75,5,2,3,523,Potential Loyalists,2024-04-04,2024-12-03,243,208.67857142857142,0.6652977412731006,10.521604938271606,6586.9
CUST_04522,396,14,2499.92,2,4,4,244,Cannot Lose Them,2022-07-19,2023-12-02,501,178.56571428571428,1.3716632443531827,10.206586826347307,5467.64
CUST_04523,41,19,3099.18,5,5,4,554,Champions,2023-03-10,2024-11-21,622,163.11473684210526,1.702943189596167,11.157154340836012,5459.69
CUST_04524,6,36,8823.42,5,5,5,555,Champions,2023-04-04,2024-12-26,632,245.095,1.730321697467488,20.805379746835442,15297.88
CUST_04525,8,22,5186.81,5,5,5,555,Champions,2023-12-07,2024-12-24,383,235.76409090909092,1.0485968514715949,20.98041775456919,14839.29
CUST_04526,668,4,295.81,1,2,1,121,Hibernating,2022-09-30,2023-03-05,156,73.9525,0.4271047227926078,9.365384615384615,2077.78
CUST_04527,59,3,368.73,4,1,1,411,New Customers,2024-02-12,2024-11-03,265,122.91000000000001,0.7255304585900069,4.134905660377358,1524.66
CUST_04528,238,2,408.53,3,1,2,312,Need Attention,2024-01-11,2024-05-08,118,204.265,0.32306639288158795,6.190677966101695,3793.62
CUST_04529,9,10,739.12,5,3,2,532,Potential Loyalists,2023-12-19,2024-12-23,370,73.912,1.0130047912388775,9.871621621621621,2188.89
CUST_04530,107,5,396.22,4,2,2,422,Potential Loyalists,2024-01-21,2024-09-16,239,79.244,0.6543463381245722,7.641213389121339,1816.56
CUST_04531,206,2,374.49,3,1,1,311,Need Attention,2024-02-08,2024-06-09,122,187.245,0.33401779603011633,5.9877049180327875,3363.5
CUST_04532,385,11,2346.8,2,4,4,244,Cannot Lose Them,2022-11-08,2023-12-13,400,213.34545454545457,1.0951403148528405,10.044375,6428.77
CUST_04533,267,23,5573.92,3,5,5,355,Loyal Customers,2023-04-20,2024-04-09,355,242.34434782608696,0.971937029431896,23.664084507042254,17204.57
CUST_04534,250,1,19.1,3,1,1,311,Need Attention,2024-04-26,2024-04-26,0,19.1,0.08213552361396304,12.175,697.63
CUST_04535,330,2,130.23000000000002,3,1,1,311,Need Attention,2023-08-26,2024-02-06,164,65.11500000000001,0.4490075290896646,4.454268292682927,870.12
CUST_04536,338,27,6716.89,3,5,5,355,Loyal Customers,2022-10-10,2024-01-29,476,248.77370370370372,1.3032169746748803,20.717962184873947,15462.25
CUST_04537,280,10,1169.46,3,3,3,333,Need Attention,2022-09-10,2024-03-27,564,116.946,1.5441478439425051,6.476063829787234,2272.05
CUST_04538,225,18,3573.38,3,5,5,355,Loyal Customers,2022-07-06,2024-05-21,685,198.5211111111111,1.8754277891854894,9.597810218978102,5716.1
CUST_04539,25,9,1900.58,5,3,4,534,Potential Loyalists,2023-11-01,2024-12-07,402,211.17555555555555,1.1006160164271048,8.177238805970148,5180.5
CUST_04540,32,7,1045.6,5,2,3,523,Potential Loyalists,2023-11-02,2024-11-30,394,149.37142857142857,1.0787132101300478,6.489213197969543,2907.91
CUST_04541,223,3,436.73,3,1,2,312,Need Attention,2023-10-04,2024-05-23,232,145.57666666666668,0.6351813826146475,4.723060344827586,2062.7
CUST_04542,446,3,730.49,2,1,2,212,Hibernating,2023-01-21,2023-10-13,265,243.49666666666667,0.7255304585900069,4.134905660377358,3020.51
CUST_04543,670,5,818.55,1,2,2,122,Hibernating,2022-06-21,2023-03-03,255,163.70999999999998,0.6981519507186859,7.161764705882352,3517.36
CUST_04544,40,9,1104.16,5,3,3,533,Potential Loyalists,2023-08-04,2024-11-22,476,122.68444444444445,1.3032169746748803,6.905987394957982,2541.77
CUST_04545,21,16,2506.08,5,4,4,544,Champions,2023-03-17,2024-12-11,635,156.63,1.7385352498288844,9.203149606299212,4324.47
CUST_04546,207,29,5773.42,3,5,5,355,Loyal Customers,2022-11-06,2024-06-08,580,199.08344827586208,1.5879534565366187,18.2625,10907.28
CUST_04547,137,32,6118.22,4,5,5,455,Champions,2022-12-04,2024-08-17,622,191.194375,1.702943189596167,18.790996784565916,10778.2
CUST_04548,605,5,718.33,1,2,2,122,Hibernating,2022-08-06,2023-05-07,274,143.666,0.7501711156741958,6.665145985401459,2872.66
CUST_04549,260,13,1758.3,3,4,3,343,Loyal Customers,2022-11-17,2024-04-16,516,135.25384615384615,1.4127310061601643,9.20203488372093,3733.83
CUST_04550,8,21,4506.57,5,5,5,555,Champions,2023-11-01,2024-12-24,419,214.5985714285714,1.1471594798083504,18.306085918854414,11785.38
CUST_04551,359,15,2703.41,2,4,4,244,Cannot Lose Them,2023-05-27,2024-01-08,226,180.22733333333332,0.6187542778918549,24.242256637168143,13107.35
CUST_04552,336,3,408.09000000000003,3,1,2,312,Need Attention,2023-05-04,2024-01-31,272,136.03,0.7446954140999316,4.028492647058823,1643.99
CUST_04553,379,12,2349.55,2,4,4,244,Cannot Lose Them,2022-10-28,2023-12-19,417,195.79583333333335,1.1416837782340863,10.510791366906474,6173.91
CUST_04554,271,10,1845.7,3,3,4,334,Need Attention,2022-10-06,2024-04-05,547,184.57,1.4976043805612593,6.677330895795247,3697.3
CUST_04555,389,3,360.64,2,1,1,211,Hibernating,2023-03-31,2023-12-09,253,120.21333333333332,0.6926762491444216,4.3310276679841895,1561.94
CUST_04556,298,12,1219.42,3,4,3,343,Loyal Customers,2023-02-18,2024-03-09,385,101.61833333333334,1.054072553045859,11.384415584415585,3470.6
CUST_04557,726,6,313.75,1,2,1,121,Hibernating,2022-02-22,2023-01-06,318,52.291666666666664,0.8706365503080082,6.891509433962264,1081.11
CUST_04558,387,5,997.17,2,2,3,223,Hibernating,2023-04-12,2023-12-11,243,199.434,0.6652977412731006,7.515432098765432,4496.5
CUST_04559,600,7,1111.88,1,2,3,123,Hibernating,2022-04-08,2023-05-12,399,158.84,1.0924024640657084,6.407894736842105,3053.49
CUST_04560,125,15,2212.54,4,4,4,444,Champions,2023-03-24,2024-08-29,524,147.50266666666667,1.434633812457221,10.455629770992367,4626.7
CUST_04561,133,6,798.4,4,2,2,422,Potential Loyalists,2023-10-10,2024-08-21,316,133.06666666666666,0.865160848733744,6.935126582278481,2768.5
CUST_04562,96,30,6821.02,4,5,5,455,Champions,2023-05-08,2024-09-27,508,227.36733333333333,1.3908281998631074,21.56988188976378,14712.86
CUST_04563,464,18,4643.43,2,5,5,255,Cannot Lose Them,2022-11-11,2023-09-25,318,257.96833333333336,0.8706365503080082,20.67452830188679,16000.12
CUST_04564,17,23,5827.65,5,5,5,555,Champions,2023-10-09,2024-12-15,433,253.37608695652173,1.1854893908281998,19.401270207852196,14747.45
CUST_04565,42,37,9094.44,5,5,5,555,Champions,2023-03-19,2024-11-20,612,245.79567567567568,1.675564681724846,22.082107843137255,16283.06
CUST_04566,586,8,1097.23,1,3,3,133,At Risk,2022-02-25,2023-05-26,455,137.15375,1.2457221081451062,6.421978021978021,2642.4
CUST_04567,80,22,5406.87,4,5,5,455,Champions,2023-07-19,2024-10-13,452,245.76681818181817,1.2375085557837098,17.777654867256636,13107.47
CUST_04568,207,1,28.68,3,1,1,311,Need Attention,2024-06-08,2024-06-08,0,28.68,0.08213552361396304,12.175,1047.54
CUST_04569,303,19,4230.9,3,5,5,355,Loyal Customers,2023-03-08,2024-03-04,362,222.67894736842103,0.9911019849418207,19.170580110497237,12806.65
CUST_04570,33,12,2248.19,5,4,4,544,Champions,2023-09-07,2024-11-29,449,187.34916666666666,1.2292950034223136,9.761692650334075,5486.53
CUST_04571,35,7,1047.04,5,2,3,523,Potential Loyalists,2024-02-07,2024-11-27,294,149.57714285714286,0.8049281314168378,8.696428571428571,3902.36
CUST_04572,608,11,2055.48,1,4,4,144,Cannot Lose Them,2022-03-10,2023-05-04,420,186.8618181818182,1.1498973305954825,9.56607142857143,5362.6
CUST_04573,150,12,1572.8400000000001,4,4,3,443,Loyal Customers,2023-05-21,2024-08-04,441,131.07000000000002,1.2073921971252566,9.938775510204083,3908.03
CUST_04574,44,11,2054.29,4,4,4,444,Champions,2023-09-06,2024-11-18,439,186.75363636363636,1.2019164955509924,9.152050113895216,5127.54
CUST_04575,924,2,229.45,1,1,1,111,Hibernating,2022-03-22,2022-06-22,92,114.725,0.2518822724161533,7.940217391304349,2732.82
CUST_04576,306,8,725.98,3,3,2,332,Need Attention,2023-07-22,2024-03-01,223,90.7475,0.6105407255304586,13.103139013452916,3567.23
CUST_04577,279,24,6397.59,3,5,5,355,Loyal Customers,2022-12-30,2024-03-28,454,266.56625,1.242984257357974,19.308370044052865,15440.88
CUST_04578,607,5,681.19,1,2,2,122,Hibernating,2022-08-07,2023-05-05,271,136.238,0.7419575633127995,6.738929889298893,2754.29
CUST_04579,535,4,1037.55,1,2,3,123,Hibernating,2022-11-30,2023-07-16,228,259.3875,0.6242299794661191,6.407894736842105,4986.38
CUST_04580,14,14,2189.4,5,4,4,544,Champions,2023-07-05,2024-12-18,532,156.3857142857143,1.4565366187542779,9.611842105263158,4509.46
CUST_04581,914,1,136.87,1,1,1,111,Hibernating,2022-07-02,2022-07-02,0,136.87,0.08213552361396304,12.175,4999.18
CUST_04582,730,20,3854.53,1,5,5,155,Cannot Lose Them,2022-03-26,2023-01-02,282,192.72650000000002,0.7720739219712526,25.904255319148938,14977.31
CUST_04583,877,4,448.1,1,2,2,122,Hibernating,2022-03-18,2022-08-08,143,112.025,0.3915126625598905,10.216783216783217,3433.61
CUST_04584,155,8,892.39,4,3,2,432,Potential Loyalists,2023-05-30,2024-07-30,427,111.54875,1.1690622861054072,6.843091334894614,2290.01
CUST_04585,512,9,1787.0,2,3,3,233,At Risk,2022-07-27,2023-08-08,377,198.55555555555554,1.0321697467488022,8.71949602122016,5193.91
CUST_04586,228,27,4950.03,3,5,5,355,Loyal Customers,2023-03-18,2024-05-18,427,183.33444444444444,1.1690622861054072,23.095433255269324,12702.57
CUST_04587,38,14,2436.55,5,4,4,544,Champions,2023-06-10,2024-11-24,533,174.03928571428574,1.45927446954141,9.593808630393996,5009.1
CUST_04588,743,4,670.04,1,2,2,122,Hibernating,2022-04-17,2022-12-20,247,167.51,0.676249144421629,5.91497975708502,2972.45
CUST_04589,378,9,802.7099999999999,2,3,2,232,At Risk,2023-02-28,2023-12-20,295,89.19,0.8076659822039699,11.14322033898305,2981.59
CUST_04590,449,9,1197.14,2,3,3,233,At Risk,2022-11-23,2023-10-10,321,133.01555555555558,0.8788501026694046,10.240654205607477,4086.5
CUST_04591,56,8,1198.33,4,3,3,433,Potential Loyalists,2023-06-14,2024-11-06,511,149.79125,1.3990417522245038,5.7181996086105675,2569.61
CUST_04592,244,3,210.22,3,1,1,311,Need Attention,2023-07-23,2024-05-02,284,70.07333333333334,0.7775496235455168,3.8582746478873235,811.09
CUST_04593,12,14,2289.87,5,4,4,544,Champions,2023-07-05,2024-12-20,534,163.56214285714285,1.462012320328542,9.575842696629215,4698.74
CUST_04594,706,8,2148.78,1,3,4,134,Cannot Lose Them,2022-03-11,2023-01-26,321,268.5975,0.8788501026694046,9.102803738317757,7334.97
CUST_04595,357,1,52.36,2,1,1,211,Hibernating,2024-01-10,2024-01-10,0,52.36,0.08213552361396304,12.175,1912.45
CUST_04596,660,19,4369.85,1,5,5,155,Cannot Lose Them,2022-03-27,2023-03-13,351,229.99210526315792,0.9609856262833676,19.77136752136752,13641.78
CUST_04597,535,6,1247.01,1,2,3,123,Hibernating,2022-09-15,2023-07-16,304,207.835,0.8323066392881588,7.208881578947368,4494.77
CUST_04598,69,8,1758.26,4,3,3,433,Potential Loyalists,2024-02-05,2024-10-24,262,219.7825,0.7173169062286106,11.15267175572519,7353.49
CUST_04599,483,3,229.48000000000002,2,1,1,211,Hibernating,2023-02-01,2023-09-06,217,76.49333333333334,0.5941136208076659,5.049539170506913,1158.77
CUST_04600,403,18,3509.21,2,5,5,255,Cannot Lose Them,2023-02-24,2023-11-25,274,194.9561111111111,0.7501711156741958,23.994525547445253,14033.64
CUST_04601,21,8,1704.28,5,3,3,533,Potential Loyalists,2024-03-02,2024-12-11,284,213.035,0.7775496235455168,10.288732394366196,6575.58
CUST_04602,468,9,1228.78,2,3,3,233,At Risk,2022-05-17,2023-09-21,492,136.5311111111111,1.3470225872689938,6.6814024390243905,2736.66
CUST_04603,511,20,3592.29,2,5,5,255,Cannot Lose Them,2022-08-06,2023-08-09,368,179.6145,1.0075290896646132,19.85054347826087,10696.34
CUST_04604,303,4,273.73,3,2,1,321,Need Attention,2023-10-03,2024-03-04,153,68.4325,0.4188911704312115,9.549019607843137,1960.39
CUST_04605,462,29,7053.81,2,5,5,255,Cannot Lose Them,2022-05-04,2023-09-27,511,243.2348275862069,1.3990417522245038,20.728473581213308,15125.66
CUST_04606,414,9,1571.6,2,3,3,233,At Risk,2022-07-15,2023-11-14,487,174.6222222222222,1.3333333333333333,6.75,3536.1
CUST_04607,398,40,8079.82,2,5,5,255,Cannot Lose Them,2022-01-28,2023-11-30,671,201.9955,1.83709787816564,21.773472429210134,13194.43
CUST_04608,149,8,1601.82,4,3,3,433,Potential Loyalists,2023-05-18,2024-08-05,445,200.2275,1.218343600273785,6.5662921348314605,3944.26
CUST_04609,294,3,215.39000000000001,3,1,1,311,Need Attention,2023-07-27,2024-03-13,230,71.79666666666667,0.6297056810403833,4.764130434782609,1026.15
CUST_04610,16,18,4099.86,5,5,5,555,Champions,2024-01-12,2024-12-16,339,227.76999999999998,0.9281314168377823,19.393805309734514,13251.98
CUST_04611,649,2,161.93,1,1,1,111,Hibernating,2022-09-27,2023-03-24,178,80.965,0.487337440109514,4.103932584269663,996.82
CUST_04612,285,22,4782.12,3,5,5,355,Loyal Customers,2023-03-25,2024-03-22,363,217.36909090909091,0.9938398357289527,22.136363636363637,14435.28
CUST_04613,607,4,782.5600000000001,1,2,2,122,Hibernating,2022-10-18,2023-05-05,199,195.64000000000001,0.5448323066392882,7.341708542713568,4309.0
CUST_04614,394,13,1616.0,2,4,3,243,Loyal Customers,2022-08-07,2023-12-04,484,124.3076923076923,1.325119780971937,9.81043388429752,3658.54
CUST_04615,135,9,1067.17,4,3,3,433,Potential Loyalists,2023-03-11,2024-08-19,527,118.57444444444445,1.4428473648186173,6.237666034155598,2218.88
CUST_04616,46,7,1207.01,4,2,3,423,Potential Loyalists,2024-03-01,2024-11-16,260,172.43,0.7118412046543463,9.833653846153847,5086.85
CUST_04617,179,6,1064.48,4,2,3,423,Potential Loyalists,2023-10-06,2024-07-06,274,177.41333333333333,0.7501711156741958,7.998175182481751,4256.95
CUST_04618,39,10,1728.07,5,3,3,533,Potential Loyalists,2023-05-07,2024-11-23,566,172.807,1.5496235455167693,6.453180212014135,3345.46
CUST_04619,24,15,3309.64,5,4,4,544,Champions,2023-04-12,2024-12-08,606,220.64266666666666,1.6591375770020533,9.040841584158416,5984.39
CUST_04620,347,30,7779.59,2,5,5,255,Cannot Lose Them,2022-08-16,2024-01-20,522,259.31966666666665,1.429158110882957,20.991379310344826,16330.43
CUST_04621,687,5,947.79,1,2,2,122,Hibernating,2022-06-14,2023-02-14,245,189.558,0.6707734428473648,7.454081632653061,4238.94
CUST_04622,385,7,816.89,2,2,2,222,Hibernating,2022-12-20,2023-12-13,358,116.69857142857143,0.9801505817932923,7.141759776536313,2500.3
CUST_04623,584,7,809.22,1,2,2,122,Hibernating,2022-04-01,2023-05-28,422,115.60285714285715,1.1553730321697468,6.058649289099526,2101.19
CUST_04624,22,12,2945.75,5,4,4,544,Champions,2023-10-11,2024-12-10,426,245.47916666666666,1.1663244353182751,10.288732394366198,7577.01
CUST_04625,506,6,581.27,2,2,2,222,Hibernating,2022-10-28,2023-08-14,290,96.87833333333333,0.7939767282683093,7.556896551724138,2196.3
CUST_04626,26,15,1546.92,5,4,3,543,Loyal Customers,2023-08-29,2024-12-06,465,103.128,1.273100616016427,11.78225806451613,3645.24
CUST_04627,145,6,1135.53,4,2,3,423,Potential Loyalists,2023-10-07,2024-08-09,307,189.255,0.840520191649555,7.138436482084691,4052.95
CUST_04628,576,8,605.9200000000001,1,3,2,132,At Risk,2022-03-19,2023-06-05,443,75.74000000000001,1.212867898699521,6.595936794582393,1498.73
CUST_04629,44,11,1639.54,4,4,3,443,Loyal Customers,2023-09-10,2024-11-18,435,149.0490909090909,1.1909650924024642,9.236206896551723,4129.94
CUST_04630,452,8,815.69,2,3,2,232,At Risk,2022-08-01,2023-10-07,432,101.96125,1.1827515400410678,6.763888888888889,2068.96
CUST_04631,716,1,193.2,1,1,1,111,Hibernating,2023-01-16,2023-01-16,0,193.2,0.08213552361396304,12.175,7056.63
CUST_04632,127,3,441.62,4,1,2,412,New Customers,2024-01-20,2024-08-27,220,147.20666666666668,0.6023271731690623,4.980681818181818,2199.57
CUST_04633,653,5,1110.99,1,2,3,123,Hibernating,2022-08-21,2023-03-20,211,222.198,0.5776865160848734,8.655213270142179,5769.51
CUST_04634,28,5,803.9,5,2,2,522,Potential Loyalists,2024-04-16,2024-12-04,232,160.78,0.6351813826146475,7.8717672413793105,3796.87
CUST_04635,139,8,753.1700000000001,4,3,2,432,Potential Loyalists,2023-06-16,2024-08-15,426,94.14625000000001,1.1663244353182751,6.859154929577465,1937.29
CUST_04636,129,18,2464.81,4,5,4,454,Champions,2022-10-05,2024-08-25,690,136.93388888888887,1.88911704312115,9.528260869565218,3914.23
CUST_04637,632,4,446.05,1,2,2,122,Hibernating,2022-08-17,2023-04-10,236,111.5125,0.6461327857631759,6.190677966101695,2071.01
CUST_04638,23,9,1762.75,5,3,3,533,Potential Loyalists,2023-08-28,2024-12-09,469,195.86111111111111,1.2840520191649556,7.0090618336886985,4118.41
CUST_04639,8,12,2045.1999999999998,5,4,4,544,Champions,2023-11-01,2024-12-24,419,170.4333333333333,1.1471594798083504,10.460620525059666,5348.52
CUST_04640,495,5,1116.03,2,2,3,223,Hibernating,2022-11-30,2023-08-25,268,223.206,0.7337440109514032,6.814365671641791,4563.02
CUST_04641,3,11,2281.85,5,4,4,544,Champions,2023-12-10,2024-12-29,385,207.4409090909091,1.054072553045859,10.435714285714285,6494.38
CUST_04642,5,17,4159.74,5,4,5,545,Champions,2024-02-18,2024-12-27,313,244.69058823529411,0.8569472963723477,19.83785942492013,14562.41
CUST_04643,361,17,2870.77,2,4,4,244,Cannot Lose Them,2023-03-25,2024-01-06,287,168.86882352941177,0.785763175906913,21.63501742160279,10960.44
CUST_04644,310,8,1282.66,3,3,3,333,Need Attention,2023-05-27,2024-02-26,275,160.3325,0.7529089664613279,10.625454545454545,5110.82
CUST_04645,315,19,3081.23,3,5,4,354,Loyal Customers,2022-07-13,2024-02-21,588,162.17,1.6098562628336757,11.802295918367346,5741.93
CUST_04646,261,39,8956.73,3,5,5,355,Loyal Customers,2022-06-11,2024-04-15,674,229.65974358974358,1.8453114305270362,21.134643916913948,14561.33
CUST_04647,194,16,4195.2,3,4,5,345,Loyal Customers,2023-09-25,2024-06-21,270,262.2,0.7392197125256673,21.644444444444446,17025.52
CUST_04648,545,7,430.31,1,2,2,122,Hibernating,2022-06-24,2023-07-06,377,61.472857142857144,1.0321697467488022,6.78183023872679,1250.7
CUST_04649,16,7,1012.8800000000001,5,2,3,523,Potential Loyalists,2024-01-21,2024-12-16,330,144.69714285714286,0.9034907597535934,7.747727272727273,3363.22
CUST_04650,5,30,5204.26,5,5,5,555,Champions,2023-06-30,2024-12-27,546,173.47533333333334,1.4948665297741273,20.06868131868132,10444.26
CUST_04651,292,6,954.62,3,2,2,322,Need Attention,2023-04-29,2024-03-15,321,159.10333333333332,0.8788501026694046,6.827102803738318,3258.64
CUST_04652,515,6,1315.51,2,2,3,223,Hibernating,2022-09-17,2023-08-05,322,219.25166666666667,0.8815879534565366,6.805900621118012,4476.62
CUST_04653,77,10,1387.6799999999998,4,3,3,433,Potential Loyalists,2023-01-04,2024-10-16,651,138.76799999999997,1.782340862422998,5.610599078341014,2335.71
CUST_04654,9,22,4376.8099999999995,5,5,5,555,Champions,2024-01-31,2024-12-23,327,198.94590909090905,0.8952772073921971,24.573394495412845,14666.33
CUST_04655,71,31,8412.66,4,5,5,455,Champions,2023-04-23,2024-10-22,548,271.37612903225806,1.5003422313483916,20.661952554744524,16821.48
CUST_04656,444,5,489.77,2,2,2,222,Hibernating,2023-02-12,2023-10-15,245,97.954,0.6707734428473648,7.454081632653061,2190.47
CUST_04657,881,1,13.29,1,1,1,111,Hibernating,2022-08-04,2022-08-04,0,13.29,0.08213552361396304,12.175,485.42
CUST_04658,350,4,149.19,2,2,1,221,Hibernating,2023-07-10,2024-01-17,191,37.2975,0.5229295003422314,7.649214659685863,855.89
CUST_04659,651,3,641.02,1,1,2,112,Hibernating,2022-09-04,2023-03-22,199,213.67333333333332,0.5448323066392882,5.506281407035176,3529.64
CUST_04660,328,15,2091.53,3,4,4,344,Loyal Customers,2022-07-08,2024-02-08,580,139.43533333333335,1.5879534565366187,9.446120689655173,3951.37
CUST_04661,390,8,1090.99,2,3,3,233,At Risk,2022-08-31,2023-12-08,464,136.37375,1.270362765229295,6.297413793103448,2576.41
CUST_04662,631,4,361.32000000000005,1,2,1,121,Hibernating,2022-09-30,2023-04-11,193,90.33000000000001,0.5284052019164955,7.569948186528498,2051.38
CUST_04663,23,27,6011.51,5,5,5,555,Champions,2023-08-20,2024-12-09,477,222.64851851851853,1.3059548254620124,20.67452830188679,13809.46
CUST_04664,109,9,1127.49,4,3,3,433,Potential Loyalists,2023-02-21,2024-09-14,571,125.27666666666667,1.5633127994524298,5.757005253940456,2163.66
CUST_04665,325,1,80.52,3,1,1,311,Need Attention,2024-02-11,2024-02-11,0,80.52,0.08213552361396304,12.175,2940.99
CUST_04666,571,5,450.89,1,2,2,122,Hibernating,2022-08-24,2023-06-10,290,90.178,0.7939767282683093,6.297413793103448,1703.66
CUST_04667,5,9,1488.26,5,3,3,533,Potential Loyalists,2023-06-02,2024-12-27,574,165.36222222222221,1.571526351813826,5.726916376306621,2841.05
CUST_04668,314,3,232.75,3,1,1,311,Need Attention,2023-10-08,2024-02-22,137,77.58333333333333,0.3750855578370979,7.998175182481751,1861.58
CUST_04669,448,29,6958.32,2,5,5,255,Cannot Lose Them,2022-03-08,2023-10-11,582,239.94206896551722,1.593429158110883,18.199742268041238,13100.65
CUST_04670,251,6,1133.02,3,2,3,323,Need Attention,2023-07-10,2024-04-25,290,188.83666666666667,0.7939767282683093,7.556896551724138,4281.06
CUST_04671,426,10,1292.4,2,3,3,233,At Risk,2022-04-15,2023-11-02,566,129.24,1.5496235455167693,6.453180212014135,2502.03
CUST_04672,178,40,8049.79,4,5,5,455,Champions,2022-08-12,2024-07-07,695,201.24475,1.9028062970568105,21.02158273381295,12691.45
CUST_04673,338,28,5565.11,3,5,5,355,Loyal Customers,2022-09-15,2024-01-29,501,198.75392857142856,1.3716632443531827,20.413173652694613,12171.6
CUST_04674,30,17,2837.47,5,4,4,544,Champions,2023-03-22,2024-12-02,621,166.91,1.700205338809035,9.9987922705314,5006.7
CUST_04675,465,11,2069.2,2,4,4,244,Cannot Lose Them,2022-08-04,2023-09-24,416,188.1090909090909,1.1389459274469542,9.658052884615383,5450.3
CUST_04676,403,31,6479.18,2,5,5,255,Cannot Lose Them,2022-05-10,2023-11-25,564,209.00580645161293,1.5441478439425051,20.075797872340424,12587.87
CUST_04677,29,10,1474.21,5,3,3,533,Potential Loyalists,2023-11-18,2024-12-03,381,147.421,1.0431211498973305,9.586614173228348,4239.8
CUST_04678,547,1,8.99,1,1,1,111,Hibernating,2023-07-04,2023-07-04,0,8.99,0.08213552361396304,12.175,328.36
CUST_04679,345,11,1272.6399999999999,2,4,3,243,Loyal Customers,2022-12-24,2024-01-22,394,115.69454545454545,1.0787132101300478,10.197335025380712,3539.33
CUST_04680,280,28,6219.18,3,5,5,355,Loyal Customers,2022-10-30,2024-03-27,514,222.11357142857145,1.4072553045859,19.896887159533076,13258.11
CUST_04681,334,24,6433.75,3,5,5,355,Loyal Customers,2022-10-03,2024-02-02,487,268.0729166666667,1.3333333333333333,18.0,14475.94
CUST_04682,585,1,13.75,1,1,1,111,Hibernating,2023-05-27,2023-05-27,0,13.75,0.08213552361396304,12.175,502.22
CUST_04683,779,16,2329.98,1,4,4,144,Cannot Lose Them,2022-02-11,2022-11-14,276,145.62375,0.75564681724846,21.17391304347826,9250.27
CUST_04684,17,15,2484.21,5,4,4,544,Champions,2023-08-08,2024-12-15,495,165.614,1.3552361396303902,11.068181818181817,5499.14
CUST_04685,314,1,97.61,3,1,1,311,Need Attention,2024-02-22,2024-02-22,0,97.61,0.08213552361396304,12.175,3565.21
CUST_04686,484,6,663.81,2,2,2,222,Hibernating,2022-09-08,2023-09-05,362,110.63499999999999,0.9911019849418207,6.053867403314917,2009.31
CUST_04687,469,16,3536.15,2,4,5,245,Cannot Lose Them,2022-11-06,2023-09-20,318,221.009375,0.8706365503080082,18.37735849056604,12184.71
CUST_04688,148,38,7668.08,4,5,5,455,Champions,2022-08-19,2024-08-06,718,201.7915789473684,1.9657768651608487,19.330779944289695,11702.37
CUST_04689,532,3,347.04,1,1,1,111,Hibernating,2022-11-13,2023-07-19,248,115.68,0.6789869952087612,4.418346774193548,1533.34
CUST_04690,10,27,7466.44,5,5,5,555,Champions,2023-08-04,2024-12-22,506,276.5348148148148,1.3853524982888432,19.489624505928855,16168.68
CUST_04691,215,1,214.15,3,1,1,311,Need Attention,2024-05-31,2024-05-31,0,214.15,0.08213552361396304,12.175,7821.83
CUST_04692,767,3,552.65,1,1,2,112,Hibernating,2022-05-26,2022-11-26,184,184.21666666666667,0.5037645448323066,5.955163043478262,3291.12
CUST_04693,293,19,4130.64,3,5,5,355,Loyal Customers,2022-04-06,2024-03-14,708,217.40210526315792,1.9383983572895278,9.801906779661017,6392.87
CUST_04694,7,15,2241.88,5,4,4,544,Champions,2023-06-22,2024-12-25,552,149.4586666666667,1.51129363449692,9.925271739130435,4450.25
CUST_04695,266,17,2942.36,3,4,4,344,Loyal Customers,2022-08-03,2024-04-10,616,173.08,1.6865160848733745,10.079951298701298,5233.91
CUST_04696,436,5,721.73,2,2,2,222,Hibernating,2023-01-18,2023-10-23,278,144.346,0.7611225188227242,6.569244604316546,2844.73
CUST_04697,735,2,140.3,1,1,1,111,Hibernating,2022-10-17,2022-12-28,72,70.15,0.1971252566735113,10.145833333333332,2135.19
CUST_04698,102,18,3927.91,4,5,5,455,Champions,2022-12-22,2024-09-21,639,218.2172222222222,1.7494866529774127,10.288732394366198,6735.54
CUST_04699,49,7,840.76,4,2,2,422,Potential Loyalists,2023-11-28,2024-11-13,351,120.10857142857142,0.9609856262833676,7.284188034188034,2624.68
CUST_04700,64,33,6512.6,4,5,5,455,Champions,2023-02-05,2024-10-29,632,197.35151515151517,1.730321697467488,19.071598101265824,11291.43
CUST_04701,12,20,3643.0499999999997,5,5,5,555,Champions,2022-07-23,2024-12-20,881,182.15249999999997,2.412046543463381,8.291713961407492,4531.07
CUST_04702,363,3,234.76999999999998,2,1,1,211,Hibernating,2023-06-24,2024-01-04,194,78.25666666666666,0.5311430527036276,5.648195876288661,1326.03
CUST_04703,532,2,64.13,1,1,1,111,Hibernating,2023-02-06,2023-07-19,163,32.065,0.4462696783025325,4.4815950920245395,431.11
CUST_04704,23,16,1790.6399999999999,5,4,3,543,Loyal Customers,2024-02-08,2024-12-09,305,111.91499999999999,0.8350444900752909,19.160655737704918,6433.09
CUST_04705,662,3,429.41999999999996,1,1,2,112,Hibernating,2022-06-24,2023-03-11,260,143.14,0.7118412046543463,4.214423076923077,1809.76
CUST_04706,151,19,3577.25,4,5,5,455,Champions,2023-08-28,2024-08-03,341,188.27631578947367,0.9336071184120466,20.35117302052786,11494.93
CUST_04707,20,8,1527.8,5,3,3,533,Potential Loyalists,2023-08-30,2024-12-12,470,190.975,1.2867898699520877,6.217021276595744,3561.89
CUST_04708,60,17,4394.0599999999995,4,4,5,445,Champions,2024-01-27,2024-11-02,280,258.4741176470588,0.7665982203969883,22.17589285714286,17195.68
CUST_04709,5,12,2440.63,5,4,4,544,Champions,2023-10-19,2024-12-27,435,203.38583333333335,1.1909650924024642,10.075862068965517,6147.86
CUST_04710,32,8,1647.53,5,3,3,533,Potential Loyalists,2024-03-04,2024-11-30,271,205.94125,0.7419575633127995,10.782287822878228,6661.55
CUST_04711,207,6,382.18,3,2,1,321,Need Attention,2023-06-25,2024-06-08,349,63.696666666666665,0.9555099247091033,6.2793696275071635,1199.92
CUST_04712,355,3,871.38,2,1,2,212,Hibernating,2023-07-15,2024-01-12,181,290.46,0.49555099247091033,6.053867403314917,5275.22
CUST_04713,12,15,2929.7000000000003,5,4,4,544,Champions,2023-06-07,2024-12-20,562,195.31333333333336,1.538672142368241,9.748665480427047,5712.13
CUST_04714,335,7,736.5500000000001,3,2,2,322,Need Attention,2023-02-10,2024-02-01,356,105.22142857142858,0.974674880219028,7.18188202247191,2267.06
CUST_04715,569,4,451.90000000000003,1,2,2,122,Hibernating,2022-12-09,2023-06-12,185,112.97500000000001,0.5065023956194388,7.897297297297297,2676.59
CUST_04716,26,34,8538.23,5,5,5,555,Champions,2023-03-20,2024-12-06,627,251.12441176470588,1.7166324435318274,19.80622009569378,14921.48
CUST_04717,80,19,3441.68,4,5,5,455,Champions,2022-10-05,2024-10-13,739,181.14105263157893,2.023271731690623,9.390730717185384,5103.14
CUST_04718,21,11,1828.23,5,4,4,544,Champions,2023-10-17,2024-12-11,421,166.2027272727273,1.1526351813826146,9.543349168646081,4758.39
CUST_04719,406,6,1359.42,2,2,3,223,Hibernating,2023-02-11,2023-11-22,284,226.57000000000002,0.7775496235455168,7.716549295774647,5245.02
CUST_04720,251,9,902.5600000000001,3,3,2,332,Need Attention,2022-11-11,2024-04-25,531,100.28444444444445,1.4537987679671458,6.190677966101695,1862.49
CUST_04721,44,19,3424.44,4,5,5,455,Champions,2022-10-14,2024-11-18,766,180.23368421052632,2.0971937029431897,9.059725848563968,4898.6
CUST_04722,809,2,284.24,1,1,1,111,Hibernating,2022-07-29,2022-10-15,78,142.12,0.2135523613963039,9.365384615384615,3993.03
CUST_04723,203,33,6642.14,3,5,5,355,Loyal Customers,2022-07-13,2024-06-12,700,201.2769696969697,1.9164955509924708,17.218928571428574,10397.32
CUST_04724,361,12,2011.85,2,4,4,244,Cannot Lose Them,2022-11-08,2024-01-06,424,167.65416666666667,1.160848733744011,10.337264150943396,5199.26
CUST_04725,737,4,1108.94,1,2,3,123,Hibernating,2022-06-29,2022-12-26,180,277.235,0.4928131416837782,8.116666666666667,6750.67
CUST_04726,579,6,989.31,1,2,3,123,Hibernating,2022-06-16,2023-06-02,351,164.885,0.9609856262833676,6.243589743589744,3088.42
CUST_04727,9,20,4255.2,5,5,5,555,Champions,2023-12-07,2024-12-23,382,212.76,1.0458590006844628,19.123036649214658,12205.85
CUST_04728,693,3,67.1,1,1,1,111,Hibernating,2022-08-23,2023-02-08,169,22.366666666666664,0.46269678302532513,6.483727810650888,435.06
CUST_04729,26,17,3798.99,5,4,5,545,Champions,2023-01-23,2024-12-06,683,223.47,1.8699520876112252,9.091142020497804,6094.79
CUST_04730,548,5,422.62,1,2,2,122,Hibernating,2022-11-08,2023-07-03,237,84.524,0.648870636550308,7.705696202531646,1953.95
CUST_04731,522,7,736.17,1,2,2,122,Hibernating,2022-06-20,2023-07-29,404,105.16714285714285,1.106091718001369,6.328589108910891,1996.68
CUST_04732,276,8,1450.29,3,3,3,333,Need Attention,2023-01-15,2024-03-31,441,181.28625,1.2073921971252566,6.625850340136055,3603.53
CUST_04733,648,2,209.22,1,1,1,111,Hibernating,2022-09-29,2023-03-25,177,104.61,0.48459958932238195,4.127118644067797,1295.21
CUST_04734,10,10,1403.84,5,3,3,533,Potential Loyalists,2023-03-25,2024-12-22,638,140.384,1.7467488021902806,5.724921630094044,2411.06
CUST_04735,138,3,146.68,4,1,1,411,New Customers,2023-12-26,2024-08-16,234,48.89333333333334,0.6406570841889117,4.682692307692308,686.86
CUST_04736,332,4,708.1800000000001,3,2,2,322,Need Attention,2023-07-06,2024-02-04,213,177.04500000000002,0.5831622176591376,6.859154929577465,3643.14
CUST_04737,233,1,89.18,3,1,1,311,Need Attention,2024-05-13,2024-05-13,0,89.18,0.08213552361396304,12.175,3257.3
CUST_04738,394,36,7832.17,2,5,5,255,Cannot Lose Them,2022-02-01,2023-12-04,671,217.56027777777777,1.83709787816564,19.59612518628912,12790.02
CUST_04739,51,36,7301.32,4,5,5,455,Champions,2023-03-22,2024-11-11,600,202.81444444444443,1.6427104722792607,21.915000000000003,13334.04
CUST_04740,26,8,892.87,5,3,2,532,Potential Loyalists,2023-09-24,2024-12-06,439,111.60875,1.2019164955509924,6.6560364464692485,2228.62
CUST_04741,162,9,1736.51,4,3,3,433,Potential Loyalists,2023-08-12,2024-07-23,346,192.94555555555556,0.947296372347707,9.500722543352602,5499.37
CUST_04742,1,31,7714.87,5,5,5,555,Champions,2023-06-03,2024-12-31,577,248.8667741935484,1.5797399041752225,19.623483535528596,14650.9
CUST_04743,60,21,5387.099999999999,4,5,5,455,Champions,2023-10-04,2024-11-02,395,256.5285714285714,1.08145106091718,19.41835443037975,14944.09
CUST_04744,324,23,3257.39,3,5,4,354,Loyal Customers,2022-12-02,2024-02-12,437,141.62565217391304,1.1964407939767283,19.223684210526315,8167.7
CUST_04745,4,28,5894.52,5,5,5,555,Champions,2023-08-27,2024-12-28,489,210.51857142857145,1.3388090349075976,20.914110429447852,13208.43
CUST_04746,809,4,366.49,1,2,1,121,Hibernating,2022-04-30,2022-10-15,168,91.6225,0.459958932238193,8.696428571428571,2390.37
CUST_04747,30,17,2646.11,5,4,4,544,Champions,2023-03-26,2024-12-02,617,155.6535294117647,1.6892539356605065,10.063614262560778,4699.31
CUST_04748,539,4,597.7,1,2,2,122,Hibernating,2022-12-21,2023-07-12,203,149.425,0.5557837097878165,7.197044334975369,3226.26
CUST_04749,13,21,4738.71,5,5,5,555,Champions,2023-12-07,2024-12-19,378,225.65285714285716,1.0349075975359343,20.291666666666668,13736.62
CUST_04750,53,9,1190.4,4,3,3,433,Potential Loyalists,2024-02-02,2024-11-09,281,132.26666666666668,0.7693360711841205,11.698398576512455,4641.92
CUST_04751,422,13,1884.8899999999999,2,4,4,244,Cannot Lose Them,2022-07-25,2023-11-06,469,144.99153846153845,1.2840520191649556,10.124200426439232,4403.77
CUST_04752,389,9,1320.49,2,3,3,233,At Risk,2022-08-08,2023-12-09,488,146.7211111111111,1.3360711841204653,6.736168032786885,2965.01
CUST_04753,12,33,7437.63,5,5,5,555,Champions,2023-05-11,2024-12-20,589,225.38272727272727,1.6125941136208077,20.463921901528014,13836.64
CUST_04754,188,8,1040.6299999999999,3,3,3,333,Need Attention,2023-03-15,2024-06-27,470,130.07874999999999,1.2867898699520877,6.217021276595744,2426.11
CUST_04755,518,10,1969.76,2,3,4,234,Cannot Lose Them,2022-08-08,2023-08-02,359,196.976,0.9828884325804244,10.174094707520892,6012.16
CUST_04756,93,32,6641.91,4,5,5,455,Champions,2023-05-15,2024-09-30,504,207.5596875,1.379876796714579,23.19047619047619,14440.22
CUST_04757,719,4,676.72,1,2,2,122,Hibernating,2022-07-09,2023-01-13,188,169.18,0.5147159479808351,7.7712765957446805,3944.23
CUST_04758,284,9,922.22,3,3,2,332,Need Attention,2022-10-14,2024-03-23,526,102.4688888888889,1.4401095140314852,6.2495247148288975,1921.15
CUST_04759,584,11,1899.77,1,4,4,144,Cannot Lose Them,2022-05-22,2023-05-28,371,172.70636363636365,1.0157426420260096,10.829514824797844,5610.98
CUST_04760,32,8,1649.07,5,3,3,533,Potential Loyalists,2023-10-07,2024-11-30,420,206.13375,1.1498973305954825,6.957142857142857,4302.31
CUST_04761,313,2,96.28999999999999,3,1,1,311,Need Attention,2023-10-23,2024-02-23,123,48.144999999999996,0.33675564681724846,5.939024390243903,857.8
CUST_04762,305,27,4637.25,3,5,5,355,Loyal Customers,2022-11-22,2024-03-02,466,171.75,1.2758384668035592,21.16255364806867,10904.01
CUST_04763,685,6,1156.9299999999998,1,2,3,123,Hibernating,2022-04-04,2023-02-16,318,192.82166666666663,0.8706365503080082,6.891509433962264,3986.5
CUST_04764,699,1,248.61,1,1,1,111,Hibernating,2023-02-02,2023-02-02,0,248.61,0.08213552361396304,12.175,9080.48
CUST_04765,225,39,8945.86,3,5,5,355,Loyal Customers,2022-05-12,2024-05-21,740,229.38102564102564,2.026009582477755,19.24966216216216,13246.52
CUST_04766,348,4,510.36,2,2,2,222,Hibernating,2023-06-20,2024-01-19,213,127.59,0.5831622176591376,6.859154929577465,2625.48
CUST_04767,91,36,5898.0599999999995,4,5,5,455,Champions,2022-11-06,2024-10-02,696,163.83499999999998,1.9055441478439425,18.892241379310345,9285.63
CUST_04768,412,8,1041.0800000000002,2,3,3,233,At Risk,2023-01-03,2023-11-16,317,130.13500000000002,0.8678986995208761,9.217665615141957,3598.62
CUST_04769,61,10,1477.16,4,3,3,433,Potential Loyalists,2023-03-05,2024-11-01,607,147.716,1.6618754277891854,6.017298187808897,2666.55
CUST_04770,600,5,329.28,1,2,1,121,Hibernating,2022-08-27,2023-05-12,258,65.856,0.7063655030800822,7.078488372093023,1398.48
CUST_04771,126,3,140.12,4,1,1,411,New Customers,2023-12-01,2024-08-28,271,46.70666666666667,0.7419575633127995,4.043357933579336,566.56
CUST_04772,304,38,8308.23,3,5,5,355,Loyal Customers,2022-05-06,2024-03-03,667,218.63763157894735,1.8261464750171115,20.808845577211397,13648.79
CUST_04773,541,1,27.32,1,1,1,111,Hibernating,2023-07-10,2023-07-10,0,27.32,0.08213552361396304,12.175,997.86
CUST_04774,399,9,999.4399999999999,2,3,3,233,At Risk,2022-08-08,2023-11-29,478,111.04888888888888,1.3086926762491444,6.877092050209205,2291.08
CUST_04775,152,27,5009.09,4,5,5,455,Champions,2023-05-02,2024-08-02,458,185.52185185185186,1.2539356605065024,21.532205240174672,11984.08
CUST_04776,507,13,2266.6,2,4,4,244,Cannot Lose Them,2022-03-14,2023-08-13,517,174.35384615384615,1.4154688569472964,9.184235976789168,4803.92
CUST_04777,373,8,1095.12,2,3,3,233,At Risk,2022-07-30,2023-12-25,513,136.89,1.404517453798768,5.695906432748538,2339.14
CUST_04778,276,7,1494.4,3,2,3,323,Need Attention,2023-03-18,2024-03-31,379,213.4857142857143,1.0376454483230664,6.746042216358839,4320.55
CUST_04779,119,12,1122.65,4,4,3,443,Loyal Customers,2023-05-02,2024-09-04,491,93.55416666666667,1.3442847364818618,8.926680244399185,2505.38
CUST_04780,10,17,2703.01,5,4,4,544,Champions,2023-05-30,2024-12-22,572,159.00058823529412,1.566050650239562,10.855332167832168,5178.01
CUST_04781,7,13,1854.63,5,4,4,544,Champions,2023-08-03,2024-12-25,510,142.66384615384615,1.3963039014373717,9.310294117647059,3984.73
CUST_04782,615,4,225.12,1,2,1,121,Hibernating,2022-09-08,2023-04-27,231,56.28,0.6324435318275154,6.324675324675324,1067.86
CUST_04783,15,5,381.32,5,2,1,521,Potential Loyalists,2024-02-24,2024-12-17,297,76.264,0.813141683778234,6.1489898989899,1406.84
CUST_04784,87,18,2807.25,4,5,4,454,Champions,2022-10-01,2024-10-06,736,155.95833333333334,2.0150581793292264,8.932744565217392,4179.41
CUST_04785,162,2,178.19,4,1,1,411,New Customers,2024-04-23,2024-07-23,91,89.095,0.24914442162902123,8.027472527472527,2145.62
CUST_04786,220,27,7424.1,3,5,5,355,Loyal Customers,2023-01-27,2024-05-26,485,274.9666666666667,1.3278576317590691,20.333505154639177,16773.11
CUST_04787,164,12,2119.19,4,4,4,444,Champions,2023-06-29,2024-07-21,388,176.59916666666666,1.0622861054072552,11.296391752577321,5984.8
CUST_04788,161,13,2136.0,4,4,4,444,Champions,2023-04-06,2024-07-24,475,164.30769230769232,1.3004791238877482,9.996315789473684,4927.41
CUST_04789,810,3,307.43,1,1,1,111,Hibernating,2022-04-20,2022-10-14,177,102.47666666666667,0.48459958932238195,6.190677966101695,1903.2
CUST_04790,51,17,2796.02,4,4,4,444,Champions,2022-12-17,2024-11-11,695,164.47176470588235,1.9028062970568105,8.934172661870504,4408.26
CUST_04791,34,13,2698.51,5,4,4,544,Champions,2023-10-19,2024-11-28,406,207.57769230769233,1.111567419575633,11.695197044334975,7282.99
CUST_04792,14,20,4927.97,5,5,5,555,Champions,2024-01-25,2024-12-18,328,246.3985,0.8980150581793293,22.271341463414632,16462.88
CUST_04793,229,25,4906.79,3,5,5,355,Loyal Customers,2023-03-15,2024-05-17,429,196.2716,1.1745379876796715,21.284965034965033,12532.9
CUST_04794,451,1,295.76,2,1,1,211,Hibernating,2023-10-08,2023-10-08,0,295.76,0.08213552361396304,12.175,10802.63
CUST_04795,107,9,1447.52,4,3,3,433,Potential Loyalists,2023-05-25,2024-09-16,480,160.83555555555554,1.3141683778234086,6.8484375,3304.42
CUST_04796,130,15,2930.44,4,4,4,444,Champions,2023-11-01,2024-08-24,297,195.36266666666668,0.813141683778234,18.4469696969697,10811.55
CUST_04797,442,5,539.08,2,2,2,222,Hibernating,2023-01-08,2023-10-17,282,107.816,0.7720739219712526,6.476063829787234,2094.67
CUST_04798,354,13,2567.14,2,4,4,244,Cannot Lose Them,2022-08-31,2024-01-13,500,197.47230769230768,1.3689253935660506,9.496500000000001,5625.89
CUST_04799,1,28,6608.88,5,5,5,555,Champions,2023-07-11,2024-12-31,539,236.03142857142856,1.4757015742642026,18.974025974025974,13435.4
CUST_04800,120,15,5210.2,4,4,5,445,Champions,2023-11-26,2024-09-03,282,347.34666666666664,0.7720739219712526,19.4281914893617,20244.95
CUST_04801,97,20,5167.24,4,5,5,455,Champions,2023-09-25,2024-09-26,367,258.36199999999997,1.0047912388774811,19.904632152588558,15427.8
CUST_04802,26,11,2061.9,5,4,4,544,Champions,2023-09-29,2024-12-06,434,187.44545454545457,1.1882272416153319,9.257488479262673,5205.82
CUST_04803,592,1,219.03,1,1,1,111,Hibernating,2023-05-20,2023-05-20,0,219.03,0.08213552361396304,12.175,8000.07
CUST_04804,18,12,1854.7199999999998,5,4,4,544,Champions,2023-10-12,2024-12-14,429,154.55999999999997,1.1745379876796715,10.216783216783217,4737.32
CUST_04805,8,18,3930.18,5,5,5,555,Champions,2023-04-13,2024-12-24,621,218.34333333333333,1.700205338809035,10.586956521739129,6934.77
CUST_04806,354,3,361.9,2,1,1,211,Hibernating,2023-08-18,2024-01-13,148,120.63333333333333,0.405201916495551,7.403716216216217,2679.4
CUST_04807,62,11,2294.07,4,4,4,444,Champions,2023-08-29,2024-10-31,429,208.5518181818182,1.1745379876796715,9.365384615384615,5859.5
CUST_04808,40,8,1068.3,5,3,3,533,Potential Loyalists,2023-08-26,2024-11-22,454,133.5375,1.242984257357974,6.436123348017621,2578.39
CUST_04809,311,28,5392.45,3,5,5,355,Loyal Customers,2022-10-25,2024-02-25,488,192.5875,1.3360711841204653,20.956967213114755,12108.15
CUST_04810,420,2,294.53,2,1,1,211,Hibernating,2023-07-04,2023-11-08,127,147.265,0.34770704996577684,5.751968503937008,2541.19
CUST_04811,237,22,4500.26,3,5,5,355,Loyal Customers,2023-04-14,2024-05-09,391,204.55727272727273,1.0704996577686516,20.551150895140665,12611.66
CUST_04812,54,9,912.47,4,3,2,432,Potential Loyalists,2024-01-25,2024-11-08,288,101.38555555555556,0.7885010266940452,11.4140625,3471.66
CUST_04813,520,2,228.92000000000002,1,1,1,111,Hibernating,2023-05-31,2023-07-31,61,114.46000000000001,0.16700889801505817,11.975409836065575,4112.12
CUST_04814,5,24,4543.17,5,5,5,555,Champions,2023-11-01,2024-12-27,422,189.29875,1.1553730321697468,20.77251184834123,11796.63
CUST_04815,509,10,1699.28,2,3,3,233,At Risk,2022-09-06,2023-08-11,339,169.928,0.9281314168377823,10.774336283185841,5492.58
CUST_04816,375,13,2888.28,2,4,4,244,Cannot Lose Them,2022-09-15,2023-12-23,464,222.17538461538464,1.270362765229295,10.233297413793103,6820.76
CUST_04817,67,6,1358.69,4,2,3,423,Potential Loyalists,2023-12-18,2024-10-26,313,226.44833333333335,0.8569472963723477,7.001597444089457,4756.5
CUST_04818,578,3,241.89,1,1,1,111,Hibernating,2022-11-26,2023-06-03,189,80.63,0.5174537987679672,5.7976190476190474,1402.39
CUST_04819,604,5,1212.4,1,2,3,123,Hibernating,2022-09-15,2023-05-08,235,242.48000000000002,0.6433949349760438,7.7712765957446805,5653.14
CUST_04820,70,5,665.23,4,2,2,422,Potential Loyalists,2024-02-21,2024-10-23,245,133.046,0.6707734428473648,7.454081632653061,2975.21
CUST_04821,381,18,2032.15,2,5,4,254,Cannot Lose Them,2022-03-21,2023-12-17,636,112.89722222222223,1.7412731006160165,10.337264150943396,3501.15
CUST_04822,305,2,212.44,3,1,1,311,Need Attention,2023-09-12,2024-03-02,172,106.22,0.47091033538672145,4.247093023255814,1353.38
CUST_04823,81,10,1944.02,4,3,4,434,Potential Loyalists,2023-02-20,2024-10-12,600,194.402,1.6427104722792607,6.0875,3550.27
CUST_04824,353,5,450.3,2,2,2,222,Hibernating,2023-06-05,2024-01-14,223,90.06,0.6105407255304586,8.189461883408072,2212.63
CUST_04825,218,1,174.9,3,1,1,311,Need Attention,2024-05-28,2024-05-28,0,174.9,0.08213552361396304,12.175,6388.22
CUST_04826,579,12,2959.94,1,4,4,144,Cannot Lose Them,2022-03-15,2023-06-02,444,246.66166666666666,1.215605749486653,9.871621621621621,7304.85
CUST_04827,320,9,1335.89,3,3,3,333,Need Attention,2022-07-21,2024-02-16,575,148.43222222222224,1.5742642026009583,5.71695652173913,2545.74
CUST_04828,14,9,1105.71,5,3,3,533,Potential Loyalists,2023-12-10,2024-12-18,374,122.85666666666667,1.0239561943874058,8.789438502673798,3239.52
CUST_04829,168,4,385.63,4,2,1,421,Potential Loyalists,2024-01-17,2024-07-17,182,96.4075,0.49828884325804246,8.027472527472527,2321.73
CUST_04830,421,15,3306.4599999999996,2,4,4,244,Cannot Lose Them,2022-07-03,2023-11-07,492,220.43066666666664,1.3470225872689938,11.135670731707318,7363.93
CUST_04831,904,1,82.51,1,1,1,111,Hibernating,2022-07-12,2022-07-12,0,82.51,0.08213552361396304,12.175,3013.68
CUST_04832,525,12,2124.82,1,4,4,144,Cannot Lose Them,2022-06-27,2023-07-26,394,177.06833333333336,1.0787132101300478,11.124365482233504,5909.32
CUST_04833,566,7,728.86,1,2,2,122,Hibernating,2022-05-18,2023-06-15,393,104.12285714285714,1.0759753593429158,6.505725190839695,2032.18
CUST_04834,192,16,4848.88,3,4,5,345,Loyal Customers,2023-10-17,2024-06-23,250,303.055,0.6844626967830253,23.376,21252.64
CUST_04835,23,12,1941.4199999999998,5,4,4,544,Champions,2023-09-24,2024-12-09,442,161.785,1.2101300479123889,9.91628959276018,4812.92
CUST_04836,608,5,475.83,1,2,2,122,Hibernating,2022-08-22,2023-05-04,255,95.166,0.6981519507186859,7.161764705882352,2044.67
CUST_04837,207,16,3017.5,3,4,4,344,Loyal Customers,2022-09-17,2024-06-08,630,188.59375,1.7248459958932238,9.276190476190475,5248.29
CUST_04838,64,5,801.59,4,2,2,422,Potential Loyalists,2024-02-12,2024-10-29,260,160.318,0.7118412046543463,7.024038461538462,3378.24
CUST_04839,430,3,510.70000000000005,2,1,2,212,Hibernating,2023-01-23,2023-10-29,279,170.23333333333335,0.7638603696098563,3.9274193548387095,2005.73
CUST_04840,48,8,1535.25,4,3,3,433,Potential Loyalists,2024-03-15,2024-11-14,244,191.90625,0.6680355920602327,11.975409836065575,6894.47
CUST_04841,548,5,558.28,1,2,2,122,Hibernating,2022-10-10,2023-07-03,266,111.65599999999999,0.7282683093771389,6.8656015037593985,2299.76
CUST_04842,30,10,1549.46,5,3,3,533,Potential Loyalists,2023-11-24,2024-12-02,374,154.946,1.0239561943874058,9.766042780748664,4539.63
CUST_04843,54,8,1276.98,4,3,3,433,Potential Loyalists,2023-08-15,2024-11-08,451,159.6225,1.2347707049965777,6.478935698447893,3102.55
CUST_04844,644,8,806.1600000000001,1,3,2,132,At Risk,2022-05-22,2023-03-29,311,100.77000000000001,0.8514715947980835,9.395498392282958,2840.35
CUST_04845,561,25,5251.18,1,5,5,155,Cannot Lose Them,2022-03-14,2023-06-20,463,210.0472,1.267624914442163,19.721922246220302,12427.6
CUST_04846,487,4,238.13,2,2,1,221,Hibernating,2023-03-25,2023-09-02,161,59.5325,0.4407939767282683,9.074534161490684,1620.69
CUST_04847,288,8,963.42,3,3,2,332,Need Attention,2023-02-16,2024-03-19,397,120.4275,1.0869267624914443,7.3602015113350125,2659.11
CUST_04848,244,16,2915.31,3,4,4,344,Loyal Customers,2022-07-18,2024-05-02,654,182.206875,1.7905544147843941,8.935779816513762,4884.48
CUST_04849,436,2,270.28,2,1,1,211,Hibernating,2023-07-25,2023-10-23,90,135.14,0.2464065708418891,8.116666666666667,3290.66
CUST_04850,2,18,3358.93,5,5,4,554,Champions,2024-01-15,2024-12-30,350,186.60722222222222,0.9582477754962354,18.784285714285716,10515.85
CUST_04851,86,18,2653.52,4,5,4,454,Champions,2022-09-28,2024-10-07,740,147.4177777777778,2.026009582477755,8.884459459459459,3929.18
CUST_04852,6,9,1650.73,5,3,3,533,Potential Loyalists,2023-12-17,2024-12-26,375,183.41444444444446,1.0266940451745379,8.766,4823.43
CUST_04853,66,14,1743.4,4,4,3,443,Loyal Customers,2023-05-12,2024-10-27,534,124.52857142857144,1.462012320328542,9.575842696629215,3577.4
CUST_04854,674,3,194.67,1,1,1,111,Hibernating,2022-04-21,2023-02-27,312,64.89,0.8542094455852156,3.512019230769231,683.68
CUST_04855,9,6,802.0,5,2,2,522,Potential Loyalists,2024-01-12,2024-12-23,346,133.66666666666666,0.947296372347707,6.333815028901734,2539.86
CUST_04856,327,2,140.12,3,1,1,311,Need Attention,2023-08-30,2024-02-09,163,70.06,0.4462696783025325,4.4815950920245395,941.94
CUST_04857,3,10,1482.09,5,3,3,533,Potential Loyalists,2023-11-11,2024-12-29,414,148.209,1.1334702258726899,8.822463768115943,3922.71
CUST_04858,195,18,5602.96,3,5,5,355,Loyal Customers,2023-07-31,2024-06-20,325,311.27555555555557,0.8898015058179329,20.229230769230767,18890.6
CUST_04859,46,7,791.9300000000001,4,2,2,422,Potential Loyalists,2023-10-13,2024-11-16,400,113.13285714285715,1.0951403148528405,6.391875000000001,2169.39
CUST_04860,587,6,1014.8399999999999,1,2,3,123,Hibernating,2022-06-12,2023-05-25,347,169.14,0.9500342231348392,6.315561959654178,3204.64
CUST_04861,346,8,1378.1399999999999,2,3,3,233,At Risk,2023-06-13,2024-01-21,222,172.26749999999998,0.6078028747433265,13.162162162162161,6802.24
CUST_04862,654,8,1436.36,1,3,3,133,At Risk,2022-04-19,2023-03-19,334,179.545,0.9144421629021219,8.748502994011975,4712.25
CUST_04863,457,23,6074.95,2,5,5,255,Cannot Lose Them,2022-09-01,2023-10-02,396,264.1282608695652,1.0841889117043122,21.21401515151515,16809.66
CUST_04864,407,15,3137.89,2,4,4,244,Cannot Lose Them,2022-05-07,2023-11-21,563,209.19266666666667,1.541409993155373,9.731349911190053,6107.18
CUST_04865,29,35,10301.52,5,5,5,555,Champions,2023-05-04,2024-12-03,579,294.32914285714287,1.5852156057494866,22.07901554404145,19495.49
CUST_04866,433,3,454.48,2,1,2,212,Hibernating,2023-04-10,2023-10-26,199,151.49333333333334,0.5448323066392882,5.506281407035176,2502.49
CUST_04867,33,17,2472.51,5,4,4,544,Champions,2023-05-27,2024-11-29,552,145.44176470588238,1.51129363449692,11.248641304347826,4908.07
CUST_04868,711,1,39.35,1,1,1,111,Hibernating,2023-01-21,2023-01-21,0,39.35,0.08213552361396304,12.175,1437.26
CUST_04869,33,5,322.57,5,2,1,521,Potential Loyalists,2024-02-08,2024-11-29,295,64.514,0.8076659822039699,6.190677966101695,1198.16
CUST_04870,583,1,228.5,1,1,1,111,Hibernating,2023-05-29,2023-05-29,0,228.5,0.08213552361396304,12.175,8345.96
CUST_04871,573,2,394.18,1,1,1,111,Hibernating,2023-04-08,2023-06-08,61,197.09,0.16700889801505817,11.975409836065575,7080.7
CUST_04872,203,5,540.14,3,2,2,322,Need Attention,2023-11-04,2024-06-12,221,108.02799999999999,0.6050650239561944,8.263574660633484,2678.09
CUST_04873,14,25,5209.39,5,5,5,555,Champions,2023-10-10,2024-12-18,435,208.37560000000002,1.1909650924024642,20.991379310344826,13122.27
CUST_04874,418,3,300.08,2,1,1,211,Hibernating,2023-05-12,2023-11-10,182,100.02666666666666,0.49828884325804246,6.020604395604395,1806.66
CUST_04875,238,12,2836.06,3,4,4,344,Loyal Customers,2023-04-29,2024-05-08,375,236.33833333333334,1.0266940451745379,11.688,8286.97
CUST_04876,32,9,1443.3899999999999,5,3,3,533,Potential Loyalists,2024-02-29,2024-11-30,275,160.37666666666667,0.7529089664613279,11.953636363636363,5751.25
CUST_04877,445,28,5481.52,2,5,5,255,Cannot Lose Them,2022-07-12,2023-10-14,459,195.76857142857145,1.2566735112936345,22.281045751633986,13085.79
CUST_04878,387,34,10890.92,2,5,5,255,Cannot Lose Them,2022-03-21,2023-12-11,630,320.3211764705882,1.7248459958932238,19.711904761904762,18942.42
CUST_04879,155,4,788.8100000000001,4,2,2,422,Potential Loyalists,2024-02-13,2024-07-30,168,197.20250000000001,0.459958932238193,8.696428571428571,5144.87
CUST_04880,222,9,1604.95,3,3,3,333,Need Attention,2023-01-01,2024-05-24,509,178.32777777777778,1.3935660506502396,6.458251473477406,3455.06
CUST_04881,15,16,2461.34,5,4,4,544,Champions,2023-06-06,2024-12-17,560,153.83375,1.5331964407939767,10.435714285714287,4816.1
CUST_04882,222,2,210.94,3,1,1,311,Need Attention,2024-02-08,2024-05-24,106,105.47,0.29021218343600275,6.891509433962264,2180.54
CUST_04883,268,8,1042.68,3,3,3,333,Need Attention,2023-02-10,2024-04-08,423,130.335,1.158110882956879,6.907801418439716,2700.98
CUST_04884,8,10,2483.78,5,3,4,534,Potential Loyalists,2023-12-20,2024-12-24,370,248.37800000000001,1.0130047912388775,9.871621621621621,7355.68
CUST_04885,128,36,8610.6,4,5,5,455,Champions,2022-11-18,2024-08-26,647,239.18333333333334,1.7713894592744694,20.323029366306027,14582.79
CUST_04886,648,4,664.3000000000001,1,2,2,122,Hibernating,2022-10-01,2023-03-25,175,166.07500000000002,0.4791238877481177,8.348571428571429,4159.47
CUST_04887,10,12,1426.06,5,4,3,543,Loyal Customers,2023-09-06,2024-12-22,473,118.83833333333332,1.2950034223134839,9.266384778012686,3303.61
CUST_04888,243,3,365.90999999999997,3,1,1,311,Need Attention,2023-09-15,2024-05-03,231,121.96999999999998,0.6324435318275154,4.7435064935064934,1735.7
CUST_04889,257,5,791.7,3,2,2,322,Need Attention,2023-08-01,2024-04-19,262,158.34,0.7173169062286106,6.970419847328245,3311.09
CUST_04890,214,31,5831.73,3,5,5,355,Loyal Customers,2022-10-23,2024-06-01,587,188.12032258064514,1.6071184120465434,19.289182282793867,10886.06
CUST_04891,156,16,2670.8399999999997,4,4,4,444,Champions,2023-02-09,2024-07-29,536,166.92749999999998,1.4674880219028064,10.902985074626866,5460.02
CUST_04892,40,5,530.39,5,2,2,522,Potential Loyalists,2024-03-23,2024-11-22,244,106.078,0.6680355920602327,7.484631147540984,2381.86
CUST_04893,289,27,6890.49,3,5,5,355,Loyal Customers,2022-12-06,2024-03-18,468,255.20333333333332,1.2813141683778233,21.072115384615387,16133.02
CUST_04894,465,21,3807.13,2,5,5,255,Cannot Lose Them,2022-10-15,2023-09-24,344,181.29190476190476,0.9418206707734429,22.297238372093023,12126.93
CUST_04895,279,4,594.82,3,2,2,322,Need Attention,2023-09-11,2024-03-28,199,148.705,0.5448323066392882,7.341708542713568,3275.25
CUST_04896,38,7,1500.41,5,2,3,523,Potential Loyalists,2023-11-19,2024-11-24,371,214.34428571428572,1.0157426420260096,6.891509433962264,4431.47
CUST_04897,8,29,4126.85,5,5,5,555,Champions,2023-08-13,2024-12-24,499,142.30517241379312,1.3661875427789185,21.22695390781563,9062.12
CUST_04898,7,7,460.27,5,2,2,522,Potential Loyalists,2024-02-06,2024-12-25,323,65.75285714285714,0.8843258042436687,7.915634674922601,1561.43
CUST_04899,5,20,3348.25,5,5,4,554,Champions,2024-01-26,2024-12-27,336,167.4125,0.919917864476386,21.74107142857143,10919.18
CUST_04900,394,10,1588.25,2,3,3,233,At Risk,2022-10-04,2023-12-04,426,158.825,1.1663244353182751,8.573943661971832,4085.27
CUST_04901,646,1,73.52,1,1,1,111,Hibernating,2023-03-27,2023-03-27,0,73.52,0.08213552361396304,12.175,2685.32
CUST_04902,297,9,695.14,3,3,2,332,Need Attention,2022-10-02,2024-03-10,525,77.23777777777778,1.4373716632443532,6.261428571428572,1450.86
CUST_04903,462,2,244.96999999999997,2,1,1,211,Hibernating,2023-07-03,2023-09-27,86,122.48499999999999,0.23545516769336072,8.494186046511627,3121.23
CUST_04904,5,33,8445.94,5,5,5,555,Champions,2023-05-09,2024-12-27,598,255.9375757575758,1.6372347707049966,20.1559364548495,15475.98
CUST_04905,539,6,1474.15,1,2,3,123,Hibernating,2022-08-14,2023-07-12,332,245.6916666666667,0.9089664613278576,6.600903614457831,4865.36
CUST_04906,367,14,3012.06,2,4,4,244,Cannot Lose Them,2022-07-24,2023-12-31,525,215.14714285714285,1.4373716632443532,9.74,6286.6
CUST_04907,749,6,1273.12,1,2,3,123,Hibernating,2022-02-15,2022-12-14,302,212.18666666666664,0.8268309377138946,7.256622516556291,4619.28
CUST_04908,542,4,271.42,1,2,1,121,Hibernating,2023-01-12,2023-07-09,178,67.855,0.487337440109514,8.207865168539326,1670.83
CUST_04909,715,2,33.17,1,1,1,111,Hibernating,2022-08-02,2023-01-17,168,16.585,0.459958932238193,4.348214285714286,216.35
CUST_04910,273,13,1807.85,3,4,4,344,Loyal Customers,2023-01-05,2024-04-03,454,139.0653846153846,1.242984257357974,10.458700440528634,4363.33
CUST_04911,236,19,3129.93,3,5,4,354,Loyal Customers,2023-07-08,2024-05-10,307,164.73315789473682,0.840520191649555,22.605048859934854,11171.4
CUST_04912,313,10,1164.65,3,3,3,333,Need Attention,2022-05-03,2024-02-23,661,116.465,1.809719370294319,5.52571860816944,1930.66
CUST_04913,135,18,3831.12,4,5,5,455,Champions,2022-10-04,2024-08-19,685,212.84,1.8754277891854894,9.597810218978102,6128.39
CUST_04914,260,2,351.12,3,1,1,311,Need Attention,2023-11-27,2024-04-16,141,175.56,0.3860369609856263,5.180851063829787,2728.65
CUST_04915,641,7,856.1,1,2,2,122,Hibernating,2022-02-24,2023-04-01,401,122.3,1.0978781656399725,6.3759351620947635,2339.33
CUST_04916,233,14,2277.93,3,4,4,344,Loyal Customers,2023-01-26,2024-05-13,473,162.7092857142857,1.2950034223134839,10.810782241014799,5277.04
CUST_04917,37,12,2042.6699999999998,5,4,4,544,Champions,2023-09-16,2024-11-25,436,170.2225,1.1937029431895962,10.052752293577981,5133.61
CUST_04918,527,12,2670.7400000000002,1,4,4,144,Cannot Lose Them,2022-04-07,2023-07-24,473,222.5616666666667,1.2950034223134839,9.266384778012686,6187.03
CUST_04919,650,1,57.55,1,1,1,111,Hibernating,2023-03-23,2023-03-23,0,57.55,0.08213552361396304,12.175,2102.01
CUST_04920,623,5,407.21999999999997,1,2,2,122,Hibernating,2022-07-30,2023-04-19,263,81.44399999999999,0.7200547570157426,6.943916349809887,1696.62
CUST_04921,695,4,360.07,1,2,1,121,Hibernating,2022-08-07,2023-02-06,183,90.0175,0.5010266940451745,7.983606557377049,2155.99
CUST_04922,893,1,156.54,1,1,1,111,Hibernating,2022-07-23,2022-07-23,0,156.54,0.08213552361396304,12.175,5717.62
CUST_04923,15,15,2055.75,5,4,4,544,Champions,2023-05-10,2024-12-17,587,137.05,1.6071184120465434,9.333475298126066,3837.46
CUST_04924,6,17,3982.3100000000004,5,4,5,545,Champions,2023-03-21,2024-12-26,646,234.25352941176473,1.7686516084873374,9.611842105263158,6754.82
CUST_04925,33,5,633.53,5,2,2,522,Potential Loyalists,2024-04-04,2024-11-29,239,126.70599999999999,0.6543463381245722,7.641213389121339,2904.56
CUST_04926,336,9,1291.44,3,3,3,333,Need Attention,2022-09-16,2024-01-31,502,143.49333333333334,1.374401095140315,6.548306772908366,2818.92
CUST_04927,43,8,782.28,5,3,2,532,Potential Loyalists,2023-08-10,2024-11-19,467,97.785,1.2785763175906912,6.256959314775161,1835.51
CUST_04928,8,14,2801.56,5,4,4,544,Champions,2023-07-04,2024-12-24,539,200.11142857142858,1.4757015742642026,9.487012987012987,5695.38
CUST_04929,114,6,872.73,4,2,2,422,Potential Loyalists,2023-10-18,2024-09-09,327,145.455,0.8952772073921971,6.701834862385321,2924.45
CUST_04930,29,6,535.48,5,2,2,522,Potential Loyalists,2024-02-26,2024-12-03,281,89.24666666666667,0.7693360711841205,7.7989323843416365,2088.09
CUST_04931,466,2,267.68,2,1,1,211,Hibernating,2023-05-30,2023-09-23,116,133.84,0.31759069130732376,6.297413793103448,2528.54
CUST_04932,10,11,1275.02,5,4,3,543,Loyal Customers,2023-11-05,2024-12-22,413,115.91090909090909,1.1307323750855578,9.728208232445521,3382.82
CUST_04933,248,19,3194.52,3,5,4,354,Loyal Customers,2022-04-07,2024-04-28,752,168.13263157894735,2.0588637919233403,9.228390957446807,4654.78
CUST_04934,485,1,168.52,2,1,1,211,Hibernating,2023-09-04,2023-09-04,0,168.52,0.08213552361396304,12.175,6155.19
CUST_04935,171,12,1344.27,4,4,3,443,Loyal Customers,2023-04-03,2024-07-14,468,112.0225,1.2813141683778233,9.365384615384617,3147.4
CUST_04936,287,5,624.8299999999999,3,2,2,322,Need Attention,2023-08-22,2024-03-20,211,124.96599999999998,0.5776865160848734,8.655213270142179,3244.82
CUST_04937,282,17,2992.38,3,4,4,344,Loyal Customers,2022-05-01,2024-03-25,694,176.02235294117648,1.9000684462696784,8.947046109510087,4724.64
CUST_04938,148,10,2032.54,4,3,4,434,Potential Loyalists,2022-10-10,2024-08-06,666,203.254,1.8234086242299794,5.4842342342342345,3344.08
CUST_04939,57,2,274.93,4,1,1,411,New Customers,2024-05-09,2024-11-05,180,137.465,0.4928131416837782,4.058333333333334,1673.64
CUST_04940,237,40,8496.19,3,5,5,355,Loyal Customers,2022-03-04,2024-05-09,797,212.40475,2.1820670773442847,18.33124215809285,11680.93
CUST_04941,331,37,7544.35,3,5,5,355,Loyal Customers,2022-02-26,2024-02-05,709,203.90135135135137,1.9411362080766599,19.061001410437235,11659.69
CUST_04942,149,8,1338.16,4,3,3,433,Potential Loyalists,2023-04-17,2024-08-05,476,167.27,1.3032169746748803,6.1386554621848735,3080.44
CUST_04943,843,2,385.45,1,1,1,111,Hibernating,2022-06-25,2022-09-11,78,192.725,0.2135523613963039,9.365384615384615,5414.83
CUST_04944,501,14,2337.22,2,4,4,244,Cannot Lose Them,2022-05-27,2023-08-19,449,166.9442857142857,1.2292950034223136,11.388641425389753,5703.81
CUST_04945,374,6,1314.03,2,2,3,223,Hibernating,2022-12-12,2023-12-24,377,219.005,1.0321697467488022,5.812997347480106,3819.23
CUST_04946,276,36,6936.2699999999995,3,5,5,355,Loyal Customers,2022-06-02,2024-03-31,668,192.67416666666665,1.8288843258042438,19.684131736526947,11377.87
CUST_04947,6,8,905.31,5,3,2,532,Potential Loyalists,2023-10-20,2024-12-26,433,113.16375,1.1854893908281998,6.748267898383372,2290.98
CUST_04948,536,4,926.8499999999999,1,2,2,122,Hibernating,2022-12-30,2023-07-15,197,231.71249999999998,0.5393566050650239,7.416243654822336,5155.31
CUST_04949,727,8,842.84,1,3,2,132,At Risk,2022-05-25,2023-01-05,225,105.355,0.6160164271047228,12.986666666666666,4104.63
CUST_04950,18,6,1423.47,5,2,3,523,Potential Loyalists,2023-12-04,2024-12-14,376,237.245,1.0294318959616702,5.82845744680851,4148.32
CUST_04951,44,9,1155.4,4,3,3,433,Potential Loyalists,2023-05-12,2024-11-18,556,128.3777777777778,1.5222450376454484,5.912320143884892,2277.03
CUST_04952,475,4,527.8,2,2,2,222,Hibernating,2023-03-08,2023-09-14,190,131.95,0.5201916495550992,7.689473684210527,3043.88
CUST_04953,60,15,2947.37,4,4,4,444,Champions,2023-06-05,2024-11-02,516,196.49133333333333,1.4127310061601643,10.617732558139535,6258.88
CUST_04954,3,9,1712.93,5,3,3,533,Potential Loyalists,2023-09-18,2024-12-29,468,190.32555555555555,1.2813141683778233,7.024038461538462,4010.56
CUST_04955,504,8,1524.55,2,3,3,233,At Risk,2022-12-10,2023-08-16,249,190.56875,0.6817248459958932,11.734939759036145,6708.94
CUST_04956,1,6,736.4100000000001,5,2,2,522,Potential Loyalists,2023-12-21,2024-12-31,376,122.73500000000001,1.0294318959616702,5.82845744680851,2146.07
CUST_04957,546,11,1629.34,1,4,3,143,Loyal Customers,2022-05-01,2023-07-05,430,148.12181818181818,1.1772758384668036,9.34360465116279,4151.98
CUST_04958,336,40,6612.57,3,5,5,355,Loyal Customers,2022-02-26,2024-01-31,704,165.31425,1.9274469541409993,20.75284090909091,10292.22
CUST_04959,752,4,409.73,1,2,2,122,Hibernating,2022-05-27,2022-12-11,198,102.4325,0.5420944558521561,7.378787878787878,2267.48
CUST_04960,13,31,5386.71,5,5,5,555,Champions,2023-06-06,2024-12-19,562,173.76483870967743,1.538672142368241,20.14724199288256,10502.65
CUST_04961,922,1,100.2,1,1,1,111,Hibernating,2022-06-24,2022-06-24,0,100.2,0.08213552361396304,12.175,3659.8
CUST_04962,12,26,5008.38,5,5,5,555,Champions,2023-10-17,2024-12-20,430,192.63,1.1772758384668036,22.084883720930232,12762.63
CUST_04963,446,10,741.62,2,3,2,232,At Risk,2022-03-06,2023-10-13,586,74.162,1.6043805612594113,6.232935153583618,1386.74
CUST_04964,221,9,1134.69,3,3,3,333,Need Attention,2022-11-28,2024-05-25,544,126.07666666666667,1.4893908281998631,6.0427389705882355,2285.55
CUST_04965,1,23,4088.88,5,5,5,555,Champions,2023-11-20,2024-12-31,407,177.77739130434784,1.1143052703627652,20.64066339066339,11008.33
CUST_04966,454,4,643.45,2,2,2,222,Hibernating,2023-02-26,2023-10-05,221,160.8625,0.6050650239561944,6.610859728506787,3190.32
CUST_04967,242,11,1811.8400000000001,3,4,4,344,Loyal Customers,2023-04-11,2024-05-04,389,164.71272727272728,1.0650239561943875,10.32840616966581,5103.66
CUST_04968,431,14,2194.22,2,4,4,244,Cannot Lose Them,2022-09-07,2023-10-28,416,156.73,1.1389459274469542,12.292067307692307,5779.61
CUST_04969,381,14,2715.12,2,4,4,244,Cannot Lose Them,2022-08-21,2023-12-17,483,193.93714285714285,1.322381930184805,10.58695652173913,6159.61
CUST_04970,7,17,3301.86,5,4,4,544,Champions,2024-02-22,2024-12-25,307,194.22705882352943,0.840520191649555,20.22557003257329,11785.06
CUST_04971,757,1,89.34,1,1,1,111,Hibernating,2022-12-06,2022-12-06,0,89.34,0.08213552361396304,12.175,3263.14
CUST_04972,72,9,1304.79,4,3,3,433,Potential Loyalists,2023-06-23,2024-10-21,486,144.97666666666666,1.3305954825462012,6.763888888888889,2941.82
CUST_04973,375,3,449.43,2,1,2,212,Hibernating,2023-04-30,2023-12-23,237,149.81,0.648870636550308,4.6234177215189876,2077.9
CUST_04974,44,11,3274.01,4,4,4,444,Champions,2023-11-22,2024-11-18,362,297.6372727272728,0.9911019849418207,11.098756906077348,9910.21
CUST_04975,341,28,4123.89,2,5,5,255,Cannot Lose Them,2022-07-22,2024-01-26,553,147.28178571428572,1.514031485284052,18.49367088607595,8171.34
CUST_04976,375,8,1484.96,2,3,3,233,At Risk,2022-10-07,2023-12-23,442,185.62,1.2101300479123889,6.610859728506787,3681.32
CUST_04977,183,3,257.66,4,1,1,411,New Customers,2024-01-06,2024-07-02,178,85.88666666666667,0.487337440109514,6.155898876404494,1586.13
CUST_04978,217,1,69.75,3,1,1,311,Need Attention,2024-05-29,2024-05-29,0,69.75,0.08213552361396304,12.175,2547.62
CUST_04979,3,20,3689.65,5,5,5,555,Champions,2023-11-26,2024-12-29,399,184.48250000000002,1.0924024640657084,18.30827067669173,10132.67
CUST_04980,70,5,714.04,4,2,2,422,Potential Loyalists,2024-01-06,2024-10-23,291,142.808,0.7967145790554415,6.275773195876289,2688.69
CUST_04981,367,8,1540.11,2,3,3,233,At Risk,2022-09-24,2023-12-31,463,192.51375,1.267624914442163,6.311015118790497,3644.87
CUST_04982,373,13,2354.14,2,4,4,244,Cannot Lose Them,2022-10-07,2023-12-25,444,181.0876923076923,1.215605749486653,10.694256756756756,5809.79
CUST_04983,48,6,763.2,4,2,2,422,Potential Loyalists,2024-02-06,2024-11-14,282,127.2,0.7720739219712526,7.7712765957446805,2965.52
CUST_04984,391,8,1247.01,2,3,3,233,At Risk,2023-02-06,2023-12-07,304,155.87625,0.8323066392881588,9.611842105263158,4494.77
CUST_04985,13,18,4054.92,5,5,5,555,Champions,2023-12-17,2024-12-19,368,225.27333333333334,1.0075290896646132,17.865489130434785,12073.85
CUST_04986,600,5,765.48,1,2,2,122,Hibernating,2022-09-06,2023-05-12,248,153.096,0.6789869952087612,7.36391129032258,3382.16
CUST_04987,515,4,182.51,2,2,1,221,Hibernating,2022-12-13,2023-08-05,235,45.6275,0.6433949349760438,6.217021276595744,851.0
CUST_04988,418,6,530.88,2,2,2,222,Hibernating,2022-11-13,2023-11-10,362,88.48,0.9911019849418207,6.053867403314917,1606.94
CUST_04989,706,22,4946.29,1,5,5,155,Cannot Lose Them,2022-02-28,2023-01-26,332,224.83136363636365,0.9089664613278576,24.20331325301205,16324.99
CUST_04990,173,6,896.74,4,2,2,422,Potential Loyalists,2023-08-18,2024-07-12,329,149.45666666666668,0.9007529089664613,6.661094224924012,2986.63
CUST_04991,238,10,1022.85,3,3,3,333,Need Attention,2022-12-06,2024-05-08,519,102.285,1.4209445585215605,7.03757225433526,2159.51
CUST_04992,3,18,4400.79,5,5,5,555,Champions,2024-02-11,2024-12-29,322,244.48833333333334,0.8815879534565366,20.417701863354036,14975.67
CUST_04993,325,19,1989.3799999999999,3,5,4,354,Loyal Customers,2022-06-09,2024-02-11,612,104.70421052631578,1.675564681724846,11.339460784313726,3561.87
CUST_04994,16,9,1631.3899999999999,5,3,3,533,Potential Loyalists,2024-01-09,2024-12-16,342,181.26555555555555,0.9363449691991786,9.611842105263158,5226.89
CUST_04995,163,13,2154.48,4,4,4,444,Champions,2023-06-14,2024-07-22,404,165.72923076923078,1.106091718001369,11.75309405940594,5843.49
CUST_04996,258,23,5008.22,3,5,5,355,Loyal Customers,2023-01-22,2024-04-18,452,217.74869565217392,1.2375085557837098,18.585730088495577,12141.06
CUST_04997,171,6,605.26,4,2,2,422,Potential Loyalists,2023-08-04,2024-07-14,345,100.87666666666667,0.944558521560575,6.352173913043478,1922.36
CUST_04998,547,21,4486.69,1,5,5,155,Cannot Lose Them,2022-08-21,2023-07-04,317,213.65190476190475,0.8678986995208761,24.196372239747635,15508.8
CUST_04999,288,7,977.0699999999999,3,2,2,322,Need Attention,2023-02-24,2024-03-19,389,139.58142857142857,1.0650239561943875,6.572622107969151,2752.25
CUST_05000,746,5,946.5699999999999,1,2,2,122,Hibernating,2022-04-21,2022-12-17,240,189.314,0.6570841889117043,7.609375,4321.68
CUST_05001,1,10,1694.14,5,3,3,533,Potential Loyalists,2024-01-23,2024-12-31,343,169.41400000000002,0.9390828199863107,10.64868804664723,5412.11
CUST_05002,9,4,681.6800000000001,5,2,2,522,Potential Loyalists,2024-04-08,2024-12-23,259,170.42000000000002,0.7091033538672142,5.640926640926641,2883.98
CUST_05003,917,1,57.55,1,1,1,111,Hibernating,2022-06-29,2022-06-29,0,57.55,0.08213552361396304,12.175,2102.01
CUST_05004,46,12,2711.32,4,4,4,444,Champions,2023-11-08,2024-11-16,374,225.94333333333336,1.0239561943874058,11.719251336898397,7943.66
CUST_05005,12,12,2353.18,5,4,4,544,Champions,2023-10-20,2024-12-20,427,196.09833333333333,1.1690622861054072,10.264637002341921,6038.63
CUST_05006,137,25,5945.93,4,5,5,455,Champions,2023-03-24,2024-08-17,512,237.83720000000002,1.4017796030116358,17.83447265625,12725.1
CUST_05007,255,15,3473.62,3,4,5,345,Loyal Customers,2022-09-14,2024-04-21,585,231.57466666666667,1.6016427104722792,9.365384615384615,6506.36
CUST_05008,387,13,3448.2799999999997,2,4,5,245,Cannot Lose Them,2022-08-04,2023-12-11,494,265.2523076923077,1.352498288843258,9.61184210526316,7648.69
CUST_05009,833,2,107.86,1,1,1,111,Hibernating,2022-07-15,2022-09-21,68,53.93,0.1861738535249829,10.742647058823529,1738.05
CUST_05010,443,14,2145.92,2,4,4,244,Cannot Lose Them,2022-06-17,2023-10-16,486,153.28,1.3305954825462012,10.521604938271606,4838.25
CUST_05011,76,8,1533.3500000000001,4,3,3,433,Potential Loyalists,2023-07-27,2024-10-17,448,191.66875000000002,1.2265571526351813,6.522321428571429,3750.38
CUST_05012,8,25,6615.07,5,5,5,555,Champions,2023-11-03,2024-12-24,417,264.6028,1.1416837782340863,21.897482014388487,17382.41
CUST_05013,534,3,349.56,1,1,1,111,Hibernating,2023-01-23,2023-07-17,175,116.52,0.4791238877481177,6.261428571428572,2188.74
CUST_05014,460,2,178.42000000000002,2,1,1,211,Hibernating,2023-05-05,2023-09-29,147,89.21000000000001,0.4024640657084189,4.969387755102041,1329.96
CUST_05015,232,5,1053.92,3,2,3,323,Need Attention,2023-08-22,2024-05-14,266,210.78400000000002,0.7282683093771389,6.8656015037593985,4341.48
CUST_05016,5,11,3249.85,5,4,4,544,Champions,2023-10-09,2024-12-27,445,295.4409090909091,1.218343600273785,9.028651685393259,8002.3
CUST_05017,244,3,229.18,3,1,1,311,Need Attention,2023-08-11,2024-05-02,265,76.39333333333333,0.7255304585900069,4.134905660377358,947.64
CUST_05018,260,3,217.53,3,1,1,311,Need Attention,2023-09-21,2024-04-16,208,72.51,0.5694729637234771,5.268028846153846,1145.95
CUST_05019,156,5,550.9100000000001,4,2,2,422,Potential Loyalists,2023-12-04,2024-07-29,238,110.18200000000002,0.6516084873374401,7.673319327731092,2536.39
CUST_05020,196,7,992.77,3,3,3,333,Need Attention,2023-06-16,2024-06-19,369,141.8242857142857,1.0102669404517455,6.928861788617885,2948.04
CUST_05021,268,13,2305.7000000000003,3,4,4,344,Loyal Customers,2022-12-06,2024-04-08,489,177.3615384615385,1.3388090349075976,9.710122699386503,5166.61
CUST_05022,443,2,316.0,2,1,1,211,Hibernating,2023-08-12,2023-10-16,65,158.0,0.17796030116358658,11.23846153846154,5327.03
CUST_05023,487,2,187.79,2,1,1,211,Hibernating,2023-06-21,2023-09-02,73,93.895,0.1998631074606434,10.006849315068493,2818.78
CUST_05024,20,8,760.0699999999999,5,3,2,532,Potential Loyalists,2024-03-23,2024-12-12,264,95.00874999999999,0.7227926078028748,11.068181818181817,3154.72
CUST_05025,513,26,5381.29,2,5,5,255,Cannot Lose Them,2022-04-01,2023-08-07,493,206.9726923076923,1.3497604380561259,19.26267748478702,11960.54
CUST_05026,505,2,263.07,2,1,1,211,Hibernating,2023-03-22,2023-08-15,146,131.535,0.3997262149212868,5.0034246575342465,1974.38
CUST_05027,177,8,959.57,4,3,2,432,Potential Loyalists,2023-05-25,2024-07-08,410,119.94625,1.1225188227241616,7.126829268292682,2564.51
CUST_05028,627,3,493.22,1,1,2,112,Hibernating,2022-09-30,2023-04-15,197,164.40666666666667,0.5393566050650239,5.562182741116752,2743.38
CUST_05029,358,39,8610.83,2,5,5,255,Cannot Lose Them,2022-01-30,2024-01-09,709,220.79051282051282,1.9411362080766599,20.09132581100141,13307.92
CUST_05030,179,25,4324.84,4,5,5,455,Champions,2023-03-30,2024-07-06,464,172.99360000000001,1.270362765229295,19.679418103448274,10213.24
CUST_05031,271,10,1596.54,3,3,3,333,Need Attention,2023-03-26,2024-04-05,376,159.654,1.0294318959616702,9.71409574468085,4652.68
CUST_05032,564,1,27.79,1,1,1,111,Hibernating,2023-06-17,2023-06-17,0,27.79,0.08213552361396304,12.175,1015.03
CUST_05033,136,2,521.8199999999999,4,1,2,412,New Customers,2024-04-11,2024-08-18,129,260.90999999999997,0.3531827515400411,5.662790697674418,4432.44
CUST_05034,43,6,653.38,5,2,2,522,Potential Loyalists,2024-01-04,2024-11-19,320,108.89666666666666,0.8761122518822724,6.8484375,2237.32
CUST_05035,413,3,402.11,2,1,2,212,Hibernating,2023-03-07,2023-11-15,253,134.03666666666666,0.6926762491444216,4.3310276679841895,1741.55
CUST_05036,901,1,131.53,1,1,1,111,Hibernating,2022-07-15,2022-07-15,0,131.53,0.08213552361396304,12.175,4804.13
CUST_05037,14,19,4288.41,5,5,5,555,Champions,2024-02-07,2024-12-18,315,225.7057894736842,0.8624229979466119,22.03095238095238,14917.54
CUST_05038,102,7,1736.9099999999999,4,3,3,433,Potential Loyalists,2023-09-04,2024-09-21,383,248.12999999999997,1.0485968514715949,6.675587467362924,4969.24
CUST_05039,527,5,504.65,1,2,2,122,Hibernating,2022-11-06,2023-07-24,260,100.92999999999999,0.7118412046543463,7.024038461538462,2126.81
CUST_05040,457,7,784.34,2,3,2,232,At Risk,2022-08-27,2023-10-02,401,112.04857142857144,1.0978781656399725,6.3759351620947635,2143.24
CUST_05041,275,8,1125.8899999999999,3,3,3,333,Need Attention,2022-11-22,2024-04-01,496,140.73624999999998,1.3579739904175223,5.891129032258064,2487.29
CUST_05042,496,11,1678.4299999999998,2,4,3,243,Loyal Customers,2022-08-19,2023-08-24,370,152.58454545454543,1.0130047912388775,10.858783783783784,4970.65
CUST_05043,704,4,404.57,1,2,2,122,Hibernating,2022-08-20,2023-01-28,161,101.1425,0.4407939767282683,9.074534161490684,2753.46
CUST_05044,31,10,959.2099999999999,5,3,2,532,Potential Loyalists,2023-12-23,2024-12-01,344,95.92099999999999,0.9418206707734429,10.617732558139535,3055.39
CUST_05045,3,6,532.3,5,2,2,522,Potential Loyalists,2024-01-12,2024-12-29,352,88.71666666666665,0.9637234770704997,6.2258522727272725,1657.01
CUST_05046,211,21,3931.6,3,5,5,355,Loyal Customers,2023-05-24,2024-06-04,377,187.21904761904761,1.0321697467488022,20.34549071618037,11427.19
CUST_05047,3,6,689.89,5,2,2,522,Potential Loyalists,2024-03-23,2024-12-29,281,114.98166666666667,0.7693360711841205,7.7989323843416365,2690.2
CUST_05048,236,19,2258.46,3,5,4,354,Loyal Customers,2022-05-05,2024-05-10,736,118.86631578947369,2.0150581793292264,9.429008152173914,3362.37
CUST_05049,678,2,94.68,1,1,1,111,Hibernating,2022-12-25,2023-02-23,60,47.34,0.16427104722792607,12.175,1729.09
CUST_05050,727,3,473.65,1,1,2,112,Hibernating,2022-07-08,2023-01-05,181,157.88333333333333,0.49555099247091033,6.053867403314917,2867.41
CUST_05051,641,3,314.53,1,1,1,111,Hibernating,2022-06-14,2023-04-01,291,104.84333333333332,0.7967145790554415,3.765463917525773,1184.35
CUST_05052,523,14,2994.25,1,4,4,144,Cannot Lose Them,2022-02-22,2023-07-28,521,213.875,1.4264202600958247,9.814779270633398,6297.41
CUST_05053,365,32,9759.89,2,5,5,255,Cannot Lose Them,2022-08-08,2024-01-02,512,304.9965625,1.4017796030116358,22.828125,20887.5
CUST_05054,517,3,507.08,2,1,2,212,Hibernating,2022-11-08,2023-08-03,268,169.02666666666667,0.7337440109514032,4.088619402985074,2073.26
CUST_05055,216,34,6190.34,3,5,5,355,Loyal Customers,2022-08-03,2024-05-30,666,182.06882352941176,1.8234086242299794,18.646396396396398,10184.78
CUST_05056,34,10,1829.23,5,3,4,534,Potential Loyalists,2023-11-28,2024-11-28,366,182.923,1.002053388090349,9.979508196721312,5476.44
CUST_05057,246,12,2739.04,3,4,4,344,Loyal Customers,2023-02-25,2024-04-30,430,228.25333333333333,1.1772758384668036,10.193023255813953,6979.77
CUST_05058,181,14,1717.55,4,4,3,443,Loyal Customers,2023-02-05,2024-07-04,515,122.68214285714285,1.4099931553730323,9.929126213592232,3654.38
CUST_05059,75,8,1170.53,4,3,3,433,Potential Loyalists,2023-08-29,2024-10-18,416,146.31625,1.1389459274469542,7.024038461538461,3083.19
CUST_05060,45,25,6146.860000000001,4,5,5,455,Champions,2023-08-14,2024-11-17,461,245.87440000000004,1.2621492128678986,19.807483731019524,14610.46
CUST_05061,248,3,326.13,3,1,1,311,Need Attention,2023-10-05,2024-04-28,206,108.71,0.5639972621492129,5.319174757281553,1734.74
CUST_05062,173,12,2480.49,4,4,4,444,Champions,2023-05-03,2024-07-12,436,206.70749999999998,1.1937029431895962,10.052752293577981,6233.94
CUST_05063,60,2,237.52999999999997,4,1,1,411,New Customers,2024-07-07,2024-11-02,118,118.76499999999999,0.32306639288158795,6.190677966101695,2205.71
CUST_05064,885,2,99.69,1,1,1,111,Hibernating,2022-05-31,2022-07-31,61,49.845,0.16700889801505817,11.975409836065575,1790.74
CUST_05065,25,11,2394.86,5,4,4,544,Champions,2023-09-26,2024-12-07,438,217.71454545454546,1.1991786447638604,9.172945205479452,5991.25
CUST_05066,499,17,2407.93,2,4,4,244,Cannot Lose Them,2022-10-26,2023-08-21,299,141.64294117647057,0.8186173853524983,20.766722408026755,8824.38
CUST_05067,8,6,753.88,5,2,2,522,Potential Loyalists,2023-12-21,2024-12-24,369,125.64666666666666,1.0102669404517455,5.939024390243902,2238.66
CUST_05068,363,13,2932.56,2,4,4,244,Cannot Lose Them,2022-07-14,2024-01-04,539,225.58153846153846,1.4757015742642026,8.809369202226346,5961.69
CUST_05069,639,10,1929.47,1,3,4,134,Cannot Lose Them,2022-05-07,2023-04-03,331,192.947,0.9062286105407256,11.034743202416918,6387.36
CUST_05070,317,17,3096.51,3,4,4,344,Loyal Customers,2022-07-23,2024-02-19,576,182.14764705882354,1.5770020533880904,10.779947916666666,5890.63
CUST_05071,99,30,6148.47,4,5,5,455,Champions,2023-03-14,2024-09-24,560,204.949,1.5331964407939767,19.56696428571429,12030.69
CUST_05072,138,18,2580.76,4,5,4,454,Champions,2022-07-25,2024-08-16,753,143.37555555555556,2.0616016427104724,8.731075697211155,3755.47
CUST_05073,81,10,1274.08,4,3,3,433,Potential Loyalists,2023-01-04,2024-10-12,647,127.40799999999999,1.7713894592744694,5.645285935085008,2157.76
CUST_05074,551,1,121.99,1,1,1,111,Hibernating,2023-06-30,2023-06-30,0,121.99,0.08213552361396304,12.175,4455.68
CUST_05075,211,2,74.14,3,1,1,311,Need Attention,2024-02-27,2024-06-04,98,37.07,0.2683093771389459,7.454081632653061,828.97
CUST_05076,28,7,922.4399999999999,5,3,2,532,Potential Loyalists,2023-10-04,2024-12-04,427,131.77714285714285,1.1690622861054072,5.9877049180327875,2367.13
CUST_05077,20,16,3562.47,5,4,5,545,Champions,2024-02-24,2024-12-12,292,222.654375,0.7994524298425736,20.013698630136986,13368.41
CUST_05078,8,12,1570.58,5,4,3,543,Loyal Customers,2023-10-29,2024-12-24,422,130.88166666666666,1.1553730321697468,10.386255924170616,4078.11
CUST_05079,66,31,6234.88,4,5,5,455,Champions,2023-03-21,2024-10-27,586,201.12516129032258,1.6043805612594113,19.322098976109217,11658.48
CUST_05080,495,6,653.8399999999999,2,2,2,222,Hibernating,2022-10-05,2023-08-25,324,108.97333333333331,0.8870636550308009,6.763888888888888,2211.25
CUST_05081,220,15,2137.88,3,4,4,344,Loyal Customers,2022-11-29,2024-05-26,544,142.52533333333335,1.4893908281998631,10.071231617647058,4306.22
CUST_05082,224,11,1977.31,3,4,4,344,Loyal Customers,2023-02-21,2024-05-22,456,179.75545454545454,1.2484599589322383,8.810855263157894,4751.4
CUST_05083,24,9,2101.8,5,3,4,534,Potential Loyalists,2024-01-10,2024-12-08,333,233.53333333333336,0.9117043121149897,9.871621621621623,6916.06
CUST_05084,95,26,4789.76,4,5,5,455,Champions,2023-07-02,2024-09-28,454,184.22153846153847,1.242984257357974,20.91740088105727,11560.31
CUST_05085,32,17,2992.35,5,4,4,544,Champions,2023-02-25,2024-11-30,644,176.0205882352941,1.7631759069130732,9.641692546583851,5091.41
CUST_05086,926,1,18.24,1,1,1,111,Hibernating,2022-06-20,2022-06-20,0,18.24,0.08213552361396304,12.175,666.22
CUST_05087,164,15,2084.51,4,4,4,444,Champions,2023-02-13,2024-07-21,524,138.96733333333336,1.434633812457221,10.455629770992367,4358.97
CUST_05088,475,37,8625.35,2,5,5,255,Cannot Lose Them,2022-01-22,2023-09-14,600,233.1175675675676,1.6427104722792607,22.52375,15752.05
CUST_05089,236,3,238.73000000000002,3,1,1,311,Need Attention,2023-06-20,2024-05-10,325,79.57666666666667,0.8898015058179329,3.3715384615384614,804.89
CUST_05090,6,20,4242.89,5,5,5,555,Champions,2023-11-25,2024-12-26,397,212.14450000000002,1.0869267624914443,18.40050377833753,11710.7
CUST_05091,567,3,178.07999999999998,1,1,1,111,Hibernating,2022-11-12,2023-06-14,214,59.35999999999999,0.5859000684462696,5.1203271028037385,911.83
CUST_05092,436,8,1255.54,2,3,3,233,At Risk,2022-08-09,2023-10-23,440,156.9425,1.2046543463381245,6.6409090909090915,3126.72
CUST_05093,55,20,3211.04,4,5,4,454,Champions,2022-07-19,2024-11-07,842,160.552,2.305270362765229,8.675771971496438,4178.74
CUST_05094,256,8,1287.09,3,3,3,333,Need Attention,2023-01-27,2024-04-20,449,160.88625,1.2292950034223136,6.507795100222717,3141.04
CUST_05095,407,1,295.43,2,1,1,211,Hibernating,2023-11-21,2023-11-21,0,295.43,0.08213552361396304,12.175,10790.58
CUST_05096,138,13,2718.24,4,4,4,444,Champions,2023-06-07,2024-08-16,436,209.0953846153846,1.1937029431895962,10.890481651376145,6831.45
CUST_05097,280,5,687.5799999999999,3,2,2,322,Need Attention,2023-08-22,2024-03-27,218,137.516,0.5968514715947981,8.37729357798165,3456.04
CUST_05098,108,8,803.1,4,3,2,432,Potential Loyalists,2023-05-22,2024-09-15,482,100.3875,1.319644079397673,6.062240663900415,1825.72
CUST_05099,683,3,169.01,1,1,1,111,Hibernating,2022-10-13,2023-02-18,128,56.336666666666666,0.35044490075290896,8.560546875,1446.82
CUST_05100,694,6,980.21,1,2,2,122,Hibernating,2022-04-20,2023-02-07,293,163.36833333333334,0.8021902806297057,7.479522184300341,3665.75
CUST_05101,298,20,3084.5699999999997,3,5,4,354,Loyal Customers,2022-03-07,2024-03-09,733,154.2285,2.00684462696783,9.965893587994543,4611.07
CUST_05102,708,3,82.11,1,1,1,111,Hibernating,2022-05-21,2023-01-24,248,27.37,0.6789869952087612,4.418346774193548,362.79
CUST_05103,425,2,219.15,2,1,1,211,Hibernating,2023-08-15,2023-11-03,80,109.575,0.2190280629705681,9.13125,3001.67
CUST_05104,568,2,133.0,1,1,1,111,Hibernating,2023-01-25,2023-06-13,139,66.5,0.3805612594113621,5.255395683453237,1048.45
CUST_05105,441,5,1238.81,2,2,3,223,Hibernating,2023-02-07,2023-10-18,253,247.762,0.6926762491444216,7.218379446640316,5365.32
CUST_05106,226,4,206.07999999999998,3,2,1,321,Need Attention,2023-10-21,2024-05-20,212,51.519999999999996,0.5804243668720055,6.891509433962264,1065.15
CUST_05107,207,35,8493.66,3,5,5,355,Loyal Customers,2022-09-12,2024-06-08,635,242.676,1.7385352498288844,20.131889763779526,14656.58
CUST_05108,30,16,2699.29,5,4,4,544,Champions,2023-04-29,2024-12-02,583,168.705625,1.596167008898015,10.024013722126929,5073.32
CUST_05109,297,40,10363.49,3,5,5,355,Loyal Customers,2022-03-13,2024-03-10,728,259.08725,1.9931553730321698,20.068681318681318,15598.62
CUST_05110,233,1,39.1,3,1,1,311,Need Attention,2024-05-13,2024-05-13,0,39.1,0.08213552361396304,12.175,1428.13
CUST_05111,385,9,1163.45,2,3,3,233,At Risk,2022-07-29,2023-12-13,502,129.27222222222224,1.374401095140315,6.548306772908366,2539.54
CUST_05112,65,12,2076.74,4,4,4,444,Champions,2023-08-29,2024-10-28,426,173.06166666666664,1.1663244353182751,10.288732394366198,5341.76
CUST_05113,335,9,1211.23,3,3,3,333,Need Attention,2023-03-17,2024-02-01,321,134.5811111111111,0.8788501026694046,10.240654205607477,4134.6
CUST_05114,106,18,4904.27,4,5,5,455,Champions,2023-11-03,2024-09-17,319,272.45944444444444,0.8733744010951403,20.609717868338556,16845.94
CUST_05115,183,6,794.4399999999999,4,2,2,422,Potential Loyalists,2023-08-22,2024-07-02,315,132.40666666666667,0.8624229979466119,6.957142857142857,2763.52
CUST_05116,393,38,8422.66,2,5,5,255,Cannot Lose Them,2022-02-24,2023-12-05,649,221.64894736842106,1.7768651608487338,21.385978428351308,14220.54
CUST_05117,808,4,578.4200000000001,1,2,2,122,Hibernating,2022-04-03,2022-10-16,196,144.60500000000002,0.5366187542778919,7.454081632653061,3233.69
CUST_05118,247,9,1559.1499999999999,3,3,3,333,Need Attention,2022-12-20,2024-04-29,496,173.23888888888888,1.3579739904175223,6.627520161290322,3444.43
CUST_05119,357,26,6157.469999999999,2,5,5,255,Cannot Lose Them,2022-09-06,2024-01-10,491,236.8257692307692,1.3442847364818618,19.341140529531568,13741.44
CUST_05120,174,23,5801.6,4,5,5,455,Champions,2023-07-26,2024-07-11,351,252.24347826086958,0.9609856262833676,23.93376068376068,18111.41
CUST_05121,376,7,606.2,2,3,2,232,At Risk,2022-12-29,2023-12-22,358,86.60000000000001,0.9801505817932923,7.141759776536313,1855.43
CUST_05122,19,11,1820.17,5,4,4,544,Champions,2023-08-14,2024-12-13,487,165.47,1.3333333333333333,8.25,4095.38
CUST_05123,87,25,8147.2,4,5,5,455,Champions,2023-07-02,2024-10-06,462,325.888,1.264887063655031,19.76461038961039,19323.15
CUST_05124,216,17,2144.04,3,4,4,344,Loyal Customers,2022-07-19,2024-05-30,681,126.12,1.864476386036961,9.11784140969163,3449.83
CUST_05125,352,14,2383.0,2,4,4,244,Cannot Lose Them,2022-07-07,2024-01-15,557,170.21428571428572,1.5249828884325805,9.180430879712747,4687.92
CUST_05126,232,6,867.8100000000001,3,2,2,322,Need Attention,2023-06-29,2024-05-14,320,144.63500000000002,0.8761122518822724,6.8484375,2971.57
CUST_05127,571,7,723.69,1,3,2,132,At Risk,2022-06-27,2023-06-10,348,103.38428571428572,0.9527720739219713,7.3469827586206895,2278.69
CUST_05128,192,10,992.77,3,3,3,333,Need Attention,2022-11-04,2024-06-23,597,99.277,1.6344969199178645,6.118090452261306,1822.16
CUST_05129,49,17,2362.43,4,4,4,444,Champions,2023-04-16,2024-11-13,577,138.9664705882353,1.5797399041752225,10.761265164644714,4486.37
CUST_05130,213,7,795.56,3,3,2,332,Need Attention,2023-04-20,2024-06-02,409,113.65142857142857,1.1197809719370295,6.25122249388753,2131.38
CUST_05131,28,22,4849.77,5,5,5,555,Champions,2023-12-13,2024-12-04,357,220.44409090909093,0.9774127310061602,22.508403361344538,14885.53
CUST_05132,524,28,7315.51,1,5,5,155,Cannot Lose Them,2022-02-10,2023-07-27,532,261.2682142857143,1.4565366187542779,19.223684210526315,15067.61
CUST_05133,433,8,834.3499999999999,2,3,2,232,At Risk,2022-05-14,2023-10-26,530,104.29374999999999,1.4510609171800137,5.513207547169811,1724.98
CUST_05134,638,1,119.18,1,1,1,111,Hibernating,2023-04-04,2023-04-04,0,119.18,0.08213552361396304,12.175,4353.05
CUST_05135,402,15,2191.41,2,4,4,244,Cannot Lose Them,2022-05-05,2023-11-26,570,146.094,1.5605749486652978,9.611842105263158,4212.7
CUST_05136,540,4,585.58,1,2,2,122,Hibernating,2023-02-26,2023-07-11,135,146.395,0.36960985626283366,10.822222222222223,4752.96
CUST_05137,452,27,6738.13,2,5,5,255,Cannot Lose Them,2022-07-09,2023-10-07,455,249.56037037037038,1.2457221081451062,21.674175824175823,16227.05
CUST_05138,469,19,2827.0299999999997,2,5,4,254,Cannot Lose Them,2022-12-30,2023-09-20,264,148.79105263157894,0.7227926078028748,26.286931818181817,11733.78
CUST_05139,171,10,2090.81,4,3,4,434,Potential Loyalists,2023-06-02,2024-07-14,408,209.081,1.1170431211498972,8.952205882352942,5615.21
CUST_05140,287,23,6358.42,3,5,5,355,Loyal Customers,2022-12-29,2024-03-20,447,276.4530434782609,1.2238193018480492,18.793624161073826,15586.66
CUST_05141,746,1,61.76,1,1,1,111,Hibernating,2022-12-17,2022-12-17,0,61.76,0.08213552361396304,12.175,2255.78
CUST_05142,1,18,3443.31,5,5,5,555,Champions,2024-02-09,2024-12-31,326,191.295,0.892539356605065,20.16717791411043,11573.64
CUST_05143,620,9,1269.25,1,3,3,133,At Risk,2022-06-18,2023-04-22,308,141.02777777777777,0.8432580424366872,10.67288961038961,4515.52
CUST_05144,146,2,318.44,4,1,1,411,New Customers,2024-03-07,2024-08-08,154,159.22,0.4216290212183436,4.7435064935064934,2265.78
CUST_05145,477,8,1324.26,2,3,3,233,At Risk,2022-12-18,2023-09-12,268,165.5325,0.7337440109514032,10.902985074626866,5414.4
CUST_05146,189,17,3322.2200000000003,3,4,4,344,Loyal Customers,2022-11-24,2024-06-26,580,195.42470588235295,1.5879534565366187,10.705603448275863,6276.42
CUST_05147,327,9,1614.15,3,3,3,333,Need Attention,2023-05-19,2024-02-09,266,179.35000000000002,0.7282683093771389,12.358082706766918,6649.27
CUST_05148,241,8,1262.51,3,3,3,333,Need Attention,2023-08-15,2024-05-05,264,157.81375,0.7227926078028748,11.068181818181817,5240.13
CUST_05149,205,34,7377.1,3,5,5,355,Loyal Customers,2022-10-14,2024-06-10,605,216.97352941176473,1.6563997262149213,20.526446280991735,13361.09
CUST_05150,636,12,1273.31,1,4,3,143,Loyal Customers,2022-04-01,2023-04-06,370,106.10916666666667,1.0130047912388775,11.845945945945946,3770.89
CUST_05151,146,3,146.81,4,1,1,411,New Customers,2023-11-15,2024-08-08,267,48.93666666666667,0.731006160164271,4.103932584269663,602.5
CUST_05152,645,5,435.27,1,2,2,122,Hibernating,2022-07-06,2023-03-28,265,87.054,0.7255304585900069,6.891509433962264,1799.8
CUST_05153,126,2,148.82,4,1,1,411,New Customers,2024-03-26,2024-08-28,155,74.41,0.4243668720054757,4.712903225806452,1052.06
CUST_05154,55,14,2469.94,4,4,4,444,Champions,2023-07-12,2024-11-07,484,176.42428571428573,1.325119780971937,10.565082644628099,5591.81
CUST_05155,434,6,653.25,2,2,2,222,Hibernating,2023-01-29,2023-10-25,269,108.875,0.7364818617385352,8.146840148698885,2660.96
CUST_05156,269,14,2184.9,3,4,4,344,Loyal Customers,2022-11-19,2024-04-07,505,156.06428571428572,1.3826146475017111,10.125742574257426,4740.8
CUST_05157,249,2,150.86,3,1,1,311,Need Attention,2023-11-09,2024-04-27,170,75.43,0.4654346338124572,4.297058823529412,972.38
CUST_05158,153,18,2351.26,4,5,4,454,Champions,2022-08-06,2024-08-01,726,130.62555555555556,1.9876796714579055,9.055785123966942,3548.75
CUST_05159,479,8,1540.05,2,3,3,233,At Risk,2022-06-24,2023-09-10,443,192.50625,1.212867898699521,6.595936794582393,3809.28
CUST_05160,422,34,6505.67,2,5,5,255,Cannot Lose Them,2022-03-12,2023-11-06,604,191.34323529411765,1.6536618754277892,20.560430463576157,11802.3
CUST_05161,846,1,92.59,1,1,1,111,Hibernating,2022-09-08,2022-09-08,0,92.59,0.08213552361396304,12.175,3381.85
CUST_05162,20,12,2720.19,5,4,4,544,Champions,2023-11-16,2024-12-12,392,226.6825,1.0732375085557837,11.181122448979592,7603.69
CUST_05163,567,26,5639.27,1,5,5,155,Cannot Lose Them,2022-02-08,2023-06-14,491,216.895,1.3442847364818618,19.341140529531568,12584.99
CUST_05164,101,12,2692.29,4,4,4,444,Champions,2023-06-18,2024-09-22,462,224.3575,1.264887063655031,9.487012987012987,6385.45
CUST_05165,619,1,139.89,1,1,1,111,Hibernating,2023-04-23,2023-04-23,0,139.89,0.08213552361396304,12.175,5109.48
CUST_05166,31,11,2008.43,5,4,4,544,Champions,2023-11-07,2024-12-01,390,182.58454545454546,1.0677618069815196,10.301923076923076,5642.92
CUST_05167,53,8,1713.6299999999999,4,3,3,433,Potential Loyalists,2024-02-06,2024-11-09,277,214.20374999999999,0.758384668035592,10.548736462093864,6778.74
CUST_05168,460,7,1003.94,2,3,3,233,At Risk,2022-11-18,2023-09-29,315,143.42000000000002,0.8624229979466119,8.116666666666667,3492.28
CUST_05169,7,18,2965.82,5,5,4,554,Champions,2023-01-15,2024-12-25,710,164.76777777777778,1.943874058863792,9.259859154929577,4577.18
CUST_05170,520,9,2508.23,1,3,4,134,Cannot Lose Them,2022-10-04,2023-07-31,300,278.6922222222222,0.8213552361396304,10.957500000000001,9161.31
CUST_05171,579,1,59.3,1,1,1,111,Hibernating,2023-06-02,2023-06-02,0,59.3,0.08213552361396304,12.175,2165.93
CUST_05172,51,7,954.35,4,3,2,432,Potential Loyalists,2023-08-21,2024-11-11,448,136.3357142857143,1.2265571526351813,5.707031250000001,2334.22
CUST_05173,9,10,1728.91,5,3,3,533,Potential Loyalists,2023-12-30,2024-12-23,359,172.89100000000002,0.9828884325804244,10.174094707520892,5277.03
CUST_05174,187,4,437.28,3,2,2,322,Need Attention,2024-01-08,2024-06-28,172,109.32,0.47091033538672145,8.494186046511627,2785.75
CUST_05175,725,6,392.4,1,2,1,121,Hibernating,2022-03-25,2023-01-07,288,65.39999999999999,0.7885010266940452,7.609375,1492.96
CUST_05176,559,2,333.06,1,1,1,111,Hibernating,2023-04-08,2023-06-22,75,166.53,0.2053388090349076,9.74,4866.01
CUST_05177,788,5,1394.98,1,2,3,123,Hibernating,2022-03-18,2022-11-05,232,278.996,0.6351813826146475,7.8717672413793105,6588.57
CUST_05178,618,4,645.87,1,2,2,122,Hibernating,2022-09-13,2023-04-24,223,161.4675,0.6105407255304586,6.551569506726458,3173.6
CUST_05179,420,11,1356.46,2,4,3,243,Loyal Customers,2022-09-06,2023-11-08,428,123.31454545454545,1.1718001368925393,9.387266355140188,3472.76
CUST_05180,217,15,2374.54,3,4,4,344,Loyal Customers,2022-10-27,2024-05-29,580,158.30266666666665,1.5879534565366187,9.446120689655173,4486.04
CUST_05181,718,1,39.21,1,1,1,111,Hibernating,2023-01-14,2023-01-14,0,39.21,0.08213552361396304,12.175,1432.15
CUST_05182,320,15,2412.73,3,4,4,344,Loyal Customers,2022-09-22,2024-02-16,512,160.84866666666667,1.4017796030116358,10.70068359375,5163.57
CUST_05183,367,13,2356.3,2,4,4,244,Cannot Lose Them,2022-08-23,2023-12-31,495,181.25384615384615,1.3552361396303902,9.592424242424242,5215.99
CUST_05184,21,33,8326.83,5,5,5,555,Champions,2023-04-15,2024-12-11,606,252.3281818181818,1.6591375770020533,19.889851485148515,15056.31
CUST_05185,428,32,5662.05,2,5,5,255,Cannot Lose Them,2022-02-05,2023-10-31,633,176.9390625,1.73305954825462,18.46445497630332,9801.25
CUST_05186,570,4,630.73,1,2,2,122,Hibernating,2022-11-26,2023-06-11,197,157.6825,0.5393566050650239,7.416243654822336,3508.24
CUST_05187,548,6,1076.34,1,2,3,123,Hibernating,2022-09-16,2023-07-03,290,179.39,0.7939767282683093,7.556896551724138,4066.9
CUST_05188,185,8,1264.28,4,3,3,433,Potential Loyalists,2023-02-22,2024-06-30,494,158.035,1.352498288843258,5.91497975708502,2804.32
CUST_05189,251,18,3677.2700000000004,3,5,5,355,Loyal Customers,2022-05-07,2024-04-25,719,204.29277777777781,1.9685147159479808,9.143949930458971,5604.13
CUST_05190,19,7,894.36,5,3,2,532,Potential Loyalists,2023-12-16,2024-12-13,363,127.76571428571428,0.9938398357289527,7.043388429752066,2699.71
CUST_05191,250,1,91.19,3,1,1,311,Need Attention,2024-04-26,2024-04-26,0,91.19,0.08213552361396304,12.175,3330.71
CUST_05192,312,3,344.42,3,1,1,311,Need Attention,2023-09-22,2024-02-24,155,114.80666666666667,0.4243668720054757,7.069354838709677,2434.83
CUST_05193,53,12,2191.63,4,4,4,444,Champions,2023-08-18,2024-11-09,449,182.63583333333335,1.2292950034223136,9.761692650334075,5348.5
CUST_05194,105,2,186.72,4,1,1,411,New Customers,2024-04-05,2024-09-18,166,93.36,0.4544832306639288,4.400602409638554,1232.52
CUST_05195,276,14,2387.13,3,4,4,344,Loyal Customers,2022-11-02,2024-03-31,515,170.5092857142857,1.4099931553730323,9.929126213592232,5079.02
CUST_05196,20,6,542.44,5,2,2,522,Potential Loyalists,2024-02-05,2024-12-12,311,90.40666666666668,0.8514715947980835,7.046623794212218,1911.19
CUST_05197,168,31,6931.24,4,5,5,455,Champions,2022-12-04,2024-07-17,591,223.5883870967742,1.6180698151950719,19.158629441624367,12850.94
CUST_05198,403,6,1107.54,2,2,3,223,Hibernating,2023-01-12,2023-11-25,317,184.59,0.8678986995208761,6.913249211356467,3828.35
CUST_05199,372,14,2272.5299999999997,2,4,4,244,Cannot Lose Them,2022-10-16,2023-12-26,436,162.3235714285714,1.1937029431895962,11.728211009174311,5711.3
CUST_05200,551,3,480.24,1,1,2,112,Hibernating,2022-10-12,2023-06-30,261,160.08,0.7145790554414785,4.198275862068965,2016.18
CUST_05201,7,9,892.74,5,3,2,532,Potential Loyalists,2024-01-03,2024-12-25,357,99.19333333333333,0.9774127310061602,9.207983193277311,2740.11
CUST_05202,142,13,2505.4900000000002,4,4,4,444,Champions,2023-05-05,2024-08-12,465,192.73000000000002,1.273100616016427,10.211290322580645,5904.07
CUST_05203,23,20,3429.41,5,5,5,555,Champions,2022-12-13,2024-12-09,727,171.4705,1.9904175222450375,10.048143053645118,5168.88
CUST_05204,296,17,3192.68,3,4,4,344,Loyal Customers,2022-05-15,2024-03-11,666,187.80470588235292,1.8234086242299794,9.323198198198199,5252.82
CUST_05205,17,12,2601.08,5,4,4,544,Champions,2023-10-12,2024-12-15,430,216.75666666666666,1.1772758384668036,10.193023255813953,6628.22
CUST_05206,228,6,1428.92,3,2,3,323,Need Attention,2023-06-26,2024-05-18,327,238.15333333333334,0.8952772073921971,6.701834862385321,4788.19
CUST_05207,696,9,1546.95,1,3,3,133,At Risk,2022-04-29,2023-02-05,282,171.88333333333333,0.7720739219712526,11.65691489361702,6010.89
CUST_05208,328,10,834.96,3,3,2,332,Need Attention,2023-05-06,2024-02-08,278,83.49600000000001,0.7611225188227242,13.138489208633093,3291.03
CUST_05209,748,2,413.52,1,1,2,112,Hibernating,2022-08-25,2022-12-15,112,206.76,0.3066392881587953,6.522321428571429,4045.67
CUST_05210,1,26,5956.75,5,5,5,555,Champions,2023-09-19,2024-12-31,469,229.10576923076923,1.2840520191649556,20.248400852878465,13917.08
CUST_05211,74,13,3204.45,4,4,4,444,Champions,2023-07-02,2024-10-19,475,246.49615384615385,1.3004791238877482,9.996315789473684,7392.16
CUST_05212,886,1,196.78,1,1,1,111,Hibernating,2022-07-30,2022-07-30,0,196.78,0.08213552361396304,12.175,7187.39
CUST_05213,339,2,163.01999999999998,2,1,1,211,Hibernating,2023-10-10,2024-01-28,110,81.50999999999999,0.30116358658453113,6.6409090909090915,1623.9
CUST_05214,488,8,1331.8400000000001,2,3,3,233,At Risk,2022-06-24,2023-09-01,434,166.48000000000002,1.1882272416153319,6.732718894009217,3362.59
CUST_05215,178,2,354.88,4,1,1,411,New Customers,2024-04-21,2024-07-07,77,177.44,0.2108145106091718,9.487012987012987,5050.13
CUST_05216,35,7,1337.09,5,3,3,533,Potential Loyalists,2024-03-26,2024-11-27,246,191.01285714285714,0.6735112936344969,10.393292682926829,5955.76
CUST_05217,250,7,1355.82,3,3,3,333,Need Attention,2023-03-31,2024-04-26,392,193.6885714285714,1.0732375085557837,6.522321428571429,3789.9
CUST_05218,25,15,1989.05,5,4,4,544,Champions,2023-03-05,2024-12-07,643,132.60333333333332,1.7604380561259412,8.520606531881803,3389.58
CUST_05219,372,31,6691.75,2,5,5,255,Cannot Lose Them,2022-06-30,2023-12-26,544,215.86290322580646,1.4893908281998631,20.813878676470587,13478.83
CUST_05220,44,13,1759.42,4,4,3,443,Loyal Customers,2023-07-01,2024-11-18,506,135.34,1.3853524982888432,9.383893280632412,3810.05
CUST_05221,371,8,1233.6,2,3,3,233,At Risk,2023-06-17,2023-12-27,193,154.2,0.5284052019164955,15.139896373056995,7003.72
CUST_05222,44,8,1229.83,4,3,3,433,Potential Loyalists,2024-01-18,2024-11-18,305,153.72875,0.8350444900752909,9.580327868852459,4418.32
CUST_05223,90,3,550.58,4,1,2,412,New Customers,2024-01-01,2024-10-03,276,183.52666666666667,0.75564681724846,3.970108695652174,2185.86
CUST_05224,39,7,1687.96,5,3,3,533,Potential Loyalists,2023-10-07,2024-11-23,413,241.13714285714286,1.1307323750855578,6.1906779661016955,4478.41
CUST_05225,71,6,1261.31,4,2,3,423,Potential Loyalists,2023-12-20,2024-10-22,307,210.21833333333333,0.840520191649555,7.138436482084691,4501.89
CUST_05226,449,6,535.29,2,2,2,222,Hibernating,2022-12-21,2023-10-10,293,89.21499999999999,0.8021902806297057,7.479522184300341,2001.86
CUST_05227,444,4,597.22,2,2,2,222,Hibernating,2023-03-17,2023-10-15,212,149.305,0.5804243668720055,6.891509433962264,3086.81
CUST_05228,830,1,44.92,1,1,1,111,Hibernating,2022-09-24,2022-09-24,0,44.92,0.08213552361396304,12.175,1640.7
CUST_05229,130,20,3186.58,4,5,4,454,Champions,2022-06-15,2024-08-24,801,159.329,2.193018480492813,9.119850187265918,4359.17
CUST_05230,67,7,1171.8500000000001,4,3,3,433,Potential Loyalists,2023-09-28,2024-10-26,394,167.40714285714287,1.0787132101300478,6.489213197969543,3259.02
CUST_05231,41,9,1661.2599999999998,5,3,3,533,Potential Loyalists,2024-01-26,2024-11-21,300,184.58444444444442,0.8213552361396304,10.957500000000001,6067.75
CUST_05232,163,6,840.0899999999999,4,2,2,422,Potential Loyalists,2023-06-29,2024-07-22,389,140.015,1.0650239561943875,5.633676092544986,2366.4
CUST_05233,14,15,3079.67,5,4,4,544,Champions,2023-07-15,2024-12-18,522,205.31133333333335,1.429158110882957,10.495689655172413,6464.65
CUST_05234,160,8,1167.85,4,3,3,433,Potential Loyalists,2023-05-13,2024-07-25,439,145.98125,1.2019164955509924,6.6560364464692485,2914.97
CUST_05235,24,3,190.78,5,1,1,511,New Customers,2024-04-18,2024-12-08,234,63.593333333333334,0.6406570841889117,4.682692307692308,893.36
CUST_05236,196,14,2471.15,3,4,4,344,Loyal Customers,2023-01-23,2024-06-19,513,176.5107142857143,1.404517453798768,9.967836257309942,5278.29
CUST_05237,109,5,806.69,4,2,2,422,Potential Loyalists,2023-12-11,2024-09-14,278,161.33800000000002,0.7611225188227242,6.569244604316546,3179.61
CUST_05238,22,24,4693.79,5,5,5,555,Champions,2023-10-24,2024-12-10,413,195.57458333333332,1.1307323750855578,21.225181598062953,12453.32
CUST_05239,32,6,520.69,5,2,2,522,Potential Loyalists,2024-02-26,2024-11-30,278,86.78166666666668,0.7611225188227242,7.883093525179856,2052.32
CUST_05240,141,2,284.63,4,1,1,411,New Customers,2024-04-27,2024-08-13,108,142.315,0.29568788501026694,6.763888888888889,2887.81
CUST_05241,420,19,7361.3099999999995,2,5,5,255,Cannot Lose Them,2022-11-25,2023-11-08,348,387.4373684210526,0.9527720739219713,19.941810344827587,23178.61
CUST_05242,198,13,1606.96,3,4,3,343,Loyal Customers,2023-01-29,2024-06-17,505,123.6123076923077,1.3826146475017111,9.402475247524752,3486.78
CUST_05243,96,2,180.68,4,1,1,411,New Customers,2024-06-19,2024-09-27,100,90.34,0.2737850787132101,7.305000000000001,1979.8
CUST_05244,425,32,4955.86,2,5,5,255,Cannot Lose Them,2022-04-25,2023-11-03,557,154.870625,1.5249828884325805,20.983842010771994,9749.34
CUST_05245,150,8,1168.26,4,3,3,433,Potential Loyalists,2023-07-16,2024-08-04,385,146.0325,1.054072553045859,7.58961038961039,3324.99
CUST_05246,247,1,165.52,3,1,1,311,Need Attention,2024-04-29,2024-04-29,0,165.52,0.08213552361396304,12.175,6045.62
CUST_05247,219,7,953.3100000000001,3,3,2,332,Need Attention,2023-05-10,2024-05-27,383,136.18714285714287,1.0485968514715949,6.675587467362924,2727.39
CUST_05248,484,15,1319.6399999999999,2,4,3,243,Loyal Customers,2022-03-20,2023-09-05,534,87.97599999999998,1.462012320328542,10.259831460674159,2707.86
CUST_05249,304,17,2490.6800000000003,3,4,4,344,Loyal Customers,2023-03-31,2024-03-03,338,146.51058823529414,0.9253935660506503,18.370562130177515,8074.45
CUST_05250,363,10,1460.57,2,3,3,233,At Risk,2022-07-13,2024-01-04,540,146.057,1.4784394250513346,6.763888888888889,2963.74
CUST_05251,866,2,120.47999999999999,1,1,1,111,Hibernating,2022-06-03,2022-08-19,77,60.239999999999995,0.2108145106091718,9.487012987012987,1714.49
CUST_05252,708,2,138.63,1,1,1,111,Hibernating,2022-10-19,2023-01-24,97,69.315,0.2655715263518138,7.530927835051547,1566.02
CUST_05253,82,19,2913.34,4,5,4,454,Champions,2022-11-12,2024-10-11,699,153.33368421052631,1.9137577002053388,9.928111587982833,4566.94
CUST_05254,328,38,6162.94,3,5,5,355,Loyal Customers,2022-02-24,2024-02-08,714,162.18263157894737,1.9548254620123204,19.4390756302521,9458.04
CUST_05255,25,11,1962.72,5,4,4,544,Champions,2023-11-13,2024-12-07,390,178.42909090909092,1.0677618069815196,10.301923076923076,5514.49
CUST_05256,611,2,251.01000000000002,1,1,1,111,Hibernating,2023-01-18,2023-05-01,103,125.50500000000001,0.28199863107460643,7.092233009708738,2670.33
CUST_05257,523,3,198.85999999999999,1,1,1,111,Hibernating,2023-01-09,2023-07-28,200,66.28666666666666,0.5475701574264202,5.478750000000001,1089.5
CUST_05258,668,23,3884.5299999999997,1,5,5,155,Cannot Lose Them,2022-01-28,2023-03-05,401,168.89260869565217,1.0978781656399725,20.949501246882793,10614.65
CUST_05259,385,15,1537.0,2,4,3,243,Loyal Customers,2022-07-05,2023-12-13,526,102.46666666666667,1.4401095140314852,10.415874524714829,3201.84
CUST_05260,289,8,852.75,3,3,2,332,Need Attention,2023-02-04,2024-03-18,408,106.59375,1.1170431211498972,7.161764705882353,2290.2
CUST_05261,32,9,1281.28,5,3,3,533,Potential Loyalists,2023-07-21,2024-11-30,498,142.36444444444444,1.3634496919917864,6.600903614457831,2819.2
CUST_05262,339,1,29.44,2,1,1,211,Hibernating,2024-01-28,2024-01-28,0,29.44,0.08213552361396304,12.175,1075.3
CUST_05263,47,7,625.91,4,3,2,432,Potential Loyalists,2024-02-03,2024-11-15,286,89.41571428571429,0.783025325119781,8.939685314685315,2398.05
CUST_05264,400,23,3871.96,2,5,5,255,Cannot Lose Them,2022-09-05,2023-11-28,449,168.34608695652173,1.2292950034223136,18.70991091314031,9449.22
CUST_05265,22,8,1091.92,5,3,3,533,Potential Loyalists,2023-09-06,2024-12-10,461,136.49,1.2621492128678986,6.3383947939262475,2595.38
CUST_05266,165,3,263.5,4,1,1,411,New Customers,2023-10-02,2024-07-20,292,87.83333333333333,0.7994524298425736,3.752568493150685,988.8
CUST_05267,273,14,2850.27,3,4,4,344,Loyal Customers,2022-10-08,2024-04-03,543,203.59071428571428,1.486652977412731,9.417127071823204,5751.72
CUST_05268,16,8,700.42,5,3,2,532,Potential Loyalists,2024-01-28,2024-12-16,323,87.5525,0.8843258042436687,9.046439628482972,2376.12
CUST_05269,719,2,247.26,1,1,1,111,Hibernating,2022-08-22,2023-01-13,144,123.63,0.3942505133470226,5.072916666666666,1881.49
CUST_05270,168,2,130.31,4,1,1,411,New Customers,2024-02-14,2024-07-17,154,65.155,0.4216290212183436,4.7435064935064934,927.19
CUST_05271,769,1,46.14,1,1,1,111,Hibernating,2022-11-24,2022-11-24,0,46.14,0.08213552361396304,12.175,1685.26
CUST_05272,394,15,2926.3900000000003,2,4,4,244,Cannot Lose Them,2022-06-05,2023-12-04,547,195.0926666666667,1.4976043805612593,10.015996343692871,5862.14
CUST_05273,51,5,556.61,4,2,2,422,Potential Loyalists,2024-02-09,2024-11-11,276,111.322,0.75564681724846,6.616847826086957,2209.8
CUST_05274,488,11,1730.06,2,4,3,243,Loyal Customers,2022-05-22,2023-09-01,467,157.27818181818182,1.2785763175906912,8.603319057815847,4059.34
CUST_05275,128,2,191.4,4,1,1,411,New Customers,2024-04-04,2024-08-26,144,95.7,0.3942505133470226,5.072916666666666,1456.43
CUST_05276,7,9,1647.33,5,3,3,533,Potential Loyalists,2023-12-27,2024-12-25,364,183.03666666666666,0.9965776865160849,9.030906593406593,4958.96
CUST_05277,280,7,761.6800000000001,3,3,2,332,Need Attention,2023-01-20,2024-03-27,432,108.81142857142858,1.1827515400410678,5.918402777777778,1931.97
CUST_05278,282,30,6025.59,3,5,5,355,Loyal Customers,2022-09-13,2024-03-25,559,200.853,1.5304585900068446,19.601967799642217,11811.34
CUST_05279,712,4,198.67999999999998,1,2,1,121,Hibernating,2022-08-21,2023-01-20,152,49.669999999999995,0.4161533196440794,9.611842105263158,1432.26
CUST_05280,155,25,4119.86,4,5,5,455,Champions,2023-06-02,2024-07-30,424,164.7944,1.160848733744011,21.535966981132074,10647.02
CUST_05281,23,15,3122.78,5,4,4,544,Champions,2023-06-13,2024-12-09,545,208.18533333333335,1.4921286789869952,10.052752293577981,6278.51
CUST_05282,4,19,3525.34,5,5,5,555,Champions,2022-11-21,2024-12-28,768,185.5442105263158,2.102669404517454,9.0361328125,5029.81
CUST_05283,839,1,23.29,1,1,1,111,Hibernating,2022-09-15,2022-09-15,0,23.29,0.08213552361396304,12.175,850.67
CUST_05284,431,29,7028.32,2,5,5,255,Cannot Lose Them,2022-05-17,2023-10-28,529,242.3558620689655,1.4483230663928817,20.023156899810964,14558.19
CUST_05285,355,15,3860.63,2,4,5,245,Cannot Lose Them,2022-04-09,2024-01-12,643,257.37533333333334,1.7604380561259412,8.520606531881803,6578.98
CUST_05286,639,3,251.72,1,1,1,111,Hibernating,2022-09-03,2023-04-03,212,83.90666666666667,0.5804243668720055,5.168632075471698,1301.05
CUST_05287,425,19,4486.88,2,5,5,255,Cannot Lose Them,2022-12-17,2023-11-03,321,236.15157894736842,0.8788501026694046,21.61915887850467,15316.2
CUST_05288,607,16,2398.46,1,4,4,144,Cannot Lose Them,2022-08-05,2023-05-05,273,149.90375,0.7474332648870636,21.40659340659341,9626.79
CUST_05289,56,27,4906.88,4,5,5,455,Champions,2023-09-06,2024-11-06,427,181.7362962962963,1.1690622861054072,23.095433255269324,12591.84
CUST_05290,85,10,1795.3000000000002,4,3,3,433,Potential Loyalists,2023-10-02,2024-10-08,372,179.53000000000003,1.0184804928131417,9.818548387096774,5288.17
CUST_05291,36,9,2044.46,5,3,4,534,Potential Loyalists,2024-01-28,2024-11-26,303,227.16222222222223,0.8295687885010267,10.849009900990099,7393.46
CUST_05292,101,17,3787.12,4,4,5,445,Champions,2023-12-15,2024-09-22,282,222.77176470588233,0.7720739219712526,22.018617021276597,14715.38
CUST_05293,977,1,123.09,1,1,1,111,Hibernating,2022-04-30,2022-04-30,0,123.09,0.08213552361396304,12.175,4495.86
CUST_05294,346,28,7498.01,2,5,5,255,Cannot Lose Them,2022-08-24,2024-01-21,515,267.78607142857146,1.4099931553730323,19.858252427184464,15953.29
CUST_05295,21,8,1239.97,5,3,3,533,Potential Loyalists,2023-06-16,2024-12-11,544,154.99625,1.4893908281998631,5.3713235294117645,2497.61
CUST_05296,109,15,3517.15,4,4,5,445,Champions,2023-12-05,2024-09-14,284,234.47666666666666,0.7775496235455168,19.29137323943662,13570.13
CUST_05297,436,9,1577.65,2,3,3,233,At Risk,2022-10-27,2023-10-23,361,175.29444444444445,0.9883641341546886,9.10595567867036,4788.67
CUST_05298,297,5,309.53000000000003,3,2,1,321,Need Attention,2023-06-29,2024-03-10,255,61.906000000000006,0.6981519507186859,7.161764705882352,1330.07
CUST_05299,194,18,2158.96,3,5,4,354,Loyal Customers,2022-07-27,2024-06-21,695,119.94222222222223,1.9028062970568105,9.459712230215827,3403.86
CUST_05300,229,1,184.41,3,1,1,311,Need Attention,2024-05-17,2024-05-17,0,184.41,0.08213552361396304,12.175,6735.58
CUST_05301,273,16,3163.81,3,4,4,344,Loyal Customers,2022-08-23,2024-04-03,589,197.738125,1.6125941136208077,9.921901528013581,5885.81
CUST_05302,611,11,2001.6,1,4,4,144,Cannot Lose Them,2022-03-22,2023-05-01,405,181.96363636363637,1.108829568788501,9.920370370370371,5415.44
CUST_05303,27,6,818.4599999999999,5,2,2,522,Potential Loyalists,2023-12-11,2024-12-05,360,136.41,0.9856262833675564,6.0875,2491.19
CUST_05304,397,10,1068.23,2,3,3,233,At Risk,2022-12-26,2023-12-01,340,106.82300000000001,0.9308692676249144,10.74264705882353,3442.69
CUST_05305,430,14,1799.34,2,4,3,243,Loyal Customers,2022-06-07,2023-10-29,509,128.5242857142857,1.3935660506502396,10.046168958742632,3873.53
CUST_05306,294,3,390.15,3,1,1,311,Need Attention,2023-06-30,2024-03-13,257,130.04999999999998,0.70362765229295,4.2636186770428015,1663.45
CUST_05307,68,16,2585.13,4,4,4,444,Champions,2023-04-27,2024-10-25,547,161.570625,1.4976043805612593,10.683729433272395,5178.53
CUST_05308,698,1,136.72,1,1,1,111,Hibernating,2023-02-03,2023-02-03,0,136.72,0.08213552361396304,12.175,4993.7
CUST_05309,492,8,1853.43,2,3,4,234,Cannot Lose Them,2022-10-08,2023-08-28,324,231.67875,0.8870636550308009,9.018518518518517,6268.2
CUST_05310,314,6,408.65999999999997,3,2,2,322,Need Attention,2023-03-22,2024-02-22,337,68.11,0.9226557152635181,6.502967359050445,1328.75
CUST_05311,162,33,7764.86,4,5,5,455,Champions,2023-02-10,2024-07-23,529,235.29878787878786,1.4483230663928817,22.784971644612476,16083.83
CUST_05312,103,8,779.93,4,3,2,432,Potential Loyalists,2023-05-28,2024-09-20,481,97.49125,1.3169062286105406,6.0748440748440755,1776.73
CUST_05313,591,1,108.48,1,1,1,111,Hibernating,2023-05-21,2023-05-21,0,108.48,0.08213552361396304,12.175,3962.23
CUST_05314,352,30,6731.55,2,5,5,255,Cannot Lose Them,2022-06-18,2024-01-15,576,224.38500000000002,1.5770020533880904,19.0234375,12805.72
CUST_05315,635,19,2431.13,1,5,4,154,Cannot Lose Them,2022-05-15,2023-04-07,327,127.95421052631579,0.8952772073921971,21.222477064220186,8146.52
CUST_05316,75,6,952.5,4,2,2,422,Potential Loyalists,2023-11-13,2024-10-18,340,158.75,0.9308692676249144,6.445588235294118,3069.71
CUST_05317,93,3,502.1,4,1,2,412,New Customers,2023-11-23,2024-09-30,312,167.36666666666667,0.8542094455852156,3.512019230769231,1763.38
CUST_05318,670,5,630.63,1,2,2,122,Hibernating,2022-07-09,2023-03-03,237,126.126,0.648870636550308,7.705696202531646,2915.67
CUST_05319,11,24,5320.33,5,5,5,555,Champions,2023-10-24,2024-12-21,424,221.68041666666667,1.160848733744011,20.67452830188679,13749.41
CUST_05320,566,1,120.0,1,1,1,111,Hibernating,2023-06-15,2023-06-15,0,120.0,0.08213552361396304,12.175,4383.0
CUST_05321,294,3,679.1600000000001,3,1,2,312,Need Attention,2023-09-17,2024-03-13,178,226.38666666666668,0.487337440109514,6.155898876404494,4180.84
CUST_05322,41,27,5197.61,5,5,5,555,Champions,2023-05-31,2024-11-21,540,192.50407407407405,1.4784394250513346,18.2625,10546.82
CUST_05323,300,4,206.15,3,2,1,321,Need Attention,2023-09-22,2024-03-07,167,51.5375,0.45722108145106094,8.748502994011975,1352.63
CUST_05324,356,1,142.45,2,1,1,211,Hibernating,2024-01-11,2024-01-11,0,142.45,0.08213552361396304,12.175,5202.99
CUST_05325,158,9,2143.38,4,3,4,434,Potential Loyalists,2023-03-22,2024-07-27,493,238.15333333333334,1.3497604380561259,6.667849898580122,4763.91
CUST_05326,93,13,1987.27,4,4,4,444,Champions,2023-06-30,2024-09-30,458,152.8669230769231,1.2539356605065024,10.36735807860262,4754.48
CUST_05327,702,6,843.6800000000001,1,2,2,122,Hibernating,2022-03-04,2023-01-30,332,140.61333333333334,0.9089664613278576,6.600903614457831,2784.53
CUST_05328,17,31,6869.09,5,5,5,555,Champions,2023-05-20,2024-12-15,575,221.58354838709678,1.5742642026009583,19.691739130434783,13090.1
CUST_05329,331,3,213.07999999999998,3,1,1,311,Need Attention,2023-05-10,2024-02-05,271,71.02666666666666,0.7419575633127995,4.043357933579336,861.56
CUST_05330,37,10,1283.56,5,3,3,533,Potential Loyalists,2023-05-14,2024-11-25,561,128.356,1.5359342915811087,6.510695187165775,2507.06
CUST_05331,74,16,3020.37,4,4,4,444,Champions,2023-01-16,2024-10-19,642,188.773125,1.757700205338809,9.102803738317757,5155.09
CUST_05332,97,10,1096.07,4,3,3,433,Potential Loyalists,2023-10-11,2024-09-26,351,109.607,0.9609856262833676,10.405982905982906,3421.71
CUST_05333,550,7,1185.1299999999999,1,3,3,133,At Risk,2022-04-30,2023-07-01,427,169.3042857142857,1.1690622861054072,5.9877049180327875,3041.23
CUST_05334,38,10,2305.18,5,3,4,534,Potential Loyalists,2023-09-21,2024-11-24,430,230.51799999999997,1.1772758384668036,8.494186046511627,5874.19
CUST_05335,200,2,89.74000000000001,3,1,1,311,Need Attention,2024-03-13,2024-06-15,94,44.870000000000005,0.25735797399041754,7.7712765957446805,1046.09
CUST_05336,298,5,547.85,3,2,2,322,Need Attention,2023-07-10,2024-03-09,243,109.57000000000001,0.6652977412731006,7.515432098765432,2470.4
CUST_05337,280,4,290.76,3,2,1,321,Need Attention,2023-09-01,2024-03-27,208,72.69,0.5694729637234771,7.024038461538461,1531.73
CUST_05338,22,5,514.47,5,2,2,522,Potential Loyalists,2024-04-03,2024-12-10,251,102.894,0.6872005475701575,7.275896414342629,2245.94
CUST_05339,465,6,583.29,2,2,2,222,Hibernating,2022-10-28,2023-09-24,331,97.21499999999999,0.9062286105407256,6.620845921450151,1930.94
CUST_05340,62,8,722.06,4,3,2,432,Potential Loyalists,2024-01-29,2024-10-31,276,90.2575,0.75564681724846,10.58695652173913,2866.66
CUST_05341,584,11,2102.29,1,4,4,144,Cannot Lose Them,2022-04-22,2023-05-28,401,191.11727272727273,1.0978781656399725,10.019326683291771,5744.6
CUST_05342,128,21,4002.73,4,5,5,455,Champions,2023-07-12,2024-08-26,411,190.60619047619048,1.1252566735112937,18.662408759124087,10671.51
CUST_05343,160,7,1162.3700000000001,4,3,3,433,Potential Loyalists,2023-08-12,2024-07-25,348,166.05285714285716,0.9527720739219713,7.3469827586206895,3659.96
CUST_05344,541,7,1626.26,1,3,3,133,At Risk,2022-05-16,2023-07-10,420,232.32285714285715,1.1498973305954825,6.0875,4242.8
CUST_05345,71,10,936.85,4,3,2,432,Potential Loyalists,2023-03-10,2024-10-22,592,93.685,1.620807665982204,6.169763513513514,1734.04
CUST_05346,4,17,2724.76,5,4,4,544,Champions,2024-02-06,2024-12-28,326,160.28,0.892539356605065,19.046779141104295,9158.45
CUST_05347,203,5,862.35,3,2,2,322,Need Attention,2023-10-19,2024-06-12,237,172.47,0.648870636550308,7.705696202531646,3987.0
CUST_05348,138,10,1121.79,4,3,3,433,Potential Loyalists,2022-11-22,2024-08-16,633,112.179,1.73305954825462,5.770142180094787,1941.87
CUST_05349,115,7,1103.29,4,3,3,433,Potential Loyalists,2023-09-19,2024-09-08,355,157.61285714285714,0.971937029431896,7.202112676056338,3405.44
CUST_05350,47,9,1275.13,4,3,3,433,Potential Loyalists,2023-12-21,2024-11-15,330,141.68111111111114,0.9034907597535934,9.961363636363636,4234.01
CUST_05351,333,38,7840.38,3,5,5,355,Loyal Customers,2022-04-23,2024-02-03,651,206.3257894736842,1.782340862422998,21.320276497695854,13196.77
CUST_05352,69,5,463.13,4,2,2,422,Potential Loyalists,2024-02-24,2024-10-24,243,92.626,0.6652977412731006,7.515432098765432,2088.37
CUST_05353,417,7,945.9200000000001,2,3,2,232,At Risk,2022-10-30,2023-11-11,377,135.1314285714286,1.0321697467488022,6.78183023872679,2749.32
CUST_05354,70,10,2232.2599999999998,4,3,4,434,Potential Loyalists,2023-03-31,2024-10-23,572,223.22599999999997,1.566050650239562,6.385489510489511,4276.22
CUST_05355,141,17,2315.61,4,4,4,444,Champions,2022-12-09,2024-08-13,613,136.21235294117648,1.678302532511978,10.129282218597064,4139.2
CUST_05356,1,8,1074.78,5,3,3,533,Potential Loyalists,2023-10-05,2024-12-31,453,134.3475,1.2402464065708418,6.450331125827815,2599.76
CUST_05357,184,4,293.15999999999997,4,2,1,421,Potential Loyalists,2024-01-24,2024-07-01,159,73.28999999999999,0.4353182751540041,9.18867924528302,2020.31
CUST_05358,557,17,3186.98,1,4,4,144,Cannot Lose Them,2022-08-01,2023-06-24,327,187.46941176470588,0.8952772073921971,18.988532110091743,10679.31
CUST_05359,22,19,2753.4,5,5,4,554,Champions,2022-11-28,2024-12-10,743,144.9157894736842,2.0342231348391513,9.340174966352624,4060.62
CUST_05360,370,14,1415.42,2,4,3,243,Loyal Customers,2022-07-19,2023-12-28,527,101.10142857142857,1.4428473648186173,9.70303605313093,2942.97
CUST_05361,446,5,1017.53,2,2,3,223,Hibernating,2023-01-13,2023-10-13,273,203.506,0.7474332648870636,6.68956043956044,4084.1
CUST_05362,728,9,1699.92,1,3,3,133,At Risk,2022-03-03,2023-01-04,307,188.88,0.840520191649555,10.707654723127037,6067.39
CUST_05363,3,10,1627.04,5,3,3,533,Potential Loyalists,2024-01-15,2024-12-29,349,162.704,0.9555099247091033,10.465616045845273,5108.39
CUST_05364,370,1,321.46,2,1,1,211,Hibernating,2023-12-28,2023-12-28,0,321.46,0.08213552361396304,12.175,11741.33
CUST_05365,214,35,7453.95,3,5,5,355,Loyal Customers,2022-10-24,2024-06-01,586,212.97,1.6043805612594113,21.815273037542664,13938.0
CUST_05366,78,6,894.46,4,2,2,422,Potential Loyalists,2023-11-30,2024-10-15,320,149.07666666666668,0.8761122518822724,6.8484375,3062.83
CUST_05367,557,10,2276.02,1,3,4,134,Cannot Lose Them,2022-05-27,2023-06-24,393,227.602,1.0759753593429158,9.293893129770993,6345.93
CUST_05368,257,17,2683.22,3,4,4,344,Loyal Customers,2022-07-31,2024-04-19,628,157.83647058823527,1.7193702943189597,9.88734076433121,4681.75
CUST_05369,85,14,1938.1499999999999,4,4,4,444,Champions,2023-03-01,2024-10-08,587,138.43928571428572,1.6071184120465434,8.711243611584328,3617.94
CUST_05370,22,15,2360.61,5,4,4,544,Champions,2023-05-04,2024-12-10,586,157.374,1.6043805612594113,9.349402730375427,4414.06
CUST_05371,268,10,1818.4,3,3,4,334,Need Attention,2023-03-29,2024-04-08,376,181.84,1.0294318959616702,9.71409574468085,5299.23
CUST_05372,337,35,6094.84,3,5,5,355,Loyal Customers,2022-04-10,2024-01-30,660,174.13828571428573,1.8069815195071868,19.369318181818183,10118.82
CUST_05373,390,9,922.51,2,3,2,232,At Risk,2022-07-26,2023-12-08,500,102.50111111111111,1.3689253935660506,6.5745000000000005,2021.68
CUST_05374,45,18,2974.92,4,5,4,454,Champions,2023-02-01,2024-11-17,655,165.27333333333334,1.7932922655715264,10.037404580152671,4976.75
CUST_05375,433,13,2011.77,2,4,4,244,Cannot Lose Them,2022-07-12,2023-10-26,471,154.75153846153847,1.2895277207392197,10.081210191082802,4680.25
CUST_05376,211,2,339.04999999999995,3,1,1,311,Need Attention,2024-03-27,2024-06-04,69,169.52499999999998,0.188911704312115,10.58695652173913,5384.26
CUST_05377,448,4,509.51,2,2,2,222,Hibernating,2023-03-04,2023-10-11,221,127.3775,0.6050650239561944,6.610859728506787,2526.22
CUST_05378,113,7,1203.67,4,3,3,433,Potential Loyalists,2023-08-04,2024-09-10,403,171.95285714285714,1.103353867214237,6.344292803970223,3272.76
CUST_05379,170,11,1520.09,4,4,3,443,Loyal Customers,2023-06-14,2024-07-15,397,138.19,1.0869267624914443,10.120277078085643,4195.56
CUST_05380,460,3,429.25000000000006,2,1,2,212,Hibernating,2023-02-02,2023-09-29,239,143.08333333333334,0.6543463381245722,4.584728033472803,1967.99
CUST_05381,616,8,1123.8,1,3,3,133,At Risk,2022-08-23,2023-04-26,246,140.475,0.6735112936344969,11.878048780487806,5005.71
CUST_05382,488,10,1490.3,2,3,3,233,At Risk,2022-09-11,2023-09-01,355,149.03,0.971937029431896,10.288732394366198,4599.99
CUST_05383,84,5,723.83,4,2,2,422,Potential Loyalists,2024-01-16,2024-10-09,267,144.76600000000002,0.731006160164271,6.839887640449438,2970.55
CUST_05384,74,10,1221.5,4,3,3,433,Potential Loyalists,2023-04-09,2024-10-19,559,122.15,1.5304585900068446,6.533989266547406,2394.38
CUST_05385,703,9,1500.5,1,3,3,133,At Risk,2022-04-13,2023-01-29,291,166.72222222222223,0.7967145790554415,11.29639175257732,5650.08
CUST_05386,167,10,1472.37,4,4,3,443,Loyal Customers,2022-10-05,2024-07-18,652,147.237,1.78507871321013,5.601993865030675,2474.46
CUST_05387,633,1,92.67,1,1,1,111,Hibernating,2023-04-09,2023-04-09,0,92.67,0.08213552361396304,12.175,3384.77
CUST_05388,308,4,665.05,3,2,2,322,Need Attention,2023-08-28,2024-02-28,184,166.2625,0.5037645448323066,7.940217391304349,3960.48
CUST_05389,447,9,1070.8899999999999,2,3,3,233,At Risk,2022-03-28,2023-10-12,563,118.98777777777777,1.541409993155373,5.838809946714032,2084.24
CUST_05390,664,2,66.14,1,1,1,111,Hibernating,2022-10-13,2023-03-09,147,33.07,0.4024640657084189,4.969387755102041,493.01
CUST_05391,495,6,720.78,2,2,2,222,Hibernating,2022-08-31,2023-08-25,359,120.13,0.9828884325804244,6.104456824512535,2199.99
CUST_05392,26,11,1083.26,5,4,3,543,Loyal Customers,2023-10-06,2024-12-06,427,98.47818181818182,1.1690622861054072,9.409250585480095,2779.82
CUST_05393,707,2,198.44,1,1,1,111,Hibernating,2022-09-29,2023-01-25,118,99.22,0.32306639288158795,6.190677966101695,1842.72
CUST_05394,471,6,582.27,2,2,2,222,Hibernating,2022-10-19,2023-09-18,334,97.045,0.9144421629021219,6.561377245508981,1910.25
CUST_05395,75,6,547.08,4,2,2,422,Potential Loyalists,2023-12-07,2024-10-18,316,91.18,0.865160848733744,6.935126582278481,1897.03
CUST_05396,259,10,2275.38,3,4,4,344,Loyal Customers,2022-09-12,2024-04-17,583,227.538,1.596167008898015,6.265008576329331,4276.58
CUST_05397,8,19,5099.44,5,5,5,555,Champions,2024-02-16,2024-12-24,312,268.3915789473684,0.8542094455852156,22.24278846153846,17909.33
CUST_05398,137,5,502.54,4,2,2,422,Potential Loyalists,2023-11-27,2024-08-17,264,100.50800000000001,0.7227926078028748,6.917613636363636,2085.83
CUST_05399,627,25,7588.4,1,5,5,155,Cannot Lose Them,2022-02-05,2023-04-15,434,303.536,1.1882272416153319,21.039746543778804,19158.96
CUST_05400,300,12,3211.83,3,4,4,344,Loyal Customers,2022-11-20,2024-03-07,473,267.6525,1.2950034223134839,9.266384778012686,7440.51
CUST_05401,47,6,393.55,4,2,1,421,Potential Loyalists,2024-01-26,2024-11-15,294,65.59166666666667,0.8049281314168378,7.454081632653061,1466.78
CUST_05402,458,16,3636.4900000000002,2,4,5,245,Cannot Lose Them,2023-01-16,2023-10-01,258,227.28062500000001,0.7063655030800822,22.651162790697672,15444.51
CUST_05403,477,6,830.72,2,2,2,222,Hibernating,2022-11-03,2023-09-12,313,138.45333333333335,0.8569472963723477,7.001597444089457,2908.18
CUST_05404,437,6,716.89,2,2,2,222,Hibernating,2022-10-30,2023-10-22,357,119.48166666666667,0.9774127310061602,6.1386554621848735,2200.37
CUST_05405,8,16,3390.2,5,4,5,545,Champions,2023-03-10,2024-12-24,655,211.8875,1.7932922655715264,8.922137404580152,5671.47
CUST_05406,16,9,819.81,5,3,2,532,Potential Loyalists,2024-02-12,2024-12-16,308,91.08999999999999,0.8432580424366872,10.67288961038961,2916.58
CUST_05407,499,5,602.63,2,2,2,222,Hibernating,2023-01-13,2023-08-21,220,120.526,0.6023271731690623,8.301136363636363,3001.51
CUST_05408,86,22,3674.94,4,5,5,455,Champions,2023-08-10,2024-10-07,424,167.04272727272726,1.160848733744011,18.951650943396224,9497.21
CUST_05409,748,16,2409.63,1,4,4,144,Cannot Lose Them,2022-03-25,2022-12-15,265,150.601875,0.7255304585900069,22.052830188679245,9963.59
CUST_05410,18,3,325.08000000000004,5,1,1,511,New Customers,2024-04-04,2024-12-14,254,108.36000000000001,0.6954140999315537,4.3139763779527565,1402.39
CUST_05411,27,9,604.69,5,3,2,532,Potential Loyalists,2024-01-20,2024-12-05,320,67.18777777777778,0.8761122518822724,10.27265625,2070.59
CUST_05412,237,8,1147.12,3,3,3,333,Need Attention,2023-06-27,2024-05-09,317,143.39,0.8678986995208761,9.217665615141957,3965.16
CUST_05413,34,5,618.99,5,2,2,522,Potential Loyalists,2024-02-07,2024-11-28,295,123.798,0.8076659822039699,6.190677966101695,2299.18
CUST_05414,137,4,456.41,4,2,2,422,Potential Loyalists,2024-03-01,2024-08-17,169,114.1025,0.46269678302532513,8.644970414201183,2959.24
CUST_05415,306,10,1115.7,3,4,3,343,Loyal Customers,2022-07-10,2024-03-01,600,111.57000000000001,1.6427104722792607,6.0875,2037.55
CUST_05416,436,10,2110.69,2,4,4,244,Cannot Lose Them,2022-10-19,2023-10-23,369,211.06900000000002,1.0102669404517455,9.898373983739836,6267.72
CUST_05417,18,6,338.61999999999995,5,2,1,521,Potential Loyalists,2024-03-18,2024-12-14,271,56.43666666666666,0.7419575633127995,8.086715867158672,1369.16
CUST_05418,748,3,349.45,1,1,1,111,Hibernating,2022-07-22,2022-12-15,146,116.48333333333333,0.3997262149212868,7.50513698630137,2622.67
CUST_05419,46,5,815.02,4,2,2,422,Potential Loyalists,2024-03-08,2024-11-16,253,163.004,0.6926762491444216,7.218379446640316,3529.87
CUST_05420,153,8,1150.3,4,3,3,433,Potential Loyalists,2023-05-27,2024-08-01,432,143.7875,1.1827515400410678,6.763888888888889,2917.69
CUST_05421,25,32,8203.48,5,5,5,555,Champions,2023-05-11,2024-12-07,576,256.35875,1.5770020533880904,20.291666666666664,15605.84
CUST_05422,248,2,80.03999999999999,3,1,1,311,Need Attention,2024-02-01,2024-04-28,87,40.019999999999996,0.23819301848049282,8.39655172413793,1008.09
CUST_05423,814,4,735.47,1,2,2,122,Hibernating,2022-04-04,2022-10-10,189,183.8675,0.5174537987679672,7.73015873015873,4263.97
CUST_05424,215,2,195.06,3,1,1,311,Need Attention,2024-01-09,2024-05-31,143,97.53,0.3915126625598905,5.108391608391608,1494.66
CUST_05425,73,29,5977.02,4,5,5,455,Champions,2023-04-09,2024-10-20,560,206.1041379310345,1.5331964407939767,18.914732142857144,11695.21
CUST_05426,107,30,5887.91,4,5,5,455,Champions,2023-04-16,2024-09-16,519,196.26366666666667,1.4209445585215605,21.112716763005782,12430.98
CUST_05427,153,9,1875.02,4,3,4,434,Potential Loyalists,2023-09-08,2024-08-01,328,208.33555555555554,0.8980150581793293,10.022103658536585,6263.88
CUST_05428,218,12,1669.15,3,4,3,343,Loyal Customers,2023-01-18,2024-05-28,496,139.09583333333333,1.3579739904175223,8.836693548387096,3687.44
CUST_05429,548,3,397.29999999999995,1,1,2,112,Hibernating,2022-11-14,2023-07-03,231,132.4333333333333,0.6324435318275154,4.7435064935064934,1884.6
CUST_05430,33,11,1922.57,5,4,4,544,Champions,2023-10-05,2024-11-29,421,174.7790909090909,1.1526351813826146,9.543349168646081,5003.93
CUST_05431,162,10,1497.27,4,4,3,443,Loyal Customers,2023-08-01,2024-07-23,357,149.727,0.9774127310061602,10.231092436974789,4595.61
CUST_05432,486,28,7030.26,2,5,5,255,Cannot Lose Them,2022-03-27,2023-09-03,525,251.0807142857143,1.4373716632443532,19.48,14673.16
CUST_05433,246,10,1347.84,3,4,3,343,Loyal Customers,2023-05-09,2024-04-30,357,134.784,0.9774127310061602,10.231092436974789,4136.96
CUST_05434,516,3,199.93,2,1,1,211,Hibernating,2022-12-01,2023-08-04,246,66.64333333333333,0.6735112936344969,4.454268292682927,890.54
CUST_05435,601,3,144.07,1,1,1,111,Hibernating,2022-08-02,2023-05-11,282,48.02333333333333,0.7720739219712526,3.8856382978723403,559.8
CUST_05436,344,5,674.1500000000001,2,2,2,222,Hibernating,2023-04-19,2024-01-23,279,134.83,0.7638603696098563,6.545698924731183,2647.67
CUST_05437,20,15,2482.45,5,4,4,544,Champions,2023-04-28,2024-12-12,594,165.49666666666664,1.626283367556468,9.22348484848485,4579.37
CUST_05438,222,20,6166.58,3,5,5,355,Loyal Customers,2023-05-30,2024-05-24,360,308.329,0.9856262833675564,20.291666666666668,18769.53
CUST_05439,307,1,31.91,3,1,1,311,Need Attention,2024-02-29,2024-02-29,0,31.91,0.08213552361396304,12.175,1165.51
CUST_05440,685,12,2943.51,1,4,4,144,Cannot Lose Them,2022-02-05,2023-02-16,376,245.29250000000002,1.0294318959616702,11.65691489361702,8578.06
CUST_05441,418,7,1370.9099999999999,2,3,3,233,At Risk,2022-10-27,2023-11-10,379,195.8442857142857,1.0376454483230664,6.746042216358839,3963.52
CUST_05442,63,9,1419.47,4,3,3,433,Potential Loyalists,2023-05-02,2024-10-30,547,157.7188888888889,1.4976043805612593,6.009597806215722,2843.48
CUST_05443,282,19,3675.6,3,5,5,355,Loyal Customers,2022-04-29,2024-03-25,696,193.45263157894738,1.9055441478439425,9.970905172413794,5786.69
CUST_05444,567,6,433.79,1,2,2,122,Hibernating,2022-09-05,2023-06-14,282,72.29833333333333,0.7720739219712526,7.7712765957446805,1685.55
CUST_05445,572,2,206.56,1,1,1,111,Hibernating,2023-02-25,2023-06-09,104,103.28,0.28473648186173856,7.024038461538461,2176.33
CUST_05446,208,6,516.9599999999999,3,2,2,322,Need Attention,2023-06-16,2024-06-07,357,86.15999999999998,0.9774127310061602,6.1386554621848735,1586.72
CUST_05447,133,11,1487.58,4,4,3,443,Loyal Customers,2023-07-08,2024-08-21,410,135.23454545454544,1.1225188227241616,9.799390243902439,3975.65
CUST_05448,184,3,360.52,4,1,1,411,New Customers,2023-12-06,2024-07-01,208,120.17333333333333,0.5694729637234771,5.268028846153846,1899.23
CUST_05449,725,2,76.50999999999999,1,1,1,111,Hibernating,2022-07-15,2023-01-07,176,38.254999999999995,0.48186173853524983,4.150568181818182,476.34
CUST_05450,98,8,1052.02,4,3,3,433,Potential Loyalists,2023-07-12,2024-09-25,441,131.5025,1.2073921971252566,6.625850340136055,2613.95
CUST_05451,92,8,1224.9299999999998,4,3,3,433,Potential Loyalists,2023-06-13,2024-10-01,476,153.11624999999998,1.3032169746748803,6.1386554621848735,2819.78
CUST_05452,147,18,2677.57,4,5,4,454,Champions,2022-08-22,2024-08-07,716,148.7538888888889,1.9603011635865846,9.182262569832401,4097.69
CUST_05453,92,17,1939.8600000000001,4,4,4,444,Champions,2023-01-03,2024-10-01,637,114.1094117647059,1.7440109514031485,9.747645211930926,3336.89
CUST_05454,3,12,1393.01,5,4,3,543,Loyal Customers,2023-08-05,2024-12-29,512,116.08416666666666,1.4017796030116358,8.560546875,2981.23
CUST_05455,83,27,6105.11,4,5,5,455,Champions,2023-03-22,2024-10-10,568,226.11518518518517,1.5550992470910336,17.362235915492956,11777.6
CUST_05456,712,5,366.49,1,2,1,121,Hibernating,2022-04-06,2023-01-20,289,73.298,0.7912388774811773,6.319204152249135,1389.56
CUST_05457,439,5,375.85999999999996,2,2,1,221,Hibernating,2022-12-15,2023-10-20,309,75.172,0.8459958932238193,5.910194174757281,1332.84
CUST_05458,133,9,1633.99,4,3,3,433,Potential Loyalists,2023-11-03,2024-08-21,292,181.55444444444444,0.7994524298425736,11.257705479452055,6131.66
CUST_05459,156,10,716.47,4,4,2,442,Loyal Customers,2022-09-17,2024-07-29,681,71.647,1.864476386036961,5.363436123348017,1152.82
CUST_05460,55,3,82.07000000000001,4,1,1,411,New Customers,2023-12-29,2024-11-07,314,27.35666666666667,0.8596851471594799,3.4896496815286624,286.4
CUST_05461,17,11,1674.86,5,4,3,543,Loyal Customers,2023-12-16,2024-12-15,365,152.26,0.999315537303217,11.007534246575343,5028.02
CUST_05462,406,6,1167.78,2,2,3,223,Hibernating,2023-01-09,2023-11-22,317,194.63,0.8678986995208761,6.913249211356467,4036.58
CUST_05463,78,2,76.68,4,1,1,411,New Customers,2024-06-10,2024-10-15,127,38.34,0.34770704996577684,5.751968503937008,661.59
CUST_05464,73,6,843.21,4,2,2,422,Potential Loyalists,2023-10-23,2024-10-20,363,140.535,0.9938398357289527,6.037190082644629,2545.31
CUST_05465,309,17,2306.8,3,4,4,344,Loyal Customers,2022-05-26,2024-02-27,642,135.69411764705885,1.757700205338809,9.671728971962617,3937.19
CUST_05466,6,30,7295.96,5,5,5,555,Champions,2023-07-14,2024-12-26,531,243.19866666666667,1.4537987679671458,20.635593220338983,15055.65
CUST_05467,66,4,873.75,4,2,2,422,Potential Loyalists,2024-04-07,2024-10-27,203,218.4375,0.5557837097878165,7.197044334975369,4716.31
CUST_05468,4,11,1741.27,5,4,3,543,Loyal Customers,2023-12-06,2024-12-28,388,158.2972727272727,1.0622861054072552,10.355025773195877,4917.52
CUST_05469,523,6,1157.98,1,2,3,123,Hibernating,2022-07-31,2023-07-28,362,192.99666666666667,0.9911019849418207,6.053867403314917,3505.13
CUST_05470,19,12,2233.02,5,4,4,544,Champions,2023-09-13,2024-12-13,457,186.085,1.2511978097193703,9.590809628008753,5354.12
CUST_05471,208,10,1381.24,3,4,3,343,Loyal Customers,2022-11-14,2024-06-07,571,138.124,1.5633127994524298,6.396672504378284,2650.6
CUST_05472,460,3,143.88,2,1,1,211,Hibernating,2023-01-03,2023-09-29,269,47.96,0.7364818617385352,4.073420074349443,586.08
CUST_05473,363,8,1250.74,2,3,3,233,At Risk,2023-04-23,2024-01-04,256,156.3425,0.7008898015058179,11.4140625,5353.51
CUST_05474,33,7,1514.92,5,3,3,533,Potential Loyalists,2023-09-27,2024-11-29,429,216.41714285714286,1.1745379876796715,5.959790209790209,3869.4
CUST_05475,20,12,1411.88,5,4,3,543,Loyal Customers,2023-10-22,2024-12-12,417,117.65666666666668,1.1416837782340863,10.510791366906474,3709.99
CUST_05476,564,19,6195.71,1,5,5,155,Cannot Lose Them,2022-07-21,2023-06-17,331,326.09,0.9062286105407256,20.966012084592144,20510.42
CUST_05477,682,2,135.63,1,1,1,111,Hibernating,2022-10-10,2023-02-19,132,67.815,0.3613963039014374,5.534090909090908,1125.88
CUST_05478,4,17,2534.51,5,4,4,544,Champions,2023-02-03,2024-12-28,694,149.08882352941177,1.9000684462696784,8.947046109510087,4001.71
CUST_05479,800,3,335.24,1,1,1,111,Hibernating,2022-04-29,2022-10-24,178,111.74666666666667,0.487337440109514,6.155898876404494,2063.7
CUST_05480,545,8,2245.29,1,3,4,134,Cannot Lose Them,2022-10-23,2023-07-06,256,280.66125,0.7008898015058179,11.4140625,9610.46
CUST_05481,613,2,143.21,1,1,1,111,Hibernating,2022-12-12,2023-04-29,138,71.605,0.37782340862423,5.293478260869565,1137.12
CUST_05482,325,29,6463.4800000000005,3,5,5,355,Loyal Customers,2022-07-31,2024-02-11,560,222.87862068965518,1.5331964407939767,18.914732142857144,12647.07
CUST_05483,32,5,873.8000000000001,5,2,2,522,Potential Loyalists,2024-03-27,2024-11-30,248,174.76000000000002,0.6789869952087612,7.36391129032258,3860.75
CUST_05484,627,9,1146.44,1,3,3,133,At Risk,2022-06-03,2023-04-15,316,127.38222222222223,0.865160848733744,10.402689873417721,3975.35
CUST_05485,21,14,3093.11,5,4,4,544,Champions,2023-08-15,2024-12-11,484,220.9364285714286,1.325119780971937,10.565082644628099,7002.63
CUST_05486,117,8,1046.95,4,3,3,433,Potential Loyalists,2023-04-14,2024-09-06,511,130.86875,1.3990417522245038,5.7181996086105675,2245.0
CUST_05487,533,6,671.64,1,2,2,122,Hibernating,2022-10-02,2023-07-18,289,111.94,0.7912388774811773,7.583044982698962,2546.54
CUST_05488,14,20,3060.1,5,5,4,554,Champions,2023-12-03,2024-12-18,381,153.005,1.0431211498973305,19.173228346456696,8800.8
CUST_05489,58,4,511.96999999999997,4,2,2,422,Potential Loyalists,2024-04-04,2024-11-04,214,127.99249999999999,0.5859000684462696,6.827102803738319,2621.45
CUST_05490,472,18,3445.23,2,5,5,255,Cannot Lose Them,2022-10-25,2023-09-17,327,191.40166666666667,0.8952772073921971,20.105504587155963,11544.68
CUST_05491,7,12,2282.07,5,4,4,544,Champions,2023-08-27,2024-12-25,486,190.1725,1.3305954825462012,9.018518518518519,5145.22
CUST_05492,11,8,947.61,5,3,2,532,Potential Loyalists,2024-02-23,2024-12-21,302,118.45125,0.8268309377138946,9.675496688741722,3438.22
CUST_05493,482,7,1361.63,2,3,3,233,At Risk,2022-07-14,2023-09-07,420,194.51857142857145,1.1498973305954825,6.0875,3552.4
CUST_05494,40,6,996.23,5,2,3,523,Potential Loyalists,2023-11-09,2024-11-22,379,166.03833333333333,1.0376454483230664,5.782321899736147,2880.26
CUST_05495,101,24,4644.99,4,5,5,455,Champions,2023-05-26,2024-09-22,485,193.54125,1.3278576317590691,18.07422680412371,10494.33
CUST_05496,404,9,1930.1799999999998,2,3,4,234,Cannot Lose Them,2022-07-05,2023-11-24,507,214.46444444444444,1.3880903490759753,6.483727810650888,4171.59
CUST_05497,437,3,381.64,2,1,1,211,Hibernating,2023-04-10,2023-10-22,195,127.21333333333332,0.5338809034907598,5.619230769230769,2144.52
CUST_05498,432,7,1192.83,2,3,3,233,At Risk,2022-07-31,2023-10-27,453,170.4042857142857,1.2402464065708418,5.644039735099338,2885.31
CUST_05499,732,3,838.0799999999999,1,1,2,112,Hibernating,2022-06-11,2022-12-31,203,279.35999999999996,0.5557837097878165,5.397783251231528,4523.77
CUST_05500,30,12,2233.52,5,4,4,544,Champions,2023-09-14,2024-12-02,445,186.12666666666667,1.218343600273785,9.84943820224719,5499.73
CUST_05501,482,7,911.67,2,3,2,232,At Risk,2022-07-25,2023-09-07,409,130.23857142857142,1.1197809719370295,6.25122249388753,2442.45
CUST_05502,94,3,549.4,4,1,2,412,New Customers,2024-03-16,2024-09-29,197,183.13333333333333,0.5393566050650239,5.562182741116752,3055.86
CUST_05503,53,18,2656.0299999999997,4,5,4,454,Champions,2024-02-19,2024-11-09,264,147.5572222222222,0.7227926078028748,24.90340909090909,11024.03
CUST_05504,500,19,2929.67,2,5,4,254,Cannot Lose Them,2022-09-29,2023-08-20,325,154.19315789473686,0.8898015058179329,21.353076923076923,9877.5
CUST_05505,249,19,2332.31,3,5,4,354,Loyal Customers,2022-07-18,2024-04-27,649,122.75315789473684,1.7768651608487338,10.692989214175654,3937.79
CUST_05506,442,5,543.84,2,2,2,222,Hibernating,2023-01-11,2023-10-17,279,108.768,0.7638603696098563,6.545698924731183,2135.89
CUST_05507,371,8,2207.93,2,3,4,234,Cannot Lose Them,2023-03-15,2023-12-27,287,275.99125,0.785763175906913,10.181184668989548,8429.75
CUST_05508,34,8,1557.78,5,3,3,533,Potential Loyalists,2024-02-17,2024-11-28,285,194.7225,0.7802874743326489,10.252631578947367,5989.25
CUST_05509,655,18,4957.31,1,5,5,155,Cannot Lose Them,2022-06-09,2023-03-18,282,275.40611111111116,0.7720739219712526,23.31382978723404,19262.31
CUST_05510,80,29,6023.43,4,5,5,455,Champions,2023-04-20,2024-10-13,542,207.7044827586207,1.483915126625599,19.542896678966788,12177.44
CUST_05511,24,11,2163.24,5,4,4,544,Champions,2023-10-23,2024-12-08,412,196.6581818181818,1.1279945242984257,9.751820388349515,5753.33
CUST_05512,721,1,44.41,1,1,1,111,Hibernating,2023-01-11,2023-01-11,0,44.41,0.08213552361396304,12.175,1622.08
CUST_05513,205,5,379.79999999999995,3,2,1,321,Need Attention,2023-09-30,2024-06-10,254,75.96,0.6954140999315537,7.18996062992126,1638.45
CUST_05514,235,9,879.32,3,3,2,332,Need Attention,2023-02-27,2024-05-11,439,97.70222222222223,1.2019164955509924,7.488041002277904,2194.79
CUST_05515,294,1,82.61,3,1,1,311,Need Attention,2024-03-13,2024-03-13,0,82.61,0.08213552361396304,12.175,3017.33
CUST_05516,273,19,2879.79,3,5,4,354,Loyal Customers,2022-04-09,2024-04-03,725,151.5678947368421,1.9849418206707734,9.572068965517241,4352.46
CUST_05517,347,10,1256.1499999999999,2,4,3,243,Loyal Customers,2023-02-13,2024-01-20,341,125.61499999999998,0.9336071184120466,10.711143695014663,4036.44
CUST_05518,799,15,1546.73,1,4,3,143,Loyal Customers,2022-03-04,2022-10-25,235,103.11533333333334,0.6433949349760438,23.31382978723404,7212.04
CUST_05519,410,16,2477.64,2,4,4,244,Cannot Lose Them,2022-03-29,2023-11-18,599,154.8525,1.6399726214921286,9.756260434056761,4532.34
CUST_05520,26,7,772.41,5,3,2,532,Potential Loyalists,2024-02-21,2024-12-06,289,110.3442857142857,0.7912388774811773,8.84688581314879,2928.61
CUST_05521,3,7,1199.18,5,3,3,533,Potential Loyalists,2023-11-01,2024-12-29,424,171.3114285714286,1.160848733744011,6.030070754716981,3099.06
CUST_05522,100,19,3962.82,4,5,5,455,Champions,2022-10-12,2024-09-23,712,208.56947368421052,1.949349760438056,9.74683988764045,6098.68
CUST_05523,108,2,134.62,4,1,1,411,New Customers,2024-05-15,2024-09-15,123,67.31,0.33675564681724846,5.939024390243903,1199.27
CUST_05524,176,21,4275.1,4,5,5,455,Champions,2023-06-06,2024-07-09,399,203.5761904761905,1.0924024640657084,19.223684210526315,11740.45
CUST_05525,549,8,2425.24,1,3,4,134,Cannot Lose Them,2022-10-13,2023-07-02,262,303.155,0.7173169062286106,11.15267175572519,10142.96
CUST_05526,365,16,2486.52,2,4,4,244,Cannot Lose Them,2022-05-06,2024-01-02,606,155.4075,1.6591375770020533,9.643564356435643,4496.05
CUST_05527,242,15,1398.37,3,4,3,343,Loyal Customers,2022-10-21,2024-05-04,561,93.22466666666666,1.5359342915811087,9.766042780748664,2731.31
CUST_05528,44,14,1982.56,4,4,4,444,Champions,2023-04-26,2024-11-18,572,141.61142857142858,1.566050650239562,8.939685314685315,3797.88
CUST_05529,36,7,605.09,5,3,2,532,Potential Loyalists,2023-11-06,2024-11-26,386,86.44142857142857,1.056810403832991,6.623704663212435,1717.69
CUST_05530,361,14,2763.77,2,4,4,244,Cannot Lose Them,2022-10-20,2024-01-06,443,197.41214285714287,1.212867898699521,11.542889390519187,6836.12
CUST_05531,345,9,1462.86,2,3,3,233,At Risk,2023-03-10,2024-01-22,318,162.54,0.8706365503080082,10.337264150943396,5040.66
CUST_05532,508,5,665.21,2,2,2,222,Hibernating,2022-11-23,2023-08-12,262,133.042,0.7173169062286106,6.970419847328245,2782.08
CUST_05533,498,21,4125.17,2,5,5,255,Cannot Lose Them,2022-10-15,2023-08-22,311,196.43666666666667,0.8514715947980835,24.663183279742764,14534.26
CUST_05534,441,5,678.55,2,2,2,222,Hibernating,2023-02-16,2023-10-18,244,135.70999999999998,0.6680355920602327,7.484631147540984,3047.22
CUST_05535,271,39,8888.0,3,5,5,355,Loyal Customers,2022-06-19,2024-04-05,656,227.89743589743588,1.7960301163586585,21.71455792682927,14846.08
CUST_05536,107,8,1031.51,4,3,3,433,Potential Loyalists,2023-10-02,2024-09-16,350,128.93875,0.9582477754962354,8.348571428571429,3229.36
CUST_05537,536,2,126.85,1,1,1,111,Hibernating,2023-05-12,2023-07-15,64,63.425,0.17522245037645448,11.4140625,2171.81
CUST_05538,144,15,2645.99,4,4,4,444,Champions,2023-01-18,2024-08-10,570,176.39933333333332,1.5605749486652978,9.611842105263158,5086.57
CUST_05539,491,3,521.31,2,1,2,212,Hibernating,2022-12-27,2023-08-29,245,173.76999999999998,0.6707734428473648,4.472448979591837,2331.53
CUST_05540,617,8,913.75,1,3,2,132,At Risk,2022-03-16,2023-04-25,405,114.21875,1.108829568788501,7.214814814814815,2472.2
CUST_05541,15,10,1290.89,5,4,3,543,Loyal Customers,2023-09-28,2024-12-17,446,129.089,1.2210814510609171,8.189461883408072,3171.51
CUST_05542,21,8,1169.18,5,3,3,533,Potential Loyalists,2024-02-11,2024-12-11,304,146.1475,0.8323066392881588,9.611842105263158,4214.24
CUST_05543,138,24,4249.15,4,5,5,455,Champions,2023-08-05,2024-08-16,377,177.04791666666665,1.0321697467488022,23.251989389920425,12350.15
CUST_05544,356,8,1416.8,2,3,3,233,At Risk,2022-10-10,2024-01-11,458,177.1,1.2539356605065024,6.379912663755459,3389.65
CUST_05545,1,10,1157.06,5,4,3,543,Loyal Customers,2024-02-09,2024-12-31,326,115.70599999999999,0.892539356605065,11.20398773006135,3889.11
CUST_05546,131,18,4249.36,4,5,5,455,Champions,2022-08-08,2024-08-23,746,236.07555555555552,2.0424366872005475,8.813002680965148,6241.6
CUST_05547,27,9,1270.05,5,3,3,533,Potential Loyalists,2024-01-29,2024-12-05,311,141.11666666666667,0.8514715947980835,10.569935691318328,4474.78
CUST_05548,292,18,4036.18,3,5,5,355,Loyal Customers,2022-06-09,2024-03-15,645,224.23222222222222,1.7659137577002053,10.193023255813953,6856.81
CUST_05549,131,2,345.19,4,1,1,411,New Customers,2024-05-14,2024-08-23,101,172.595,0.27652292950034224,7.232673267326732,3744.97
CUST_05550,608,2,297.48,1,1,1,111,Hibernating,2022-11-29,2023-05-04,156,148.74,0.4271047227926078,4.6826923076923075,2089.51
CUST_05551,491,5,481.89,2,2,2,222,Hibernating,2023-01-31,2023-08-29,210,96.378,0.5749486652977412,8.696428571428571,2514.43
CUST_05552,332,8,548.98,3,3,2,332,Need Attention,2023-06-01,2024-02-04,248,68.6225,0.6789869952087612,11.782258064516128,2425.58
CUST_05553,368,16,3785.54,2,4,5,245,Cannot Lose Them,2023-03-23,2023-12-30,282,236.59625,0.7720739219712526,20.72340425531915,14709.24
CUST_05554,572,2,55.38,1,1,1,111,Hibernating,2022-12-23,2023-06-09,168,27.69,0.459958932238193,4.348214285714286,361.21
CUST_05555,23,10,1382.3,5,4,3,543,Loyal Customers,2024-02-04,2024-12-09,309,138.23,0.8459958932238193,11.820388349514563,4901.8
CUST_05556,24,10,1884.27,5,4,4,544,Champions,2023-12-14,2024-12-08,360,188.427,0.9856262833675564,10.145833333333334,5735.25
CUST_05557,718,9,2047.58,1,3,4,134,Cannot Lose Them,2022-03-22,2023-01-14,298,227.5088888888889,0.8158795345653662,11.031040268456376,7528.98
CUST_05558,302,31,7080.2,3,5,5,355,Loyal Customers,2022-09-10,2024-03-05,542,228.39354838709676,1.483915126625599,20.890682656826566,14313.89
CUST_05559,254,19,2628.77,3,5,4,354,Loyal Customers,2022-05-07,2024-04-22,716,138.35631578947368,1.9603011635865846,9.692388268156424,4023.01
CUST_05560,54,14,2516.61,4,4,4,444,Champions,2023-06-15,2024-11-08,512,179.75785714285715,1.4017796030116358,9.9873046875,5385.89
CUST_05561,562,29,6829.6,1,5,5,155,Cannot Lose Them,2022-02-12,2023-06-19,492,235.50344827586207,1.3470225872689938,21.52896341463415,15210.44
CUST_05562,391,20,4603.3099999999995,2,5,5,255,Cannot Lose Them,2023-01-19,2023-12-07,322,230.16549999999998,0.8815879534565366,22.68633540372671,15664.84
CUST_05563,326,10,1075.1,3,4,3,343,Loyal Customers,2022-07-16,2024-02-10,574,107.50999999999999,1.571526351813826,6.363240418118467,2052.34
CUST_05564,3,19,5045.34,5,5,5,555,Champions,2023-02-18,2024-12-29,680,265.5442105263158,1.8617385352498288,10.205514705882353,8130.05
CUST_05565,586,7,1787.61,1,3,3,133,At Risk,2022-07-10,2023-05-26,320,255.37285714285713,0.8761122518822724,7.98984375,6121.17
CUST_05566,549,7,895.61,1,3,2,132,At Risk,2022-06-20,2023-07-02,377,127.94428571428571,1.0321697467488022,6.78183023872679,2603.09
CUST_05567,484,6,858.52,2,2,2,222,Hibernating,2022-10-07,2023-09-05,333,143.08666666666667,0.9117043121149897,6.581081081081082,2824.99
CUST_05568,8,19,4468.0,5,5,5,555,Champions,2024-02-09,2024-12-24,319,235.1578947368421,0.8733744010951403,21.754702194357368,15347.37
CUST_05569,25,7,712.7,5,3,2,532,Potential Loyalists,2023-11-28,2024-12-07,375,101.81428571428572,1.0266940451745379,6.8180000000000005,2082.51
CUST_05570,29,10,1170.45,5,4,3,543,Loyal Customers,2023-12-09,2024-12-03,360,117.045,0.9856262833675564,10.145833333333334,3562.56
CUST_05571,110,35,7222.67,4,5,5,455,Champions,2023-01-23,2024-09-13,599,206.362,1.6399726214921286,21.341819699499165,13212.42
CUST_05572,302,1,129.59,3,1,1,311,Need Attention,2024-03-05,2024-03-05,0,129.59,0.08213552361396304,12.175,4733.27
CUST_05573,149,39,9069.74,4,5,5,455,Champions,2022-09-09,2024-08-05,696,232.55743589743588,1.9055441478439425,20.466594827586206,14278.98
CUST_05574,215,5,167.59,3,2,1,321,Need Attention,2023-08-24,2024-05-31,281,33.518,0.7693360711841205,6.499110320284697,653.51
CUST_05575,373,10,1151.2,2,4,3,243,Loyal Customers,2022-03-09,2023-12-25,656,115.12,1.7960301163586585,5.567835365853658,1922.91
CUST_05576,658,6,963.21,1,2,2,122,Hibernating,2022-05-08,2023-03-15,311,160.535,0.8514715947980835,7.046623794212218,3393.69
CUST_05577,386,8,1860.82,2,3,4,234,Cannot Lose Them,2022-09-21,2023-12-12,447,232.6025,1.2238193018480492,6.5369127516778525,4561.51
CUST_05578,349,3,150.1,2,1,1,211,Hibernating,2023-02-01,2024-01-18,351,50.03333333333333,0.9609856262833676,3.121794871794872,468.58
CUST_05579,408,10,1105.03,2,4,3,243,Loyal Customers,2023-01-20,2023-11-20,304,110.503,0.8323066392881588,12.014802631578947,3983.02
CUST_05580,875,1,48.46,1,1,1,111,Hibernating,2022-08-10,2022-08-10,0,48.46,0.08213552361396304,12.175,1770.0
CUST_05581,489,34,6329.18,2,5,5,255,Cannot Lose Them,2022-03-15,2023-08-31,534,186.15235294117647,1.462012320328542,23.25561797752809,12987.26
CUST_05582,29,10,1988.3200000000002,5,4,4,544,Champions,2023-10-29,2024-12-03,401,198.83200000000002,1.0978781656399725,9.108478802992519,5433.17
CUST_05583,472,27,6611.47,2,5,5,255,Cannot Lose Them,2022-05-31,2023-09-17,474,244.86925925925928,1.297741273100616,20.805379746835445,15283.79
CUST_05584,370,34,8236.13,2,5,5,255,Cannot Lose Them,2022-04-22,2023-12-28,615,242.2391176470588,1.6837782340862424,20.192682926829267,14674.37
CUST_05585,9,19,2521.34,5,5,4,554,Champions,2023-01-14,2024-12-23,709,132.7021052631579,1.9411362080766599,9.788081805359662,3896.7
CUST_05586,309,1,184.04,3,1,1,311,Need Attention,2024-02-27,2024-02-27,0,184.04,0.08213552361396304,12.175,6722.06
CUST_05587,811,2,120.64,1,1,1,111,Hibernating,2022-08-14,2022-10-13,60,60.32,0.16427104722792607,12.175,2203.19
CUST_05588,286,31,7029.7300000000005,3,5,5,355,Loyal Customers,2022-08-02,2024-03-21,597,226.76548387096776,1.6344969199178645,18.96608040201005,12902.56
CUST_05589,116,39,8462.93,4,5,5,455,Champions,2022-08-18,2024-09-07,751,216.99820512820514,2.0561259411362083,18.967709720372834,12347.88
CUST_05590,43,8,1297.44,5,3,3,533,Potential Loyalists,2024-02-06,2024-11-19,287,162.18,0.785763175906913,10.181184668989548,4953.55
CUST_05591,752,1,22.49,1,1,1,111,Hibernating,2022-12-11,2022-12-11,0,22.49,0.08213552361396304,12.175,821.45
CUST_05592,10,9,1636.65,5,3,3,533,Potential Loyalists,2023-08-23,2024-12-22,487,181.85000000000002,1.3333333333333333,6.75,3682.46
CUST_05593,30,12,2739.37,5,4,4,544,Champions,2023-08-06,2024-12-02,484,228.28083333333333,1.325119780971937,9.055785123966942,6201.79
CUST_05594,130,2,112.17000000000002,4,1,1,411,New Customers,2024-06-01,2024-08-24,84,56.08500000000001,0.2299794661190965,8.696428571428571,1463.22
CUST_05595,5,12,1710.21,5,4,3,543,Loyal Customers,2023-09-27,2024-12-27,457,142.5175,1.2511978097193703,9.590809628008753,4100.57
CUST_05596,287,13,1553.44,3,4,3,343,Loyal Customers,2022-09-08,2024-03-20,559,119.49538461538462,1.5304585900068446,8.494186046511627,3045.05
CUST_05597,386,10,838.3900000000001,2,4,2,242,Loyal Customers,2022-11-13,2023-12-12,394,83.83900000000001,1.0787132101300478,9.27030456852792,2331.64
CUST_05598,770,2,59.98,1,1,1,111,Hibernating,2022-07-14,2022-11-23,132,29.99,0.3613963039014374,5.534090909090908,497.9
CUST_05599,29,12,1906.8,5,4,4,544,Champions,2023-07-14,2024-12-03,508,158.9,1.3908281998631074,8.627952755905513,4112.95
CUST_05600,313,15,3399.71,3,4,5,345,Loyal Customers,2022-09-02,2024-02-23,539,226.64733333333334,1.4757015742642026,10.16465677179963,6911.38
CUST_05601,556,3,57.260000000000005,1,1,1,111,Hibernating,2023-01-28,2023-06-25,148,19.08666666666667,0.405201916495551,7.403716216216217,423.94
CUST_05602,302,3,295.84000000000003,3,1,1,311,Need Attention,2023-08-19,2024-03-05,199,98.61333333333334,0.5448323066392882,5.506281407035176,1628.98
CUST_05603,199,35,7019.629999999999,3,5,5,355,Loyal Customers,2022-10-04,2024-06-16,621,200.56085714285712,1.700205338809035,20.58574879227053,12386.09
CUST_05604,10,33,7054.280000000001,5,5,5,555,Champions,2023-05-02,2024-12-22,600,213.76606060606062,1.6427104722792607,20.08875,12882.88
CUST_05605,244,1,261.29,3,1,1,311,Need Attention,2024-05-02,2024-05-02,0,261.29,0.08213552361396304,12.175,9543.62
CUST_05606,96,15,4109.35,4,4,5,445,Champions,2024-01-13,2024-09-27,258,273.9566666666667,0.7063655030800822,21.23546511627907,17452.79
CUST_05607,16,22,4359.95,5,5,5,555,Champions,2023-12-11,2024-12-16,371,198.17954545454543,1.0157426420260096,21.659029649595688,12877.13
CUST_05608,281,1,57.33,3,1,1,311,Need Attention,2024-03-26,2024-03-26,0,57.33,0.08213552361396304,12.175,2093.98
CUST_05609,227,19,2720.49,3,5,4,354,Loyal Customers,2022-04-12,2024-05-19,768,143.1836842105263,2.102669404517454,9.0361328125,3881.48
CUST_05610,466,5,282.32,2,2,1,221,Hibernating,2022-11-20,2023-09-23,307,56.464,0.840520191649555,5.948697068403909,1007.66
CUST_05611,498,1,61.85,2,1,1,211,Hibernating,2023-08-22,2023-08-22,0,61.85,0.08213552361396304,12.175,2259.07
CUST_05612,461,32,6576.81,2,5,5,255,Cannot Lose Them,2022-03-07,2023-09-28,570,205.5253125,1.5605749486652978,20.505263157894735,12643.05
CUST_05613,178,5,606.7,4,2,2,422,Potential Loyalists,2023-10-24,2024-07-07,257,121.34,0.70362765229295,7.10603112840467,2586.74
CUST_05614,522,2,62.480000000000004,1,1,1,111,Hibernating,2023-05-23,2023-07-29,67,31.240000000000002,0.1834360027378508,10.902985074626866,1021.83
CUST_05615,283,3,467.65,3,1,2,312,Need Attention,2023-08-13,2024-03-24,224,155.88333333333333,0.6132785763175906,4.891741071428572,2287.62
CUST_05616,349,12,1644.97,2,4,3,243,Loyal Customers,2022-10-27,2024-01-18,448,137.08083333333335,1.2265571526351813,9.783482142857144,4023.38
CUST_05617,33,6,640.7,5,2,2,522,Potential Loyalists,2024-01-19,2024-11-29,315,106.78333333333335,0.8624229979466119,6.957142857142857,2228.72
CUST_05618,599,6,506.68,1,2,2,122,Hibernating,2022-07-11,2023-05-13,306,84.44666666666667,0.837782340862423,7.161764705882353,1814.36
CUST_05619,30,10,1361.39,5,4,3,543,Loyal Customers,2024-01-20,2024-12-02,317,136.139,0.8678986995208761,11.522082018927446,4705.81
CUST_05620,325,18,3917.9700000000003,3,5,5,355,Loyal Customers,2022-03-17,2024-02-11,696,217.66500000000002,1.9055441478439425,9.446120689655173,6168.27
CUST_05621,637,6,775.02,1,2,2,122,Hibernating,2022-06-25,2023-04-05,284,129.17,0.7775496235455168,7.716549295774647,2990.24
CUST_05622,78,18,2420.37,4,5,4,454,Champions,2022-11-26,2024-10-15,689,134.465,1.8863791923340179,9.542089985486212,3849.23
CUST_05623,16,20,3585.5,5,5,5,555,Champions,2024-01-26,2024-12-16,325,179.275,0.8898015058179329,22.476923076923075,12088.65
CUST_05624,483,15,1702.96,2,4,3,243,Loyal Customers,2022-04-06,2023-09-06,518,113.53066666666668,1.4182067077344285,10.576737451737452,3602.35
CUST_05625,10,21,4604.16,5,5,5,555,Champions,2023-12-31,2024-12-22,357,219.24571428571429,0.9774127310061602,21.485294117647058,14131.68
CUST_05626,749,2,176.67999999999998,1,1,1,111,Hibernating,2022-08-20,2022-12-14,116,88.33999999999999,0.31759069130732376,6.297413793103448,1668.94
CUST_05627,540,6,463.94,1,2,2,122,Hibernating,2022-07-12,2023-07-11,364,77.32333333333334,0.9965776865160849,6.020604395604395,1396.6
CUST_05628,252,13,957.48,3,4,2,342,Loyal Customers,2022-12-18,2024-04-24,493,73.65230769230769,1.3497604380561259,9.63133874239351,2128.11
CUST_05629,432,6,942.69,2,2,2,222,Hibernating,2022-11-30,2023-10-27,331,157.115,0.9062286105407256,6.620845921450151,3120.7
CUST_05630,268,27,6168.63,3,5,5,355,Loyal Customers,2022-12-04,2024-04-08,491,228.46777777777777,1.3442847364818618,20.085030549898168,13766.35
CUST_05631,173,29,8234.97,4,5,5,455,Champions,2023-01-05,2024-07-12,554,283.96448275862065,1.516769336071184,19.119584837545126,16287.85
CUST_05632,381,5,570.6700000000001,2,2,2,222,Hibernating,2023-04-10,2023-12-17,251,114.13400000000001,0.6872005475701575,7.275896414342629,2491.28
CUST_05633,555,3,563.55,1,1,2,112,Hibernating,2022-12-20,2023-06-26,188,187.85,0.5147159479808351,5.82845744680851,3284.63
CUST_05634,466,4,607.0799999999999,2,2,2,222,Hibernating,2023-04-03,2023-09-23,173,151.76999999999998,0.4736481861738535,8.445086705202312,3845.13
CUST_05635,218,32,7734.57,3,5,5,355,Loyal Customers,2022-11-24,2024-05-28,551,241.7053125,1.5085557837097878,21.21234119782214,15381.41
CUST_05636,11,20,3358.01,5,5,4,554,Champions,2024-02-06,2024-12-21,319,167.90050000000002,0.8733744010951403,22.899686520376175,11534.61
CUST_05637,288,12,2576.11,3,4,4,344,Loyal Customers,2023-02-24,2024-03-19,389,214.67583333333334,1.0650239561943875,11.267352185089972,7256.48
CUST_05638,92,4,870.94,4,2,2,422,Potential Loyalists,2024-04-11,2024-10-01,173,217.735,0.4736481861738535,8.445086705202312,5516.37
CUST_05639,554,10,1887.49,1,4,4,144,Cannot Lose Them,2022-06-15,2023-06-27,377,188.749,1.0321697467488022,9.688328912466844,5485.99
CUST_05640,496,2,224.98000000000002,2,1,1,211,Hibernating,2023-05-19,2023-08-24,97,112.49000000000001,0.2655715263518138,7.530927835051547,2541.46
CUST_05641,27,3,205.95,5,1,1,511,New Customers,2024-02-24,2024-12-05,285,68.64999999999999,0.7802874743326489,3.844736842105263,791.82
CUST_05642,8,19,4019.41,5,5,5,555,Champions,2024-01-05,2024-12-24,354,211.5478947368421,0.9691991786447639,19.603813559322035,12441.44
CUST_05643,32,10,1486.8600000000001,5,4,3,543,Loyal Customers,2023-05-03,2024-11-30,577,148.686,1.5797399041752225,6.330155979202773,2823.62
CUST_05644,16,12,1171.8899999999999,5,4,3,543,Loyal Customers,2023-11-13,2024-12-16,399,97.65749999999998,1.0924024640657084,10.984962406015038,3218.29
CUST_05645,40,18,2318.12,5,5,4,554,Champions,2022-10-25,2024-11-22,759,128.78444444444443,2.078028747433265,8.662055335968379,3346.61
CUST_05646,57,9,1469.53,4,3,3,433,Potential Loyalists,2023-12-07,2024-11-05,334,163.2811111111111,0.9144421629021219,9.842065868263473,4821.07
CUST_05647,907,1,39.54,1,1,1,111,Hibernating,2022-07-09,2022-07-09,0,39.54,0.08213552361396304,12.175,1444.2
CUST_05648,30,13,2402.93,5,4,4,544,Champions,2023-08-29,2024-12-02,461,184.8407692307692,1.2621492128678986,10.299891540130153,5711.52
CUST_05649,222,12,2048.38,3,4,4,344,Loyal Customers,2023-03-08,2024-05-24,443,170.69833333333335,1.212867898699521,9.89390519187359,5066.62
CUST_05650,75,18,3949.63,4,5,5,455,Champions,2022-12-13,2024-10-18,675,219.42388888888888,1.8480492813141685,9.74,6411.57
CUST_05651,562,8,812.22,1,3,2,132,At Risk,2022-03-31,2023-06-19,445,101.5275,1.218343600273785,6.5662921348314605,1999.98
CUST_05652,71,9,1378.9,4,3,3,433,Potential Loyalists,2023-04-07,2024-10-22,564,153.2111111111111,1.5441478439425051,5.82845744680851,2678.95
CUST_05653,44,9,1225.92,4,3,3,433,Potential Loyalists,2023-05-18,2024-11-18,550,136.21333333333334,1.5058179329226558,5.976818181818182,2442.37
CUST_05654,716,2,249.29,1,1,1,111,Hibernating,2022-09-10,2023-01-16,128,124.645,0.35044490075290896,5.70703125,2134.06
CUST_05655,348,5,469.42,2,2,2,222,Hibernating,2023-04-18,2024-01-19,276,93.884,0.75564681724846,6.616847826086957,1863.65
CUST_05656,420,28,7149.0199999999995,2,5,5,255,Cannot Lose Them,2022-06-07,2023-11-08,519,255.32214285714284,1.4209445585215605,19.705202312138727,15093.52
CUST_05657,346,1,18.39,2,1,1,211,Hibernating,2024-01-21,2024-01-21,0,18.39,0.08213552361396304,12.175,671.69
CUST_05658,735,18,5016.38,1,5,5,155,Cannot Lose Them,2022-02-02,2022-12-28,329,278.6877777777778,0.9007529089664613,19.98328267477204,16707.29
CUST_05659,741,3,402.03999999999996,1,1,2,112,Hibernating,2022-05-22,2022-12-22,214,134.01333333333332,0.5859000684462696,5.1203271028037385,2058.58
CUST_05660,54,8,1371.01,4,3,3,433,Potential Loyalists,2023-09-14,2024-11-08,421,171.37625,1.1526351813826146,6.94061757719715,3568.37
CUST_05661,36,11,2168.65,5,4,4,544,Champions,2023-11-13,2024-11-26,379,197.15,1.0376454483230664,10.600923482849604,6269.92
CUST_05662,431,4,421.77,2,2,2,222,Hibernating,2023-03-27,2023-10-28,215,105.4425,0.5886379192334018,6.795348837209302,2149.56
CUST_05663,18,17,3529.7599999999998,5,4,5,545,Champions,2024-02-24,2024-12-14,294,207.63294117647058,0.8049281314168378,21.11989795918367,13155.56
CUST_05664,186,9,1485.8,4,3,3,433,Potential Loyalists,2023-03-19,2024-06-29,468,165.08888888888887,1.2813141683778233,7.024038461538462,3478.77
CUST_05665,43,10,2268.94,5,4,4,544,Champions,2023-12-22,2024-11-19,333,226.894,0.9117043121149897,10.968468468468469,7466.04
CUST_05666,318,1,263.47,3,1,1,311,Need Attention,2024-02-18,2024-02-18,0,263.47,0.08213552361396304,12.175,9623.24
CUST_05667,89,33,6353.19,4,5,5,455,Champions,2023-04-25,2024-10-04,528,192.52090909090907,1.4455852156057496,22.828125,13184.67
CUST_05668,650,1,265.47,1,1,1,111,Hibernating,2023-03-23,2023-03-23,0,265.47,0.08213552361396304,12.175,9696.29
CUST_05669,446,27,6321.95,2,5,5,255,Cannot Lose Them,2022-04-24,2023-10-13,537,234.1462962962963,1.4702258726899384,18.364525139664803,12899.96
CUST_05670,83,13,1806.03,4,4,4,444,Champions,2023-06-23,2024-10-10,475,138.92538461538462,1.3004791238877482,9.996315789473684,4166.23
CUST_05671,293,24,5263.7300000000005,3,5,5,355,Loyal Customers,2023-01-13,2024-03-14,426,219.32208333333335,1.1663244353182751,20.577464788732396,13539.28
CUST_05672,601,5,512.26,1,2,2,122,Hibernating,2022-09-22,2023-05-11,231,102.452,0.6324435318275154,7.9058441558441555,2429.91
CUST_05673,553,22,4425.89,1,5,5,155,Cannot Lose Them,2022-05-14,2023-06-28,410,201.1768181818182,1.1225188227241616,19.598780487804877,11828.46
CUST_05674,11,8,1043.79,5,3,3,533,Potential Loyalists,2024-02-27,2024-12-21,298,130.47375,0.8158795345653662,9.805369127516778,3838.03
CUST_05675,470,6,883.58,2,2,2,222,Hibernating,2022-09-20,2023-09-19,364,147.26333333333335,0.9965776865160849,6.020604395604395,2659.84
CUST_05676,133,7,879.69,4,3,2,432,Potential Loyalists,2023-08-26,2024-08-21,361,125.67,0.9883641341546886,7.0824099722991685,2670.14
CUST_05677,288,6,526.35,3,2,2,322,Need Attention,2023-05-30,2024-03-19,294,87.72500000000001,0.8049281314168378,7.454081632653061,1961.73
CUST_05678,559,6,1334.6699999999998,1,2,3,123,Hibernating,2022-07-28,2023-06-22,329,222.44499999999996,0.9007529089664613,6.661094224924012,4445.18
CUST_05679,296,17,3281.34,3,4,4,344,Loyal Customers,2023-05-28,2024-03-11,288,193.02,0.7885010266940452,21.559895833333332,12484.47
CUST_05680,308,40,8448.24,3,5,5,355,Loyal Customers,2022-04-23,2024-02-28,676,211.206,1.8507871321013005,21.61242603550296,13694.02
CUST_05681,134,20,3289.93,4,5,4,454,Champions,2022-09-11,2024-08-20,709,164.4965,1.9411362080766599,10.303244005641748,5084.54
CUST_05682,260,33,6167.349999999999,3,5,5,355,Loyal Customers,2022-08-23,2024-04-16,602,186.88939393939393,1.648186173853525,20.022009966777407,11225.7
CUST_05683,575,6,1368.57,1,2,3,123,Hibernating,2022-07-05,2023-06-06,336,228.095,0.919917864476386,6.522321428571429,4463.13
CUST_05684,76,5,770.34,4,2,2,422,Potential Loyalists,2024-01-24,2024-10-17,267,154.068,0.731006160164271,6.839887640449438,3161.42
CUST_05685,369,23,4058.43,2,5,5,255,Cannot Lose Them,2022-12-02,2023-12-29,392,176.45347826086956,1.0732375085557837,21.430484693877553,11344.45
CUST_05686,347,16,3439.14,2,4,5,245,Cannot Lose Them,2022-06-05,2024-01-20,594,214.94625,1.626283367556468,9.83838383838384,6344.17
CUST_05687,182,20,3475.53,4,5,5,455,Champions,2022-07-22,2024-07-03,712,173.7765,1.949349760438056,10.259831460674157,5348.75
CUST_05688,157,18,2017.4099999999999,4,5,4,454,Champions,2022-12-09,2024-07-28,597,112.07833333333332,1.6344969199178645,11.012562814070352,3702.81
CUST_05689,341,15,2399.68,2,4,4,244,Cannot Lose Them,2022-06-11,2024-01-26,594,159.97866666666667,1.626283367556468,9.22348484848485,4426.68
CUST_05690,215,4,306.38,3,2,1,321,Need Attention,2023-11-26,2024-05-31,187,76.595,0.5119780971937029,7.812834224598931,1795.27
CUST_05691,604,3,258.53000000000003,1,1,1,111,Hibernating,2022-09-06,2023-05-08,244,86.17666666666668,0.6680355920602327,4.490778688524591,1161.0
CUST_05692,429,4,541.38,2,2,2,222,Hibernating,2023-05-31,2023-10-30,152,135.345,0.4161533196440794,9.611842105263158,3902.74
CUST_05693,26,5,744.99,5,2,2,522,Potential Loyalists,2024-03-08,2024-12-06,273,148.998,0.7474332648870636,6.68956043956044,2990.19
CUST_05694,59,8,1607.01,4,3,3,433,Potential Loyalists,2024-03-03,2024-11-03,245,200.87625,0.6707734428473648,11.926530612244898,7187.27
CUST_05695,517,6,766.39,2,2,2,222,Hibernating,2022-10-04,2023-08-03,303,127.73166666666667,0.8295687885010267,7.232673267326733,2771.52
CUST_05696,110,14,2298.7200000000003,4,4,4,444,Champions,2023-06-29,2024-09-13,442,164.19428571428574,1.2101300479123889,11.569004524886877,5698.69
CUST_05697,39,8,1127.82,5,3,3,533,Potential Loyalists,2023-09-17,2024-11-23,433,140.9775,1.1854893908281998,6.748267898383372,2854.06
CUST_05698,23,19,3760.6,5,5,5,555,Champions,2024-01-19,2024-12-09,325,197.92631578947368,0.8898015058179329,21.353076923076923,12679.01
CUST_05699,53,8,1060.8,4,3,3,433,Potential Loyalists,2023-09-04,2024-11-09,432,132.6,1.1827515400410678,6.763888888888889,2690.68
CUST_05700,294,14,2950.07,3,4,4,344,Loyal Customers,2022-08-07,2024-03-13,584,210.71928571428572,1.5989048596851472,8.755993150684931,5535.17
CUST_05701,298,36,8229.73,3,5,5,355,Loyal Customers,2022-07-21,2024-03-09,597,228.6036111111111,1.6344969199178645,22.025125628140703,15105.07
CUST_05702,377,9,934.69,2,3,2,232,At Risk,2022-07-13,2023-12-21,526,103.85444444444445,1.4401095140314852,6.2495247148288975,1947.12
CUST_05703,334,14,1974.81,3,4,4,344,Loyal Customers,2022-07-19,2024-02-02,563,141.05785714285713,1.541409993155373,9.082593250444049,3843.51
CUST_05704,206,10,2119.09,3,4,4,344,Loyal Customers,2022-10-21,2024-06-09,597,211.90900000000002,1.6344969199178645,6.118090452261306,3889.44
CUST_05705,414,4,811.88,2,2,2,222,Hibernating,2023-06-15,2023-11-14,152,202.97,0.4161533196440794,9.611842105263158,5852.75
CUST_05706,427,10,1816.1,2,4,4,244,Cannot Lose Them,2022-05-12,2023-11-01,538,181.60999999999999,1.4729637234770705,6.7890334572490705,3698.87
CUST_05707,222,19,2550.51,3,5,4,354,Loyal Customers,2022-05-21,2024-05-24,734,134.23736842105265,2.0095824777549622,9.454700272479565,3807.52
CUST_05708,352,18,3352.16,2,5,4,254,Cannot Lose Them,2022-04-06,2024-01-15,649,186.2311111111111,1.7768651608487338,10.13020030816641,5659.68
CUST_05709,18,28,5628.17,5,5,5,555,Champions,2023-06-04,2024-12-14,559,201.00607142857143,1.5304585900068446,18.295169946332738,11032.32
CUST_05710,23,18,4114.98,5,5,5,555,Champions,2023-11-20,2024-12-09,385,228.60999999999999,1.054072553045859,17.076623376623377,11711.66
CUST_05711,47,5,1069.93,4,2,3,423,Potential Loyalists,2024-02-23,2024-11-15,266,213.98600000000002,0.7282683093771389,6.8656015037593985,4407.43
CUST_05712,677,2,257.65999999999997,1,1,1,111,Hibernating,2022-09-01,2023-02-24,176,128.82999999999998,0.48186173853524983,4.150568181818182,1604.15
CUST_05713,16,22,4032.12,5,5,5,555,Champions,2023-11-19,2024-12-16,393,183.27818181818182,1.0759753593429158,20.446564885496183,11242.23
CUST_05714,4,22,3921.03,5,5,5,555,Champions,2023-11-12,2024-12-28,412,178.22863636363638,1.1279945242984257,19.50364077669903,10428.32
CUST_05715,328,7,412.24,3,3,2,332,Need Attention,2023-03-22,2024-02-08,323,58.89142857142857,0.8843258042436687,7.915634674922601,1398.49
CUST_05716,609,4,312.85,1,2,1,121,Hibernating,2022-11-30,2023-05-03,154,78.2125,0.4216290212183436,9.487012987012987,2226.01
CUST_05717,8,26,5384.45,5,5,5,555,Champions,2023-08-15,2024-12-24,497,207.09423076923076,1.3607118412046544,19.10764587525151,11871.25
CUST_05718,377,14,2507.52,2,4,4,244,Cannot Lose Them,2022-07-19,2023-12-21,520,179.10857142857142,1.4236824093086926,9.833653846153847,5283.88
CUST_05719,268,8,834.87,3,3,2,332,Need Attention,2022-12-20,2024-04-08,475,104.35875,1.3004791238877482,6.151578947368421,1925.91
CUST_05720,679,1,44.17,1,1,1,111,Hibernating,2023-02-22,2023-02-22,0,44.17,0.08213552361396304,12.175,1613.31
CUST_05721,166,8,1575.4499999999998,4,3,3,433,Potential Loyalists,2023-07-23,2024-07-19,362,196.93124999999998,0.9911019849418207,8.07182320441989,4768.78
CUST_05722,91,2,137.09,4,1,1,411,New Customers,2024-06-17,2024-10-02,107,68.545,0.2929500342231348,6.827102803738319,1403.89
CUST_05723,181,30,6279.639999999999,4,5,5,455,Champions,2023-02-23,2024-07-04,497,209.3213333333333,1.3607118412046544,22.047283702213278,13844.9
CUST_05724,585,6,930.58,1,2,2,122,Hibernating,2022-06-01,2023-05-27,360,155.09666666666666,0.9856262833675564,6.0875,2832.45
CUST_05725,127,6,1201.19,4,2,3,423,Potential Loyalists,2023-08-30,2024-08-27,363,200.19833333333335,0.9938398357289527,6.037190082644629,3625.91
CUST_05726,342,10,1835.3899999999999,2,4,4,244,Cannot Lose Them,2023-04-28,2024-01-25,272,183.539,0.7446954140999316,13.428308823529411,7393.86
CUST_05727,172,20,4032.0,4,5,5,455,Champions,2022-05-21,2024-07-13,784,201.6,2.1464750171115674,9.317602040816327,5635.29
CUST_05728,434,16,1675.0,2,4,3,243,Loyal Customers,2022-03-20,2023-10-25,584,104.6875,1.5989048596851472,10.006849315068493,3142.78
CUST_05729,427,22,6359.7,2,5,5,255,Cannot Lose Them,2022-10-27,2023-11-01,370,289.0772727272727,1.0130047912388775,21.717567567567567,18834.17
CUST_05730,641,12,1805.59,1,4,4,144,Cannot Lose Them,2022-03-04,2023-04-01,393,150.46583333333334,1.0759753593429158,11.15267175572519,5034.29
CUST_05731,609,8,1083.78,1,3,3,133,At Risk,2022-02-11,2023-05-03,446,135.4725,1.2210814510609171,6.551569506726458,2662.67
CUST_05732,233,33,7447.55,3,5,5,355,Loyal Customers,2022-10-18,2024-05-13,573,225.68333333333334,1.568788501026694,21.035340314136125,14241.98
CUST_05733,127,28,5094.88,4,5,5,455,Champions,2023-05-25,2024-08-27,460,181.96,1.2594113620807665,22.232608695652175,12136.34
CUST_05734,548,2,354.36,1,1,1,111,Hibernating,2023-04-13,2023-07-03,81,177.18,0.22176591375770022,9.018518518518517,4793.7
CUST_05735,615,2,190.09,1,1,1,111,Hibernating,2022-12-01,2023-04-27,147,95.045,0.4024640657084189,4.969387755102041,1416.95
CUST_05736,233,2,441.79999999999995,3,1,2,312,Need Attention,2023-11-28,2024-05-13,167,220.89999999999998,0.45722108145106094,4.374251497005988,2898.82
CUST_05737,385,27,6333.95,2,5,5,255,Cannot Lose Them,2022-09-13,2023-12-13,456,234.59074074074073,1.2484599589322383,21.626644736842103,15220.23
CUST_05738,628,4,853.8900000000001,1,2,2,122,Hibernating,2022-09-15,2023-04-14,211,213.47250000000003,0.5776865160848734,6.924170616113743,4434.36
CUST_05739,94,6,1055.54,4,2,3,423,Potential Loyalists,2023-09-20,2024-09-29,375,175.92333333333332,1.0266940451745379,5.844,3084.29
CUST_05740,101,5,1245.29,4,2,3,423,Potential Loyalists,2023-12-25,2024-09-22,272,249.058,0.7446954140999316,6.714154411764706,5016.64
CUST_05741,93,16,2531.62,4,4,4,444,Champions,2022-12-06,2024-09-30,664,158.22625,1.8179329226557153,8.801204819277109,4177.74
CUST_05742,50,10,845.59,4,4,2,442,Loyal Customers,2023-05-12,2024-11-12,550,84.559,1.5058179329226558,6.640909090909091,1684.65
CUST_05743,677,1,35.57,1,1,1,111,Hibernating,2023-02-24,2023-02-24,0,35.57,0.08213552361396304,12.175,1299.19
CUST_05744,258,31,5752.86,3,5,5,355,Loyal Customers,2022-07-21,2024-04-18,637,185.57612903225805,1.7440109514031485,17.775117739403452,9895.91
CUST_05745,10,18,4103.7,5,5,5,555,Champions,2024-02-03,2024-12-22,323,227.98333333333332,0.8843258042436687,20.354489164086687,13921.45
CUST_05746,13,10,694.63,5,4,2,542,Loyal Customers,2024-01-16,2024-12-19,338,69.463,0.9253935660506503,10.80621301775148,2251.9
CUST_05747,655,7,825.37,1,3,2,132,At Risk,2022-03-18,2023-03-18,365,117.91,0.999315537303217,7.004794520547945,2477.81
CUST_05748,45,6,1187.34,4,2,3,423,Potential Loyalists,2023-12-27,2024-11-17,326,197.89,0.892539356605065,6.72239263803681,3990.88
CUST_05749,427,14,2423.78,2,4,4,244,Cannot Lose Them,2022-05-28,2023-11-01,522,173.12714285714287,1.429158110882957,9.795977011494251,5087.85
CUST_05750,690,5,586.35,1,2,2,122,Hibernating,2022-07-14,2023-02-11,212,117.27000000000001,0.5804243668720055,8.61438679245283,3030.63
CUST_05751,470,9,867.36,2,3,2,232,At Risk,2022-03-15,2023-09-19,553,96.37333333333333,1.514031485284052,5.944394213381555,1718.64
CUST_05752,379,7,1341.6,2,3,3,233,At Risk,2022-11-11,2023-12-19,403,191.65714285714284,1.103353867214237,6.344292803970223,3647.79
CUST_05753,11,34,8023.35,5,5,5,555,Champions,2023-04-15,2024-12-21,616,235.9808823529412,1.6865160848733745,20.159902597402596,14272.05
CUST_05754,67,2,178.05,4,1,1,411,New Customers,2024-06-29,2024-10-26,119,89.025,0.3258042436687201,6.1386554621848735,1639.48
CUST_05755,234,19,2861.4700000000003,3,5,4,354,Loyal Customers,2022-04-12,2024-05-12,761,150.60368421052632,2.083504449007529,9.119250985545335,4120.18
CUST_05756,24,5,670.37,5,2,2,522,Potential Loyalists,2024-03-19,2024-12-08,264,134.074,0.7227926078028748,6.917613636363636,2782.42
CUST_05757,174,2,262.51,4,1,1,411,New Customers,2024-01-16,2024-07-11,177,131.255,0.48459958932238195,4.127118644067797,1625.11
CUST_05758,29,20,2274.11,5,5,4,554,Champions,2022-10-21,2024-12-03,774,113.7055,2.1190965092402463,9.437984496124031,3219.45
CUST_05759,596,8,630.72,1,3,2,132,At Risk,2022-09-16,2023-05-16,242,78.84,0.6625598904859685,12.074380165289256,2855.83
CUST_05760,611,7,792.47,1,3,2,132,At Risk,2022-04-30,2023-05-01,366,113.21000000000001,1.002053388090349,6.985655737704918,2372.54
CUST_05761,15,34,8157.58,5,5,5,555,Champions,2023-05-26,2024-12-17,571,239.92882352941177,1.5633127994524298,21.748686514886163,15654.41
CUST_05762,594,9,1676.24,1,3,3,133,At Risk,2022-07-13,2023-05-18,309,186.2488888888889,0.8459958932238193,10.638349514563107,5944.14
CUST_05763,3,18,2602.82,5,5,4,554,Champions,2024-02-18,2024-12-29,315,144.60111111111112,0.8624229979466119,20.87142857142857,9054.1
CUST_05764,182,40,9049.31,4,5,5,455,Champions,2022-07-17,2024-07-03,717,226.23274999999998,1.9630390143737166,20.376569037656903,13829.54
CUST_05765,217,11,1760.6599999999999,3,4,3,343,Loyal Customers,2023-03-22,2024-05-29,434,160.05999999999997,1.1882272416153319,9.257488479262673,4445.26
CUST_05766,10,31,6768.400000000001,5,5,5,555,Champions,2023-07-11,2024-12-22,530,218.33548387096775,1.4510609171800137,21.36367924528302,13993.35
CUST_05767,601,3,488.74,1,1,2,112,Hibernating,2022-10-26,2023-05-11,197,162.91333333333333,0.5393566050650239,5.562182741116752,2718.46
CUST_05768,204,22,4404.82,3,5,5,355,Loyal Customers,2023-07-09,2024-06-11,338,200.2190909090909,0.9253935660506503,23.773668639053255,14279.83
CUST_05769,56,24,5494.24,4,5,5,455,Champions,2023-09-29,2024-11-06,404,228.92666666666665,1.106091718001369,21.698019801980198,14901.77
CUST_05770,356,12,2454.11,2,4,4,244,Cannot Lose Them,2023-01-02,2024-01-11,374,204.5091666666667,1.0239561943874058,11.719251336898397,7190.08
CUST_05771,554,1,43.66,1,1,1,111,Hibernating,2023-06-27,2023-06-27,0,43.66,0.08213552361396304,12.175,1594.68
CUST_05772,7,13,1682.77,5,4,3,543,Loyal Customers,2023-06-20,2024-12-25,554,129.44384615384615,1.516769336071184,8.570848375451265,3328.33
CUST_05773,431,9,1261.6100000000001,2,3,3,233,At Risk,2022-05-12,2023-10-28,534,140.1788888888889,1.462012320328542,6.155898876404494,2588.78
CUST_05774,472,1,37.97,2,1,1,211,Hibernating,2023-09-17,2023-09-17,0,37.97,0.08213552361396304,12.175,1386.85
CUST_05775,416,21,5891.62,2,5,5,255,Cannot Lose Them,2022-12-20,2023-11-12,327,280.55333333333334,0.8952772073921971,23.456422018348626,19742.33
CUST_05776,406,14,2634.38,2,4,4,244,Cannot Lose Them,2022-07-31,2023-11-22,479,188.17000000000002,1.3114305270362765,10.675365344467641,6026.35
CUST_05777,401,29,6935.389999999999,2,5,5,255,Cannot Lose Them,2022-06-20,2023-11-27,525,239.1513793103448,1.4373716632443532,20.175714285714285,14475.15
CUST_05778,644,9,1324.6000000000001,1,3,3,133,At Risk,2022-06-20,2023-03-29,282,147.1777777777778,0.7720739219712526,11.65691489361702,5146.92
CUST_05779,155,19,2590.72,4,5,4,454,Champions,2022-11-05,2024-07-30,633,136.3536842105263,1.73305954825462,10.963270142180095,4484.65
CUST_05780,533,16,3771.01,1,4,5,145,Cannot Lose Them,2022-10-05,2023-07-18,286,235.688125,0.783025325119781,20.433566433566433,14447.85
CUST_05781,458,10,1410.0,2,4,3,243,Loyal Customers,2022-04-10,2023-10-01,539,141.0,1.4757015742642026,6.776437847866419,2866.43
CUST_05782,300,9,1673.24,3,3,3,333,Need Attention,2022-09-13,2024-03-07,541,185.91555555555556,1.4811772758384667,6.076247689463956,3389.01
CUST_05783,63,5,1079.05,4,2,3,423,Potential Loyalists,2024-02-03,2024-10-30,270,215.81,0.7392197125256673,6.763888888888889,4379.14
CUST_05784,36,6,674.37,5,2,2,522,Potential Loyalists,2024-01-21,2024-11-26,310,112.395,0.8487337440109514,7.069354838709677,2383.68
CUST_05785,343,3,245.47,2,1,1,211,Hibernating,2023-05-12,2024-01-24,257,81.82333333333334,0.70362765229295,4.2636186770428015,1046.59
CUST_05786,554,3,191.31,1,1,1,111,Hibernating,2023-02-04,2023-06-27,143,63.77,0.3915126625598905,7.6625874125874125,1465.93
CUST_05787,210,8,2034.31,3,3,4,334,Need Attention,2023-02-26,2024-06-05,465,254.28875,1.273100616016427,6.283870967741936,4793.75
CUST_05788,38,12,2223.86,5,4,4,544,Champions,2023-09-29,2024-11-24,422,185.3216666666667,1.1553730321697468,10.386255924170616,5774.39
CUST_05789,195,10,2225.3,3,4,4,344,Loyal Customers,2023-06-26,2024-06-20,360,222.53000000000003,0.9856262833675564,10.145833333333334,6773.26
CUST_05790,399,2,197.18,2,1,1,211,Hibernating,2023-08-15,2023-11-29,106,98.59,0.29021218343600275,6.891509433962264,2038.3
CUST_05791,70,4,735.38,4,2,2,422,Potential Loyalists,2024-03-03,2024-10-23,234,183.845,0.6406570841889117,6.2435897435897445,3443.56
CUST_05792,32,15,3209.73,5,4,4,544,Champions,2023-07-04,2024-11-30,515,213.982,1.4099931553730323,10.638349514563107,6829.25
CUST_05793,673,7,1372.46,1,3,3,133,At Risk,2022-03-16,2023-02-28,349,196.06571428571428,0.9555099247091033,7.3259312320916905,4309.09
CUST_05794,675,3,493.55,1,1,2,112,Hibernating,2022-08-20,2023-02-26,190,164.51666666666668,0.5201916495550992,5.767105263157895,2846.35
CUST_05795,637,5,1136.66,1,2,3,123,Hibernating,2022-07-03,2023-04-05,276,227.33200000000002,0.75564681724846,6.616847826086957,4512.66
CUST_05796,360,9,1006.9300000000001,2,3,3,233,At Risk,2023-01-28,2024-01-07,344,111.88111111111112,0.9418206707734429,9.555959302325581,3207.39
CUST_05797,179,12,1865.74,4,4,4,444,Champions,2023-05-11,2024-07-06,422,155.47833333333332,1.1553730321697468,10.386255924170616,4844.51
CUST_05798,150,4,495.83,4,2,2,422,Potential Loyalists,2024-01-30,2024-08-04,187,123.9575,0.5119780971937029,7.812834224598931,2905.38
CUST_05799,15,6,613.75,5,2,2,522,Potential Loyalists,2024-01-22,2024-12-17,330,102.29166666666667,0.9034907597535934,6.6409090909090915,2037.93
CUST_05800,130,3,319.82,4,1,1,411,New Customers,2024-01-19,2024-08-24,218,106.60666666666667,0.5968514715947981,5.026376146788991,1607.54
CUST_05801,187,15,3488.96,3,4,5,345,Loyal Customers,2023-12-14,2024-06-28,197,232.59733333333332,0.5393566050650239,27.810913705583758,19406.23
CUST_05802,694,17,3985.4,1,4,5,145,Cannot Lose Them,2022-04-27,2023-02-07,286,234.43529411764706,0.783025325119781,21.710664335664337,15269.24
CUST_05803,82,4,545.41,4,2,2,422,Potential Loyalists,2024-02-21,2024-10-11,233,136.3525,0.6379192334017796,6.2703862660944205,2564.95
CUST_05804,19,32,7965.64,5,5,5,555,Champions,2023-03-25,2024-12-13,629,248.92625,1.7221081451060918,18.5818759936407,13876.55
CUST_05805,227,7,1009.96,3,3,3,333,Need Attention,2023-02-11,2024-05-19,463,144.28,1.267624914442163,5.522138228941684,2390.2
CUST_05806,481,20,4449.74,2,5,5,255,Cannot Lose Them,2022-08-20,2023-09-08,384,222.487,1.051334702258727,19.0234375,12697.4
CUST_05807,464,3,370.64,2,1,1,211,Hibernating,2023-03-11,2023-09-25,198,123.54666666666667,0.5420944558521561,5.534090909090908,2051.16
CUST_05808,511,7,1028.46,2,3,3,233,At Risk,2022-05-27,2023-08-09,439,146.92285714285714,1.2019164955509924,5.824031890660592,2567.05
CUST_05809,53,11,2399.67,4,4,4,444,Champions,2023-09-28,2024-11-09,408,218.1518181818182,1.1170431211498972,9.847426470588236,6444.7
CUST_05810,479,31,6208.38,2,5,5,255,Cannot Lose Them,2022-02-08,2023-09-10,579,200.27032258064517,1.5852156057494866,19.555699481865286,11749.28
CUST_05811,21,11,1417.24,5,4,3,543,Loyal Customers,2023-09-23,2024-12-11,445,128.84,1.218343600273785,9.028651685393259,3489.75
CUST_05812,182,16,3783.9900000000002,4,4,5,445,Champions,2022-11-11,2024-07-03,600,236.49937500000001,1.6427104722792607,9.74,6910.51
CUST_05813,23,15,2424.25,5,4,4,544,Champions,2023-06-27,2024-12-09,531,161.61666666666667,1.4537987679671458,10.317796610169491,5002.58
CUST_05814,2,25,4369.92,5,5,5,555,Champions,2023-11-25,2024-12-30,401,174.7968,1.0978781656399725,22.771197007481298,11941.0
CUST_05815,348,24,7927.42,2,5,5,255,Cannot Lose Them,2022-10-15,2024-01-19,461,330.30916666666667,1.2621492128678986,19.01518438177874,18842.67
CUST_05816,776,4,369.29,1,2,1,121,Hibernating,2022-05-21,2022-11-17,180,92.3225,0.4928131416837782,8.116666666666667,2248.05
CUST_05817,10,10,1306.98,5,4,3,543,Loyal Customers,2024-02-02,2024-12-22,324,130.698,0.8870636550308009,11.273148148148147,4420.13
CUST_05818,201,2,62.870000000000005,3,1,1,311,Need Attention,2024-03-09,2024-06-14,97,31.435000000000002,0.2655715263518138,7.530927835051547,710.2
CUST_05819,374,17,3973.71,2,4,5,245,Cannot Lose Them,2023-02-17,2023-12-24,310,233.74764705882353,0.8487337440109514,20.02983870967742,14045.78
CUST_05820,25,5,290.62,5,2,1,521,Potential Loyalists,2024-02-26,2024-12-07,285,58.124,0.7802874743326489,6.407894736842105,1117.36
CUST_05821,59,6,1359.54,4,2,3,423,Potential Loyalists,2024-01-10,2024-11-03,298,226.59,0.8158795345653662,7.354026845637583,4999.05
CUST_05822,46,16,2038.93,4,4,4,444,Champions,2023-05-22,2024-11-16,544,127.433125,1.4893908281998631,10.742647058823529,4106.91
CUST_05823,384,9,873.13,2,3,2,232,At Risk,2022-08-19,2023-12-14,482,97.01444444444445,1.319644079397673,6.820020746887966,1984.92
CUST_05824,386,3,437.44000000000005,2,1,2,212,Hibernating,2023-03-18,2023-12-12,269,145.81333333333336,0.7364818617385352,4.073420074349443,1781.88
CUST_05825,9,15,1711.47,5,4,3,543,Loyal Customers,2023-02-20,2024-12-23,672,114.098,1.839835728952772,8.152901785714286,2790.69
CUST_05826,230,2,338.27,3,1,1,311,Need Attention,2023-12-04,2024-05-16,164,169.135,0.4490075290896646,4.454268292682927,2260.12
CUST_05827,511,2,367.35,2,1,1,211,Hibernating,2023-05-07,2023-08-09,94,183.675,0.25735797399041754,7.7712765957446805,4282.17
CUST_05828,581,1,89.75,1,1,1,111,Hibernating,2023-05-31,2023-05-31,0,89.75,0.08213552361396304,12.175,3278.12
CUST_05829,440,8,1545.3200000000002,2,3,3,233,At Risk,2022-12-14,2023-10-19,309,193.16500000000002,0.8459958932238193,9.45631067961165,5479.88
CUST_05830,914,1,51.24,1,1,1,111,Hibernating,2022-07-02,2022-07-02,0,51.24,0.08213552361396304,12.175,1871.54
CUST_05831,2,22,4509.79,5,5,5,555,Champions,2024-01-10,2024-12-30,355,204.99045454545455,0.971937029431896,22.635211267605634,13920.01
CUST_05832,127,10,1420.75,4,4,3,443,Loyal Customers,2023-03-23,2024-08-27,523,142.075,1.431895961670089,6.983747609942639,2976.65
CUST_05833,144,18,3005.31,4,5,4,454,Champions,2023-01-05,2024-08-10,583,166.96166666666667,1.596167008898015,11.277015437392796,5648.49
CUST_05834,195,5,767.81,3,2,2,322,Need Attention,2023-08-09,2024-06-20,316,153.56199999999998,0.865160848733744,5.779272151898734,2662.43
CUST_05835,16,12,1999.02,5,4,4,544,Champions,2023-08-16,2024-12-16,488,166.585,1.3360711841204653,8.981557377049182,4488.58
CUST_05836,186,36,6816.03,4,5,5,455,Champions,2022-09-10,2024-06-29,658,189.33416666666665,1.8015058179329226,19.98328267477204,11350.55
CUST_05837,53,6,860.39,4,2,2,422,Potential Loyalists,2024-01-17,2024-11-09,297,143.39833333333334,0.813141683778234,7.378787878787879,3174.32
CUST_05838,21,8,1241.34,5,3,3,533,Potential Loyalists,2024-02-14,2024-12-11,301,155.1675,0.8240930869267625,9.707641196013288,4518.93
CUST_05839,247,7,945.64,3,3,2,332,Need Attention,2023-04-27,2024-04-29,368,135.09142857142857,1.0075290896646132,6.947690217391305,2815.72
CUST_05840,49,7,911.0,4,3,2,432,Potential Loyalists,2024-03-15,2024-11-13,243,130.14285714285714,0.6652977412731006,10.521604938271606,4107.94
CUST_05841,24,38,8842.98,5,5,5,555,Champions,2023-01-10,2024-12-08,698,232.70999999999998,1.9110198494182067,19.884670487106018,13882.09
CUST_05842,461,14,1756.21,2,4,3,243,Loyal Customers,2022-05-10,2023-09-28,506,125.44357142857143,1.3853524982888432,10.105731225296443,3803.1
CUST_05843,245,3,345.59000000000003,3,1,1,311,Need Attention,2023-12-06,2024-05-01,147,115.19666666666667,0.4024640657084189,7.454081632653061,2576.06
CUST_05844,194,13,2337.49,3,4,4,344,Loyal Customers,2023-05-15,2024-06-21,403,179.80692307692306,1.103353867214237,11.782258064516128,6355.59
CUST_05845,52,7,710.91,4,3,2,432,Potential Loyalists,2023-08-01,2024-11-10,467,101.55857142857143,1.2785763175906912,5.474839400428266,1668.05
CUST_05846,304,1,65.17,3,1,1,311,Need Attention,2024-03-03,2024-03-03,0,65.17,0.08213552361396304,12.175,2380.33
CUST_05847,33,36,8212.35,5,5,5,555,Champions,2023-01-11,2024-11-29,688,228.12083333333334,1.8836413415468858,19.111918604651162,13079.48
CUST_05848,490,1,333.4,2,1,1,211,Hibernating,2023-08-30,2023-08-30,0,333.4,0.08213552361396304,12.175,12177.44
CUST_05849,165,24,7437.5199999999995,4,5,5,455,Champions,2023-05-27,2024-07-20,420,309.89666666666665,1.1498973305954825,20.871428571428574,19403.96
CUST_05850,5,7,1210.57,5,3,3,533,Potential Loyalists,2023-11-02,2024-12-27,421,172.9385714285714,1.1526351813826146,6.073040380047506,3150.79
CUST_05851,85,8,1893.34,4,3,4,434,Potential Loyalists,2023-10-11,2024-10-08,363,236.6675,0.9938398357289527,8.049586776859504,5715.23
CUST_05852,593,6,674.28,1,2,2,122,Hibernating,2022-05-12,2023-05-19,372,112.38,1.0184804928131417,5.891129032258065,1986.14
CUST_05853,379,4,446.88,2,2,2,222,Hibernating,2023-06-12,2023-12-19,190,111.72,0.5201916495550992,7.689473684210527,2577.2
CUST_05854,231,2,117.97,3,1,1,311,Need Attention,2023-12-20,2024-05-15,147,58.985,0.4024640657084189,4.969387755102041,879.36
CUST_05855,400,8,1667.1499999999999,2,3,3,233,At Risk,2022-08-16,2023-11-28,469,208.39374999999998,1.2840520191649556,6.230277185501066,3895.05
CUST_05856,460,10,1654.16,2,4,3,243,Loyal Customers,2022-02-22,2023-09-29,584,165.416,1.5989048596851472,6.254280821917808,3103.67
CUST_05857,401,25,6575.18,2,5,5,255,Cannot Lose Them,2022-09-16,2023-11-27,437,263.0072,1.1964407939767283,20.895308924485125,16486.85
CUST_05858,879,1,156.93,1,1,1,111,Hibernating,2022-08-06,2022-08-06,0,156.93,0.08213552361396304,12.175,5731.87
CUST_05859,629,4,394.78999999999996,1,2,2,122,Hibernating,2022-10-22,2023-04-13,173,98.69749999999999,0.4736481861738535,8.445086705202312,2500.53
CUST_05860,279,2,182.51,3,1,1,311,Need Attention,2024-01-27,2024-03-28,61,91.255,0.16700889801505817,11.975409836065575,3278.45
CUST_05861,254,14,2415.14,3,4,4,344,Loyal Customers,2022-12-14,2024-04-22,495,172.51,1.3552361396303902,10.33030303030303,5346.24
CUST_05862,477,3,425.73,2,1,2,212,Hibernating,2022-11-24,2023-09-12,292,141.91,0.7994524298425736,3.752568493150685,1597.58
CUST_05863,46,14,2337.11,4,4,4,444,Champions,2023-06-07,2024-11-16,528,166.9364285714286,1.4455852156057496,9.68465909090909,4850.17
CUST_05864,11,21,6007.35,5,5,5,555,Champions,2023-11-07,2024-12-21,410,286.06428571428575,1.1225188227241616,18.707926829268292,16055.01
CUST_05865,526,20,3399.47,1,5,5,155,Cannot Lose Them,2022-09-21,2023-07-25,307,169.9735,0.840520191649555,23.794788273615637,12133.45
CUST_05866,27,40,12956.57,5,5,5,555,Champions,2023-02-13,2024-12-05,661,323.91425,1.809719370294319,22.10287443267776,21478.31
CUST_05867,240,9,1252.38,3,3,3,333,Need Attention,2022-12-27,2024-05-06,496,139.15333333333334,1.3579739904175223,6.627520161290322,2766.72
CUST_05868,550,6,1228.47,1,2,3,123,Hibernating,2022-09-03,2023-07-01,301,204.745,0.8240930869267625,7.280730897009966,4472.08
CUST_05869,663,15,2968.95,1,4,4,144,Cannot Lose Them,2022-06-01,2023-03-10,282,197.92999999999998,0.7720739219712526,19.4281914893617,11536.27
CUST_05870,8,18,1906.19,5,5,4,554,Champions,2023-04-05,2024-12-24,629,105.89944444444444,1.7221081451060918,10.452305246422894,3320.68
CUST_05871,206,18,3901.32,3,5,5,355,Loyal Customers,2022-07-09,2024-06-09,701,216.74,1.919233401779603,9.378744650499286,6098.25
CUST_05872,434,5,308.87,2,2,1,221,Hibernating,2023-04-07,2023-10-25,201,61.774,0.5503080082135524,9.085820895522387,1683.8
CUST_05873,437,6,547.6800000000001,2,2,2,222,Hibernating,2022-11-28,2023-10-22,328,91.28000000000002,0.8980150581793293,6.6814024390243905,1829.64
CUST_05874,260,5,643.4,3,2,2,322,Need Attention,2023-09-03,2024-04-16,226,128.68,0.6187542778918549,8.080752212389381,3119.49
CUST_05875,290,10,640.83,3,4,2,342,Loyal Customers,2022-08-30,2024-03-17,565,64.083,1.5468856947296372,6.464601769911504,1242.81
CUST_05876,271,16,3165.12,3,4,4,344,Loyal Customers,2022-06-01,2024-04-05,674,197.82,1.8453114305270362,8.670623145400594,5145.67
CUST_05877,627,4,299.62,1,2,1,121,Hibernating,2022-10-23,2023-04-15,174,74.905,0.47638603696098564,8.39655172413793,1886.83
CUST_05878,832,4,871.93,1,2,2,122,Hibernating,2022-04-14,2022-09-22,161,217.9825,0.4407939767282683,9.074534161490684,5934.27
CUST_05879,21,10,1257.29,5,4,3,543,Loyal Customers,2023-12-15,2024-12-11,362,125.729,0.9911019849418207,10.089779005524862,3805.73
CUST_05880,465,3,76.53,2,1,1,211,Hibernating,2023-01-20,2023-09-24,247,25.51,0.676249144421629,4.436234817813766,339.51
CUST_05881,189,11,1681.5,3,4,3,343,Loyal Customers,2023-06-10,2024-06-26,382,152.86363636363637,1.0458590006844628,10.517670157068062,4823.31
CUST_05882,262,40,7612.08,3,5,5,355,Loyal Customers,2022-04-16,2024-04-14,729,190.302,1.995893223819302,20.041152263374485,11441.61
CUST_05883,580,6,754.85,1,2,2,122,Hibernating,2022-07-24,2023-06-01,312,125.80833333333334,0.8542094455852156,7.024038461538462,2651.05
CUST_05884,490,1,203.09,2,1,1,211,Hibernating,2023-08-30,2023-08-30,0,203.09,0.08213552361396304,12.175,7417.86
CUST_05885,493,8,660.95,2,3,2,232,At Risk,2022-06-16,2023-08-27,437,82.61875,1.1964407939767283,6.68649885583524,1657.29
CUST_05886,121,5,635.59,4,2,2,422,Potential Loyalists,2024-01-16,2024-09-02,230,127.11800000000001,0.6297056810403833,7.940217391304349,3028.03
CUST_05887,611,3,191.77999999999997,1,1,1,111,Hibernating,2022-09-17,2023-05-01,226,63.926666666666655,0.6187542778918549,4.8484513274336285,929.84
CUST_05888,182,12,2816.84,4,4,4,444,Champions,2023-03-04,2024-07-03,487,234.73666666666668,1.3333333333333333,9.0,6337.89
CUST_05889,306,16,2547.34,3,4,4,344,Loyal Customers,2022-04-09,2024-03-01,692,159.20875,1.894592744695414,8.445086705202312,4033.6
CUST_05890,745,1,59.88,1,1,1,111,Hibernating,2022-12-18,2022-12-18,0,59.88,0.08213552361396304,12.175,2187.12
CUST_05891,210,4,385.07000000000005,3,2,1,321,Need Attention,2023-11-29,2024-06-05,189,96.26750000000001,0.5174537987679672,7.73015873015873,2232.49
CUST_05892,169,12,2372.74,4,4,4,444,Champions,2023-04-10,2024-07-16,463,197.72833333333332,1.267624914442163,9.466522678185745,5615.4
CUST_05893,66,16,2255.58,4,4,4,444,Champions,2023-12-07,2024-10-27,325,140.97375,0.8898015058179329,17.981538461538463,7604.77
CUST_05894,255,8,1289.56,3,3,3,333,Need Attention,2023-08-19,2024-04-21,246,161.195,0.6735112936344969,11.878048780487806,5744.05
CUST_05895,673,5,312.55,1,2,1,121,Hibernating,2022-06-23,2023-02-28,250,62.510000000000005,0.6844626967830253,7.305000000000001,1369.91
CUST_05896,81,16,2730.47,4,4,4,444,Champions,2022-12-07,2024-10-12,675,170.654375,1.8480492813141685,8.657777777777778,4432.46
CUST_05897,688,19,4503.360000000001,1,5,5,155,Cannot Lose Them,2022-04-11,2023-02-13,308,237.0189473684211,0.8432580424366872,22.531655844155843,16021.29
CUST_05898,326,13,1894.92,3,4,4,344,Loyal Customers,2022-12-02,2024-02-10,435,145.76307692307694,1.1909650924024642,10.915517241379309,4773.24
CUST_05899,194,18,4326.18,3,5,5,355,Loyal Customers,2023-08-10,2024-06-21,316,240.34333333333336,0.865160848733744,20.805379746835442,15001.3
CUST_05900,342,11,1286.09,2,4,3,243,Loyal Customers,2022-11-04,2024-01-25,447,116.91727272727272,1.2238193018480492,8.988255033557047,3152.65
CUST_05901,874,2,93.61000000000001,1,1,1,111,Hibernating,2022-06-07,2022-08-11,65,46.80500000000001,0.17796030116358658,11.23846153846154,1578.05
CUST_05902,704,11,2334.62,1,4,4,144,Cannot Lose Them,2022-03-18,2023-01-28,316,212.2381818181818,0.865160848733744,12.714398734177216,8095.44
CUST_05903,297,4,658.1999999999999,3,2,2,322,Need Attention,2023-07-26,2024-03-10,228,164.54999999999998,0.6242299794661191,6.407894736842105,3163.26
CUST_05904,99,2,78.82,4,1,1,411,New Customers,2024-04-09,2024-09-24,168,39.41,0.459958932238193,4.348214285714286,514.09
CUST_05905,624,2,351.78,1,1,1,111,Hibernating,2022-10-25,2023-04-18,175,175.89,0.4791238877481177,4.174285714285714,2202.65
CUST_05906,296,19,3145.8,3,5,4,354,Loyal Customers,2022-05-03,2024-03-11,678,165.56842105263158,1.8562628336755647,10.235619469026549,5084.09
CUST_05907,26,7,1144.73,5,3,3,533,Potential Loyalists,2023-11-22,2024-12-06,380,163.53285714285715,1.0403832991101984,6.728289473684211,3300.89
CUST_05908,586,7,851.13,1,3,2,132,At Risk,2022-06-21,2023-05-26,339,121.59,0.9281314168377823,7.542035398230088,2751.11
CUST_05909,379,11,1905.3,2,4,4,244,Cannot Lose Them,2022-10-20,2023-12-19,425,173.20909090909092,1.163586584531143,9.453529411764706,4912.31
CUST_05910,510,16,2719.77,2,4,4,244,Cannot Lose Them,2022-02-13,2023-08-10,543,169.985625,1.486652977412731,10.762430939226519,5488.38
CUST_05911,504,8,1046.85,2,3,3,233,At Risk,2022-06-18,2023-08-16,424,130.85625,1.160848733744011,6.891509433962264,2705.39
CUST_05912,232,13,1537.41,3,4,3,343,Loyal Customers,2022-12-22,2024-05-14,509,118.2623076923077,1.3935660506502396,9.328585461689586,3309.66
CUST_05913,583,1,102.55,1,1,1,111,Hibernating,2023-05-29,2023-05-29,0,102.55,0.08213552361396304,12.175,3745.64
CUST_05914,675,2,295.28,1,1,1,111,Hibernating,2022-11-06,2023-02-26,112,147.64,0.3066392881587953,6.522321428571429,2888.87
CUST_05915,353,15,4312.29,2,4,5,245,Cannot Lose Them,2023-04-14,2024-01-14,275,287.486,0.7529089664613279,19.922727272727272,17182.52
CUST_05916,163,3,333.11,4,1,1,411,New Customers,2023-12-30,2024-07-22,205,111.03666666666668,0.5612594113620808,5.345121951219512,1780.51
CUST_05917,652,1,186.07,1,1,1,111,Hibernating,2023-03-21,2023-03-21,0,186.07,0.08213552361396304,12.175,6796.21
CUST_05918,671,3,61.370000000000005,1,1,1,111,Hibernating,2022-08-07,2023-03-02,207,20.456666666666667,0.5667351129363449,5.293478260869565,324.86
CUST_05919,28,13,1737.01,5,4,3,543,Loyal Customers,2023-09-04,2024-12-04,457,133.61615384615385,1.2511978097193703,10.390043763676148,4164.83
CUST_05920,575,1,34.57,1,1,1,111,Hibernating,2023-06-06,2023-06-06,0,34.57,0.08213552361396304,12.175,1262.67
CUST_05921,289,15,2116.56,3,4,4,344,Loyal Customers,2022-06-07,2024-03-18,650,141.10399999999998,1.7796030116358659,8.428846153846154,3568.03
CUST_05922,26,17,3275.64,5,4,4,544,Champions,2023-02-11,2024-12-06,664,192.68470588235294,1.8179329226557153,9.351280120481928,5405.55
CUST_05923,647,6,1124.04,1,2,3,123,Hibernating,2022-05-05,2023-03-26,325,187.34,0.8898015058179329,6.743076923076923,3789.74
CUST_05924,50,12,2616.5299999999997,4,4,4,444,Champions,2023-08-16,2024-11-12,454,218.04416666666665,1.242984257357974,9.654185022026432,6315.12
CUST_05925,273,15,1416.06,3,4,3,343,Loyal Customers,2023-01-29,2024-04-03,430,94.404,1.1772758384668036,12.741279069767442,3608.48
CUST_05926,324,1,23.55,3,1,1,311,Need Attention,2024-02-12,2024-02-12,0,23.55,0.08213552361396304,12.175,860.16
CUST_05927,65,4,615.16,4,2,2,422,Potential Loyalists,2024-03-29,2024-10-28,213,153.79,0.5831622176591376,6.859154929577465,3164.61
CUST_05928,479,8,787.73,2,3,2,232,At Risk,2022-11-23,2023-09-10,291,98.46625,0.7967145790554415,10.041237113402062,2966.17
CUST_05929,834,4,313.18,1,2,1,121,Hibernating,2022-04-07,2022-09-20,166,78.295,0.4544832306639288,8.801204819277109,2067.27
CUST_05930,149,39,11561.13,4,5,5,455,Champions,2022-08-24,2024-08-05,712,296.43923076923073,1.949349760438056,20.006671348314608,17792.29
CUST_05931,610,11,1941.55,1,4,4,144,Cannot Lose Them,2022-02-13,2023-05-02,443,176.50454545454545,1.212867898699521,9.06941309255079,4802.38
CUST_05932,219,38,8755.89,3,5,5,355,Loyal Customers,2022-08-04,2024-05-27,662,230.41815789473682,1.8124572210814511,20.966012084592144,14492.85
CUST_05933,27,8,785.01,5,3,2,532,Potential Loyalists,2024-01-30,2024-12-05,310,98.12625,0.8487337440109514,9.425806451612903,2774.76
CUST_05934,461,8,1402.0800000000002,2,3,3,233,At Risk,2022-12-07,2023-09-28,295,175.26000000000002,0.8076659822039699,9.905084745762712,5207.9
CUST_05935,901,1,42.93,1,1,1,111,Hibernating,2022-07-15,2022-07-15,0,42.93,0.08213552361396304,12.175,1568.02
CUST_05936,263,35,5654.75,3,5,5,355,Loyal Customers,2022-08-15,2024-04-13,607,161.56428571428572,1.6618754277891854,21.060543657331138,10207.9
CUST_05937,68,26,5114.25,4,5,5,455,Champions,2023-07-14,2024-10-25,469,196.70192307692307,1.2840520191649556,20.248400852878465,11948.7
CUST_05938,653,2,127.92,1,1,1,111,Hibernating,2022-11-12,2023-03-20,128,63.96,0.35044490075290896,5.70703125,1095.07
CUST_05939,122,16,1950.92,4,4,4,444,Champions,2022-12-28,2024-09-01,613,121.9325,1.678302532511978,9.533442088091354,3487.31
CUST_05940,416,6,499.57,2,2,2,222,Hibernating,2023-01-16,2023-11-12,300,83.26166666666667,0.8213552361396304,7.305000000000001,1824.68
CUST_05941,45,11,1664.54,4,4,3,443,Loyal Customers,2023-09-03,2024-11-17,441,151.32181818181817,1.2073921971252566,9.110544217687076,4135.87
CUST_05942,227,2,218.66,3,1,1,311,Need Attention,2024-01-30,2024-05-19,110,109.33,0.30116358658453113,6.6409090909090915,2178.15
CUST_05943,308,2,155.01,3,1,1,311,Need Attention,2023-12-26,2024-02-28,64,77.505,0.17522245037645448,11.4140625,2653.94
CUST_05944,108,12,2347.48,4,4,4,444,Champions,2023-08-15,2024-09-15,397,195.62333333333333,1.0869267624914443,11.040302267002518,6479.22
CUST_05945,506,4,833.1800000000001,2,2,2,222,Hibernating,2023-03-09,2023-08-14,158,208.29500000000002,0.432580424366872,9.246835443037975,5778.21
CUST_05946,3,32,6683.78,5,5,5,555,Champions,2023-05-10,2024-12-29,599,208.868125,1.6399726214921286,19.512520868113523,12226.63
CUST_05947,688,7,947.9,1,3,2,132,At Risk,2022-04-09,2023-02-13,310,135.4142857142857,0.8487337440109514,8.24758064516129,3350.52
CUST_05948,498,15,2925.4,2,4,4,244,Cannot Lose Them,2022-11-30,2023-08-22,265,195.02666666666667,0.7255304585900069,20.67452830188679,12096.25
CUST_05949,73,7,992.94,4,3,3,433,Potential Loyalists,2023-11-11,2024-10-20,344,141.84857142857143,0.9418206707734429,7.432412790697674,3162.83
CUST_05950,396,5,333.99,2,2,1,221,Hibernating,2023-03-19,2023-12-02,258,66.798,0.7063655030800822,7.078488372093023,1418.49
CUST_05951,285,22,5151.01,3,5,5,355,Loyal Customers,2023-04-05,2024-03-22,352,234.1368181818182,0.9637234770704997,22.828125,16034.71
CUST_05952,180,13,2057.22,4,4,4,444,Champions,2023-04-10,2024-07-05,452,158.2476923076923,1.2375085557837098,10.504977876106194,4987.17
CUST_05953,338,1,26.93,3,1,1,311,Need Attention,2024-01-29,2024-01-29,0,26.93,0.08213552361396304,12.175,983.62
CUST_05954,1,13,1863.24,5,4,4,544,Champions,2023-05-10,2024-12-31,601,143.32615384615386,1.6454483230663928,7.900582362728786,3397.08
CUST_05955,658,8,768.19,1,3,2,132,At Risk,2022-07-20,2023-03-15,238,96.02375,0.6516084873374401,12.277310924369747,3536.74
CUST_05956,631,20,4394.45,1,5,5,155,Cannot Lose Them,2022-06-16,2023-04-11,299,219.7225,0.8186173853524983,24.431438127090303,16104.41
CUST_05957,50,5,594.95,4,2,2,422,Potential Loyalists,2024-01-26,2024-11-12,291,118.99000000000001,0.7967145790554415,6.275773195876289,2240.26
CUST_05958,561,16,3411.44,1,4,5,145,Cannot Lose Them,2022-09-29,2023-06-20,264,213.215,0.7227926078028748,22.136363636363633,14159.41
CUST_05959,703,19,3452.59,1,5,5,155,Cannot Lose Them,2022-03-01,2023-01-29,334,181.71526315789475,0.9144421629021219,20.777694610778443,11326.87
CUST_05960,418,8,536.73,2,3,2,232,At Risk,2023-02-04,2023-11-10,279,67.09125,0.7638603696098563,10.473118279569892,2107.96
CUST_05961,386,8,1257.79,2,3,3,233,At Risk,2023-04-24,2023-12-12,232,157.22375,0.6351813826146475,12.594827586206897,5940.62
CUST_05962,269,19,3081.54,3,5,4,354,Loyal Customers,2022-06-03,2024-04-07,674,162.1863157894737,1.8453114305270362,10.296364985163205,5009.79
CUST_05963,19,15,2214.49,5,4,4,544,Champions,2023-07-27,2024-12-13,505,147.63266666666667,1.3826146475017111,10.849009900990099,4805.0
CUST_05964,417,9,1649.69,2,3,3,233,At Risk,2023-01-13,2023-11-11,302,183.29888888888888,0.8268309377138946,10.884933774834437,5985.59
CUST_05965,522,4,681.1199999999999,1,2,2,122,Hibernating,2023-03-18,2023-07-29,133,170.27999999999997,0.36413415468856947,10.984962406015038,5611.56
CUST_05966,815,3,364.6,1,1,1,111,Hibernating,2022-04-08,2022-10-09,184,121.53333333333335,0.5037645448323066,5.955163043478262,2171.25
CUST_05967,431,14,2601.31,2,4,4,244,Cannot Lose Them,2022-03-03,2023-10-28,604,185.80785714285713,1.6536618754277892,8.466059602649006,4719.18
CUST_05968,21,24,6059.13,5,5,5,555,Champions,2023-09-21,2024-12-11,447,252.46375,1.2238193018480492,19.610738255033556,14853.0
CUST_05969,547,8,1601.49,1,3,3,133,At Risk,2022-09-02,2023-07-04,305,200.18625,0.8350444900752909,9.580327868852459,5753.55
CUST_05970,215,1,271.17,3,1,1,311,Need Attention,2024-05-31,2024-05-31,0,271.17,0.08213552361396304,12.175,9904.48
CUST_05971,62,4,960.07,4,2,2,422,Potential Loyalists,2024-03-21,2024-10-31,224,240.0175,0.6132785763175906,6.522321428571429,4696.41
CUST_05972,47,9,1717.1000000000001,4,3,3,433,Potential Loyalists,2024-01-13,2024-11-15,307,190.7888888888889,0.840520191649555,10.707654723127037,6128.7
CUST_05973,85,5,319.49,4,2,1,421,Potential Loyalists,2023-12-17,2024-10-08,296,63.898,0.810403832991102,6.169763513513514,1182.71
CUST_05974,535,6,847.89,1,2,2,122,Hibernating,2022-10-03,2023-07-16,286,141.315,0.783025325119781,7.6625874125874125,3248.52
CUST_05975,419,3,217.42,2,1,1,211,Hibernating,2023-01-16,2023-11-09,297,72.47333333333333,0.813141683778234,3.6893939393939394,802.15
CUST_05976,593,3,429.33,1,1,2,112,Hibernating,2022-10-23,2023-05-19,208,143.10999999999999,0.5694729637234771,5.268028846153846,2261.72
CUST_05977,486,2,76.95,2,1,1,211,Hibernating,2023-05-10,2023-09-03,116,38.475,0.31759069130732376,6.297413793103448,726.88
CUST_05978,281,17,2807.61,3,4,4,344,Loyal Customers,2022-07-05,2024-03-26,630,165.1535294117647,1.7248459958932238,9.855952380952381,4883.24
CUST_05979,333,9,930.89,3,3,2,332,Need Attention,2022-07-29,2024-02-03,554,103.43222222222222,1.516769336071184,5.933664259927798,1841.2
CUST_05980,20,19,4042.15,5,5,5,555,Champions,2023-12-02,2024-12-12,376,212.74473684210525,1.0294318959616702,18.456781914893615,11779.75
CUST_05981,106,3,411.48,4,1,2,412,New Customers,2023-11-06,2024-09-17,316,137.16,0.865160848733744,3.4675632911392404,1426.83
CUST_05982,574,7,1103.38,1,3,3,133,At Risk,2022-04-28,2023-06-07,405,157.6257142857143,1.108829568788501,6.312962962962963,2985.26
CUST_05983,332,16,2775.29,3,4,4,344,Loyal Customers,2022-06-20,2024-02-04,594,173.455625,1.626283367556468,9.83838383838384,5119.57
CUST_05984,186,18,3121.13,4,5,4,454,Champions,2022-10-19,2024-06-29,619,173.3961111111111,1.6947296372347707,10.621163166397416,5525.01
CUST_05985,381,15,2735.24,2,4,4,244,Cannot Lose Them,2023-04-17,2023-12-17,244,182.3493333333333,0.6680355920602327,22.453893442622952,12283.36
CUST_05986,145,21,3532.23,4,5,5,455,Champions,2023-06-25,2024-08-09,411,168.20142857142858,1.1252566735112937,18.662408759124087,9417.13
CUST_05987,527,31,6356.21,1,5,5,155,Cannot Lose Them,2022-03-18,2023-07-24,493,205.0390322580645,1.3497604380561259,22.967038539553755,14127.42
CUST_05988,66,5,795.88,4,2,2,422,Potential Loyalists,2023-12-31,2024-10-27,301,159.176,0.8240930869267625,6.0672757475083055,2897.29
CUST_05989,622,1,20.34,1,1,1,111,Hibernating,2023-04-20,2023-04-20,0,20.34,0.08213552361396304,12.175,742.92
CUST_05990,121,28,6511.98,4,5,5,455,Champions,2023-03-28,2024-09-02,524,232.57071428571427,1.434633812457221,19.517175572519083,13617.37
CUST_05991,102,4,476.97,4,2,2,422,Potential Loyalists,2024-01-30,2024-09-21,235,119.2425,0.6433949349760438,6.217021276595744,2224.0
CUST_05992,630,2,38.8,1,1,1,111,Hibernating,2023-02-02,2023-04-12,69,19.4,0.188911704312115,10.58695652173913,616.16
CUST_05993,151,39,8520.710000000001,4,5,5,455,Champions,2022-12-01,2024-08-03,611,218.4797435897436,1.672826830937714,23.31382978723404,15280.8
CUST_05994,172,33,4839.93,4,5,5,455,Champions,2022-09-29,2024-07-13,653,146.66454545454548,1.787816563997262,18.458269525267994,8121.52
CUST_05995,14,11,1896.26,5,4,4,544,Champions,2023-10-21,2024-12-18,424,172.38727272727272,1.160848733744011,9.475825471698112,4900.54
CUST_05996,119,11,1985.44,4,4,4,444,Champions,2023-07-06,2024-09-04,426,180.49454545454546,1.1663244353182751,9.431338028169014,5106.92
CUST_05997,263,20,3407.6,3,5,5,355,Loyal Customers,2022-02-11,2024-04-13,792,170.38,2.1683778234086244,9.223484848484848,4714.49
CUST_05998,21,16,2661.7599999999998,5,4,4,544,Champions,2024-02-16,2024-12-11,299,166.35999999999999,0.8186173853524983,19.54515050167224,9754.59
CUST_05999,508,20,2635.5,2,5,4,254,Cannot Lose Them,2022-09-20,2023-08-12,326,131.775,0.892539356605065,22.4079754601227,8858.43
CUST_06000,798,2,290.89,1,1,1,111,Hibernating,2022-08-17,2022-10-26,70,145.445,0.19164955509924708,10.435714285714287,4553.47
